t,S(t),C(t),A_spiral(t),E(t),L(t),cpu_step(t),effort(t),A_mean(t),f_mean(t),variance_d2S,fluidity,entropy_S,mean_abs_error,mean_high_effort,d_effort_dt,t_retour,max_median_ratio,continuous_resilience,adaptive_resilience,effort_status,En_mean(t),On_mean(t),gamma,gamma_mean(t),In_mean(t),An_mean(t),fn_mean(t)
0,-0.000001,0.991674,0,0.001002,0,0.000034,0,0.000457,1.339942,0,1,0.100000,0.493788,0,0,0,1,1,1,stable,0.493788,-0.000000,0.100000,0.100000,0.100000,0.000457,1.339942
0.100000,0.000471,0.992522,0,0.001655,0,0.000025,2.932434,0.000765,1.342872,0,1,0.100000,0.469016,2.932434,0,0,1,1,1,stable,0.469099,0.000083,0.223947,0.223947,0.120927,0.000765,1.342872
0.200000,0.001224,0.992728,-0.000000,0.002585,0,0.000024,1.151242,0.001220,1.345525,0,1,0.100000,0.445372,1.151242,29.324339,0,1,1,1,stable,0.445651,0.000279,0.274028,0.274028,0.141753,0.001220,1.345525
0.300000,0.001892,0.992063,-0.000004,0.003854,0,0.000022,1.651999,0.001871,1.347639,0,1,0.100000,0.422750,1.651999,-17.811916,0,1,1,1,stable,0.423391,0.000641,0.372213,0.372213,0.162379,0.001871,1.347639
0.400000,0.001972,0.990669,-0.000015,0.005554,0,0.000022,2.352263,0.002787,1.348999,0.000053,0.993307,0.100000,0.401038,2.352263,5.007572,0,1,1,1,stable,0.402273,0.001234,0.598289,0.598289,0.182707,0.002787,1.348999
0.500000,0.001574,0.989045,-0.000038,0.007858,0,0.000052,1.181453,0.004080,1.349468,0.000381,0.993307,0.100000,0.380977,1.181453,7.002631,0,1,1,1,stable,0.382259,0.001283,0.669670,0.669670,0.202643,0.004080,1.349468
0.600000,0.001256,0.987842,-0.000091,0.010238,0,0.000044,0.991643,0.005564,1.348999,0.000504,0.993307,0.100000,0.362249,0.991643,-11.708092,0,1,1,1,stable,0.363250,0.001001,0.704645,0.704645,0.222096,0.005564,1.348999
0.700000,0.001044,0.987566,-0.000111,0.012382,0,0.000043,1.494960,0.007199,1.347639,0.000442,0.993307,0.100000,0.344559,1.494960,-1.898104,0,1,1,1,stable,0.345168,0.000609,0.814087,0.814087,0.240981,0.007199,1.347639
0.800000,-0.000284,0.988351,-0.000052,0.014379,3,0.000046,1.636261,0.009131,1.345526,0.000424,0.993307,0.100000,0.328792,1.636261,5.033173,0,1,1,1,stable,0.327959,-0.000832,0.938451,0.938451,0.259218,0.009131,1.345526
0.900000,-0.004251,0.989907,0.000094,0.016249,3,0.000046,1.251610,0.011228,1.342872,0.000625,0.993307,0.100000,0.316269,1.251610,1.413011,0,1,1,1,stable,0.311494,-0.004775,1,1,0.276734,0.011228,1.342872
1,-0.007834,0.991674,0.000245,0.017594,1,0.000047,28.942040,0.012988,1.339944,0.003601,0.993306,0.658463,0.296738,2.642348,-3.846517,0,3.428137,1,1,transitoire,0.295533,-0.001205,0.150359,0.150359,0.293459,0.012988,1.339944
1.100000,-0.012135,0.993071,0.000179,0.025309,0,0.000051,2.121030,0.018818,1.337025,0.002703,0.993307,0.642909,0.282240,11.408912,276.904303,0,6.235692,1,1,transitoire,0.280659,-0.001581,0.135189,0.135189,0.309334,0.018818,1.337025
1.200000,-0.007853,0.993711,0.000004,0.029961,3,0.000064,3.852651,0.023506,1.334404,0.002269,0.993307,0.599122,0.268885,11.408912,-268.210099,0,8.575636,1,1,transitoire,0.266498,-0.002387,0.313750,0.313750,0.324303,0.023506,1.334404
1.300000,-0.002847,0.993500,0.000028,0.035057,3,0.000052,2.131980,0.028926,1.332334,0.031225,0.993301,0.413632,0.253243,11.909042,17.316214,0,7.710461,1,1,transitoire,0.252980,-0.000263,0.411446,0.411446,0.338318,0.028926,1.332334
1.400000,-0.004144,0.992622,0.000226,0.043701,3,0.000053,2.455498,0.036846,1.331011,0.022338,0.993303,0.338752,0.241133,11.909042,-17.206716,0,7.002222,1,1,transitoire,0.240310,-0.000823,0.567646,0.567646,0.351335,0.036846,1.331011
1.500000,-0.019272,0.991442,0.000562,0.050642,3,0.000050,1.395002,0.043846,1.330558,0.030268,0.993301,0.374463,0.237266,11.909042,3.235185,0,6.413146,1,1,chronique,0.228228,-0.009038,0.644321,0.644321,0.363320,0.043846,1.330558
1.600000,-0.015274,0.990387,0.000664,0.052205,3,0.000044,1.516467,0.046419,1.330993,0.103790,0.993287,0.692814,0.218946,9.545656,-10.604967,0,9.974720,1,1,chronique,0.216085,-0.002861,0.599918,0.599918,0.374240,0.046419,1.330993
1.700000,0.008717,0.989817,-0.000346,0.064676,1,0.000045,2.200994,0.058533,1.332296,0.121784,0.993284,0.613101,0.183178,9.545656,1.214651,0,9.773387,1,1,transitoire,0.205049,0.021871,0.781408,0.781408,0.384069,0.058533,1.332296
1.800000,0.024562,0.989924,-0.000998,0.091915,1,0.000045,2.556304,0.084137,1.334312,0.265916,0.993256,0.704516,0.131898,9.545656,6.845276,0,7.998976,1,1,transitoire,0.196566,0.065054,0.983451,0.983451,0.392784,0.084137,1.334312
1.900000,0.000757,0.990647,-0.001531,0.134240,1,0.000044,1.631097,0.123517,1.336847,0.197926,0.993269,0.762856,0.140164,9.570857,3.553100,0,8.628387,1,1,chronique,0.192001,0.051837,0.978072,0.978072,0.400369,0.123517,1.336847
2,-0.009691,0.991674,-0.001690,0.126826,4,0.000046,45.775117,0.114563,1.339705,0.630796,0.993186,0.756013,0.184152,9.570857,-9.252072,0,10.194916,0.694183,1,transitoire,0.186594,0.002443,0.100000,0.100000,0.406809,0.114563,1.339705
2.100000,-0.016326,0.992522,-0.001350,0.094290,3,0.000050,5.036437,0.093002,1.342870,0.402043,0.993230,0.745909,0.178165,16.811709,441.440202,0,8.628387,0.694287,0.985437,transitoire,0.177462,-0.000702,0.223849,0.223849,0.412092,0.093002,1.342870
2.200000,-0.027587,0.992728,0.000084,0.101602,4,0.000049,3.195095,0.101249,1.345539,0.375721,0.993235,0.713112,0.172381,17.307736,-407.386801,0,7.027077,0.694483,0.972203,transitoire,0.168532,-0.003849,0.462447,0.462447,0.416209,0.101249,1.345539
2.300000,-0.039271,0.992063,0.000209,0.115499,2,0.000069,2.564737,0.112577,1.347673,0.353866,0.993240,0.755420,0.167180,17.360268,-18.413425,0,6.656942,0.694812,0.960128,transitoire,0.159794,-0.007385,0.348939,0.348939,0.419154,0.112577,1.347673
2.400000,-0.007538,0.990669,0.000445,0.120809,4,0.000051,2.627564,0.118218,1.348971,0.338212,0.993243,0.736788,0.139420,17.360268,-6.303580,0,9.356165,0.695256,0.949074,transitoire,0.151207,0.011787,0.471146,0.471146,0.420923,0.118218,1.348971
2.500000,-0.014832,0.989045,-0.000484,0.150186,1,0.000049,2.089151,0.144774,1.349499,0.709114,0.993171,0.726797,0.092163,17.360268,0.628279,0,9.238801,0.695249,0.938921,transitoire,0.144600,0.052437,0.606206,0.606206,0.421513,0.144774,1.349499
2.600000,-0.007849,0.987842,-0.000076,0.187406,4,0.000046,1.730143,0.179332,1.349224,0.573225,0.993197,0.770834,0.096207,14.955629,-5.384129,0,6.662785,0.695252,0.929549,chronique,0.141613,0.045405,0.715131,0.715131,0.420923,0.179332,1.349224
2.700000,-0.097241,0.987566,0.001048,0.188101,4,0.000045,1.149765,0.178278,1.347812,0.417120,0.993227,0.782790,0.195083,14.955629,-3.590089,0,5.210080,0.695104,0.920871,chronique,0.138205,-0.056878,0.826189,0.826189,0.419154,0.178278,1.347812
2.800000,-0.057662,0.988351,0.000568,0.116110,4,0.000043,4.060771,0.105098,1.345327,2.012622,0.992914,0.882611,0.176743,14.955629,-5.803778,0,12.652169,0.695913,0.912808,transitoire,0.126694,-0.050050,0.900047,0.900047,0.416209,0.105098,1.345327
2.900000,-0.034155,0.989907,-0.003216,0.115979,4,0.000043,2.968349,0.113659,1.342892,2.604477,0.992794,0.810214,0.126344,15.143685,29.110062,0,12.412877,0.696309,0.905329,transitoire,0.116310,-0.010034,1,1,0.412092,0.113659,1.342892
3,-0.066206,0.991674,0.000210,0.156954,4,0.000106,46.232281,0.146090,1.340170,1.300122,0.993056,0.769227,0.105046,15.143685,-10.924219,0,12.400734,0.696512,0.898362,transitoire,0.109683,0.004636,0.100000,0.100000,0.406809,0.146090,1.340170
3.100000,-0.096692,0.993071,0.002026,0.173645,2,0.000107,3.191460,0.171038,1.337082,1.639303,0.992988,0.794399,0.106487,19.584913,432.639324,0,12.388614,0.697051,0.891850,transitoire,0.104574,-0.001913,0.158442,0.158442,0.400369,0.171038,1.337082
3.200000,-0.103012,0.993711,0.000502,0.168222,4,0.000107,0.923087,0.166288,1.334398,1.405651,0.993035,0.772522,0.104105,19.584913,-430.408217,0,12.385656,0.697847,0.885763,chronique,0.099190,-0.004915,0.181488,0.181488,0.392784,0.166288,1.334398
3.300000,-0.092870,0.993500,0.000118,0.170688,1,0.000107,2.359121,0.168085,1.332206,1.426141,0.993031,0.722874,0.092321,19.584913,-22.683724,0,13.117488,0.698650,0.880068,transitoire,0.093833,0.001512,0.306962,0.306962,0.384069,0.168085,1.332206
3.400000,-0.092558,0.992622,-0.000779,0.178747,4,0.000109,2.140586,0.173975,1.330754,1.454614,0.993025,0.678532,0.065031,19.584913,14.360339,0,12.433362,0.699321,0.874733,transitoire,0.089264,0.024233,0.456962,0.456962,0.374240,0.173975,1.330754
3.500000,-0.003176,0.991442,-0.001535,0.190754,4,0.000113,1.713107,0.183507,1.330323,1.384025,0.993039,0.648888,0.072044,19.584913,-2.185355,0,11.817057,0.699953,0.869721,chronique,0.086761,0.014717,0.628007,0.628007,0.363320,0.183507,1.330323
3.600000,-0.101184,0.990387,-0.000980,0.189281,3,0.000113,0.569438,0.184758,1.330915,2.414028,0.992833,0.635817,0.117339,17.535732,-4.274790,0,12.433362,0.699795,0.865005,chronique,0.083613,-0.022241,0.636703,0.636703,0.351335,0.184758,1.330915
3.700000,-0.059543,0.989817,-0.000339,0.160034,4,0.000111,2.785862,0.151397,1.332375,5.030694,0.992281,0.672320,0.097060,17.535732,-11.436683,0,11.817057,0.700419,0.860540,transitoire,0.077633,0.010992,0.805991,0.805991,0.338318,0.151397,1.332375
3.800000,-0.067281,0.989924,0.000010,0.177175,4,0.000110,1.183150,0.167286,1.334841,3.128239,0.992686,0.627033,0.095722,17.535732,22.164235,0,11.192233,0.700667,0.856326,chronique,0.074641,0.043243,0.846824,0.846824,0.324303,0.167286,1.334841
3.900000,-0.063008,0.990647,0.002690,0.179348,1,0.000113,1.386030,0.172091,1.337523,1.910982,0.992934,0.602017,0.105988,17.535732,-16.027119,0,10.630166,0.700965,0.852335,chronique,0.074407,0.017225,1,1,0.309334,0.172091,1.337523
4,-0.124394,0.991674,0.003522,0.175331,3,0.000112,45.966045,0.163980,1.340189,1.749875,0.992966,0.584050,0.071971,17.535732,2.028798,0,9.439456,0.701233,0.848551,transitoire,0.072080,0.000109,0.100000,0.100000,0.293459,0.163980,1.340189
4.100000,-0.041994,0.992522,-0.000464,0.177077,3,0.000114,3.139851,0.172372,1.342814,2.258628,0.992864,0.623204,0.057298,20.694655,445.800155,0,10.250596,0.701953,0.844958,transitoire,0.068485,0.011188,0.190023,0.190023,0.276734,0.172372,1.342814
4.200000,-0.037957,0.992728,-0.000566,0.180498,4,0.000116,0.862506,0.175154,1.345501,3.665413,0.992574,0.602433,0.043689,20.694655,-428.261943,0,9.225532,0.702056,0.841553,chronique,0.065966,0.022277,0.222900,0.222900,0.259218,0.175154,1.345501
4.300000,-0.022820,0.992063,-0.000351,0.179731,4,0.000148,0.757834,0.174446,1.347756,2.397031,0.992836,0.595055,0.062562,20.694655,-22.773449,0,8.386845,0.702127,0.838309,chronique,0.064470,0.001908,0.251463,0.251463,0.240981,0.174446,1.347756
4.400000,-0.093915,0.990669,0.000784,0.166846,4,0.000106,2.471339,0.162752,1.349053,2.042888,0.992908,0.577501,0.095524,20.694655,-1.046718,0,8.263758,0.702089,0.835214,transitoire,0.061401,-0.032327,0.434648,0.434648,0.222096,0.162752,1.349053
4.500000,-0.075889,0.989045,0.000350,0.146709,4,0.000109,2.118302,0.143909,1.349390,2.962001,0.992720,0.592034,0.097293,20.694655,17.135049,0,8.144231,0.702509,0.832255,transitoire,0.055716,-0.029586,0.614317,0.614317,0.202643,0.143909,1.349390
4.600000,-0.067937,0.987842,-0.000670,0.145902,4,0.000105,1.472503,0.141444,1.348949,2.791600,0.992755,0.582123,0.091165,18.939175,-3.530374,0,7.873142,0.702752,0.829435,chronique,0.050536,0.002647,0.718899,0.718899,0.182707,0.141444,1.348949
4.700000,-0.041418,0.987566,-0.000025,0.145012,1,0.000102,0.691779,0.141365,1.347680,2.362331,0.992843,0.578193,0.068320,18.939175,-6.457984,0,7.619518,0.702892,0.826739,chronique,0.048224,-0.000952,0.762306,0.762306,0.162379,0.141365,1.347680
4.800000,-0.094371,0.988351,0.001144,0.142261,4,0.000102,1.185700,0.139224,1.345327,2.369160,0.992842,0.572043,0.122696,18.939175,-7.807242,0,6.988938,0.702851,0.824159,chronique,0.045735,0.007165,0.916564,0.916564,0.141753,0.139224,1.345327
4.900000,-0.039513,0.989907,-0.000994,0.120013,4,0.000102,1.325088,0.118035,1.342545,2.884182,0.992736,0.584677,0.072717,18.939175,4.939204,0,6.454752,0.703167,0.821683,chronique,0.044028,0.022643,1,1,0.120927,0.118035,1.342545
5,-0.000000,1,-0.002558,1,0,0.000794,7.579131,1,1,3.085887,0.992695,0.565996,0.043659,18.939175,1.393885,0,5.910660,0.703183,0.819313,transitoire,0.043659,-0.000000,1,1,0.100000,1,1
5.100000,-1.462800,1,-0.001175,1,0,0.000140,0,1,1,2.512945,0.992813,0.565997,0.546310,17.906444,62.540429,0,6.454752,0.703044,0.817036,chronique,0.041476,0.587785,1,1,0.079073,1,1
5.200000,-3.320858,1,0,1,0,0.000139,0,1,1,232.420628,0.162385,0.981063,0.864103,17.906444,-75.791310,0,69.506083,0.711707,0.814844,chronique,0.086954,0.951057,1,1,0.058247,1,1
5.300000,-3.134922,1,0,1,0,0.000132,0,1,1,219.563594,0.218702,0.940223,0.791510,17.906444,0,0,145.526255,0.731369,0.812898,chronique,0.159547,0.951057,1,1,0.037621,1,1
5.400000,-1.012654,1,0,1,0,0.000138,0,1,1,511.106573,0.000068,0.824237,0.359276,17.906444,0,0,140.174172,0.749635,0.811388,chronique,0.228510,0.587785,1,1,0.017293,1,1
5.500000,0.000000,1,0,1,0,0.000128,0,1,1,1064.438153,0.000000,0.752063,0.264636,17.906444,0,0,135.201797,0.755433,0.810265,stable,0.264636,0.000000,1,1,0.001000,1,1
5.600000,-2.014252,1,0,1,0,0.000128,0,1,1,821.430274,0.000000,0.752034,0.839189,16.661602,0,0,140.174172,0.755417,0.809286,stable,0.251404,-0.587785,1,1,0.001000,1,1
5.700000,-3.876476,1,0,1,0,0.000186,0,1,1,1814.820211,0.000000,0.821344,1.142339,16.661602,0,0,135.201797,0.766854,0.808341,stable,0.191282,-0.951057,1,1,0.001000,1,1
5.800000,-3.728416,1,0,1,0,0.000141,0,1,1,1459.610887,0.000000,0.789837,1.055834,16.661602,0,0,148.669185,0.788211,0.807626,stable,0.104778,-0.951057,1,1,0.001000,1,1
5.900000,-1.599921,1,0,1,0,0.000129,0,1,1,1724.921130,0.000000,0.714410,0.610383,16.661602,0,0,140.519313,0.807789,0.807297,stable,0.022598,-0.587785,1,1,0.001000,1,1
6,0.000000,1,0,1,0,0.000142,0,1,1,2257.705113,0.000000,0.662359,0.026084,16.661602,0,0,125.570539,0.815855,0.807305,stable,-0.026084,-0.000000,1,1,0.001000,1,1
6.100000,-1.604430,1,0,1,0,0.000134,0,1,1,2031.336252,0.000000,0.662499,0.612565,15.605513,0,0,140.519313,0.815841,0.807445,stable,-0.024779,0.587785,1,1,0.001000,1,1
6.200000,-3.467592,1,0,1,0,0.000136,0,1,1,2920.966663,0.000000,0.689191,0.927045,15.605513,0,0,125.570539,0.823689,0.807581,stable,0.024011,0.951057,1,1,0.001000,1,1
6.300000,-3.289448,1,0,1,0,0.000136,0,1,1,2648.951857,0.000000,0.673873,0.851305,15.605513,0,0,113.496514,0.839962,0.807836,stable,0.099751,0.951057,1,1,0.001000,1,1
6.400000,-1.156820,1,0,1,0,0.000131,0,1,1,2810.883654,0.000000,0.613425,0.416081,15.605513,0,0,107.512590,0.854434,0.808338,stable,0.171704,0.587785,1,1,0.001000,1,1
6.500000,-0.000000,1,0,1,0,0.000133,0,1,1,3260.072862,0.000000,0.584556,0.210671,15.605513,0,0,102.128049,0.859299,0.809047,stable,0.210671,-0.000000,1,1,0.001000,1,1
6.600000,-1.931542,1,0,1,0,0.000145,0,1,1,3015.197475,0.000000,0.584628,0.787923,14.689823,0,0,107.512590,0.859254,0.809809,stable,0.200137,-0.587785,1,1,0.001000,1,1
6.700000,-3.795660,1,0,1,0,0.000136,0,1,1,3842.189203,0.000000,0.617828,1.093635,14.689823,0,0,102.128049,0.867053,0.810547,stable,0.142579,-0.951057,1,1,0.001000,1,1
6.800000,-3.640549,1,0,1,0,0.000140,0,1,1,3515.212140,0.000000,0.613493,1.009566,14.689823,0,0,100.389871,0.881436,0.811378,stable,0.058509,-0.951057,1,1,0.001000,1,1
6.900000,-1.506873,1,0,1,0,0.000128,0,1,1,3699.785855,0.000000,0.576316,0.566429,14.689823,0,0,98.709869,0.893952,0.812393,stable,-0.021357,-0.587785,1,1,0.001000,1,1
7,0.000000,1,0,1,0,0.000134,0,1,1,4126.853191,0.000000,0.553636,0.067841,14.689823,0,0,98.406813,0.898845,0.813558,stable,-0.067841,-0.000000,1,1,0.001000,1,1
7.100000,-1.684504,1,0,1,0,0.000155,0,1,1,3897.135414,0.000000,0.553665,0.652234,13.885673,0,0,98.709869,0.898854,0.814759,stable,-0.064449,0.587785,1,1,0.001000,1,1
7.200000,-3.549238,1,0,1,0,0.000147,0,1,1,4649.434812,0.000000,0.575823,0.964731,13.885673,0,0,98.406813,0.904042,0.815927,stable,-0.013674,0.951057,1,1,0.001000,1,1
7.300000,-3.376061,1,0,1,0,0.000139,0,1,1,4372.860071,0.000000,0.560478,0.887107,13.885673,0,0,98.105611,0.914179,0.817134,stable,0.063950,0.951057,1,1,0.001000,1,1
7.400000,-1.240149,1,0,1,0,0.000131,0,1,1,4499.861739,0.000000,0.506564,0.450092,13.885673,0,0,95.796517,0.922865,0.818446,stable,0.137693,0.587785,1,1,0.001000,1,1
7.500000,0.000000,1,0,1,0,0.000130,0,1,1,4874.301426,0.000000,0.485103,0.178360,13.885673,0,0,93.593620,0.925883,0.819838,stable,0.178360,0.000000,1,1,0.001000,1,1
7.600000,-1.879266,1,0,1,0,0.000139,0,1,1,4639.133920,0.000000,0.485093,0.757227,13.178114,0,0,95.796517,0.925888,0.821233,stable,0.169442,-0.587785,1,1,0.001000,1,1
7.700000,-3.744164,1,0,1,0,0.000133,0,1,1,5342.083156,0.000000,0.518661,1.064475,13.178114,0,0,93.593620,0.930239,0.822593,stable,0.113418,-0.951057,1,1,0.001000,1,1
7.800000,-3.584867,1,0,1,0,0.000130,0,1,1,5042.698240,0.000000,0.543761,0.981863,13.178114,0,0,92.947318,0.937974,0.823973,stable,0.030807,-0.951057,1,1,0.001000,1,1
7.900000,-1.449100,1,0,1,0,0.000130,0,1,1,5177.451805,0.000000,0.534530,0.540111,13.178114,0,0,92.309880,0.944634,0.825416,stable,-0.047674,-0.587785,1,1,0.001000,1,1
8,0.000000,1,0,1,0,0.000129,0,1,1,5531.760134,0.000000,0.525879,0.092842,13.178114,0,0,77.797298,0.947118,0.826906,stable,-0.092842,-0.000000,1,1,0.001000,1,1
8.100000,-1.730741,1,0,1,0,0.000138,0,1,1,5308.742214,0.000000,0.525538,0.675985,12.553302,0,0,92.309880,0.947046,0.828390,stable,-0.088200,0.587785,1,1,0.001000,1,1
8.200000,-3.595973,1,0,1,0,0.000135,0,1,1,5957.135620,0.000000,0.552267,0.987295,12.553302,0,0,77.797298,0.949771,0.829837,stable,-0.036238,0.951057,1,1,0.001000,1,1
8.300000,-3.425855,1,0,1,0,0.000131,0,1,1,5689.461907,0.000000,0.550597,0.908542,12.553302,0,0,67.227989,0.955070,0.831282,stable,0.042514,0.951057,1,1,0.001000,1,1
8.400000,-1.288917,1,0,1,0,0.000130,0,1,1,5790.652581,0.000000,0.522293,0.470456,12.553302,0,0,66.148655,0.959563,0.832756,stable,0.117329,0.587785,1,1,0.001000,1,1
8.500000,-0.000000,1,0,1,0,0.000130,0,1,1,6109.815355,0.000000,0.515995,0.159014,12.553302,0,0,65.103430,0.961077,0.834248,stable,0.159014,-0.000000,1,1,0.001000,1,1
8.600000,-1.846964,1,0,1,0,0.000135,0,1,1,5887.292172,0.000000,0.515966,0.738849,11.993193,0,0,66.148655,0.961111,0.835722,stable,0.151064,-0.587785,1,1,0.001000,1,1
8.700000,-3.712177,1,0,1,0,0.000133,0,1,1,6496.543886,0.000000,0.548222,1.047015,11.993193,0,0,65.103430,0.963192,0.837164,stable,0.095959,-0.951057,1,1,0.001000,1,1
8.800000,-3.550394,1,0,1,0,0.000134,0,1,1,6221.213395,0.000000,0.535660,0.965277,11.993193,0,0,63.262727,0.967108,0.838596,stable,0.014220,-0.951057,1,1,0.001000,1,1
8.900000,-1.413779,1,0,1,0,0.000180,0,1,1,6323.533612,0.000000,0.496355,0.524354,11.993193,0,0,61.523248,0.970391,0.840040,stable,-0.063431,-0.587785,1,1,0.001000,1,1
9,0.000000,1,0,1,0,0.000137,0,1,1,6625.326593,0.000000,0.490469,0.107812,11.993193,0,0,60.000837,0.971579,0.841488,stable,-0.107812,-0.000000,1,1,0.001000,1,1
9.100000,-1.757814,1,0,1,0,0.000132,0,1,1,6412.512560,0.000000,0.488620,0.690206,11.491209,0,0,61.523248,0.971512,0.842918,stable,-0.102421,0.587785,1,1,0.001000,1,1
9.200000,-3.623200,1,0,1,0,0.000132,0,1,1,6980.803441,0.000000,0.513886,1.000805,11.491209,0,0,60.000837,0.972936,0.844315,stable,-0.049748,0.951057,1,1,0.001000,1,1
9.300000,-3.454941,1,0,1,0,0.000135,0,1,1,6726.491318,0.000000,0.462955,0.921377,11.491209,0,0,58.551952,0.975599,0.845698,stable,0.029680,0.951057,1,1,0.001000,1,1
9.400000,-1.317704,1,0,1,0,0.000138,0,1,1,6808.358999,0.000000,0.379603,0.482649,11.491209,0,0,58.080311,0.977839,0.847080,stable,0.105136,0.587785,1,1,0.001000,1,1
9.500000,0.000000,1,0,1,0,0.000139,0,1,1,7085.431319,0.000000,0.369762,0.147431,11.491209,0,0,57.616208,0.978593,0.848457,stable,0.147431,0.000000,1,1,0.001000,1,1
9.600000,-1.827263,1,0,1,0,0.000139,0,1,1,6875.749662,0.000000,0.368421,0.727845,11.034604,0,0,58.080311,0.978584,0.849812,stable,0.140060,-0.587785,1,1,0.017293,1,1
9.700000,-3.692603,1,0,1,0,0.000137,0,1,1,7412.572855,0.000000,0.382140,1.036561,11.034604,0,0,57.616208,0.979598,0.851140,stable,0.085505,-0.951057,1,1,0.037621,1,1
9.800000,-3.529340,1,0,1,0,0.000163,0,1,1,7157.813840,0.000000,0.243193,0.955346,11.034604,0,0,57.336883,0.981467,0.852451,stable,0.004289,-0.951057,1,1,0.058247,1,1
9.900000,-1.392373,1,0,1,0,0.000139,0,1,1,7238.016337,0.000000,0.065500,0.514919,11.034604,0,0,57.060252,0.983007,0.853754,stable,-0.072866,-0.587785,1,1,0.079073,1,1
10,0.000000,1,0,1,0,0.000135,0,1,1,7500.388160,0.000000,0.032374,0.116774,11.034604,0,0,53.905397,0.983581,0.855046,stable,-0.116774,-0.000000,1,1,0.100000,1,1
10.100000,-1.773804,1,0,1,0,0.000137,0,1,1,7298.662670,0.000000,0.032374,0.698721,10.621160,0,0,57.060252,0.983634,0.854882,stable,-0.110936,0.587785,1,1,0.120927,1,1
10.200000,-3.639236,1,0,1,0,0.000121,0,1,1,7803.813400,0.000000,0.031853,1.008894,10.621160,0,0,53.905397,0.983799,0.854719,stable,-0.057837,0.951057,1,1,0.141753,1,1
10.300000,-3.472097,1,0,1,0,0.000124,0,1,1,7563.833208,0.000000,0.028595,0.929061,10.621160,0,0,51.081128,0.983963,0.854557,stable,0.021995,0.951057,1,1,0.162379,1,1
10.400000,-1.334790,1,0,1,0,0.000132,0,1,1,7631.008615,0.000000,0.026061,0.489949,10.621160,0,0,46.026113,0.984142,0.854396,stable,0.097836,0.587785,1,1,0.182707,1,1
10.500000,-0.000000,1,0,1,0,0.000174,0,1,1,7875.186815,0.000000,0.024252,0.140496,10.621160,0,0,41.881498,0.984332,0.854238,stable,0.140496,-0.000000,1,1,0.202643,1,1
10.600000,-1.815336,1,0,1,0,0.000157,0,1,1,7677.661787,0.000000,0.024252,0.721257,10.238425,0,0,46.026113,0.984430,0.854081,stable,0.133471,-0.587785,1,1,0.222096,1,1
10.700000,-3.680729,1,0,1,0,0.000149,0,1,1,8157.133937,0.000000,0.022385,1.030302,10.238425,0,0,41.881498,0.984477,0.853925,stable,0.079246,-0.951057,1,1,0.240981,1,1
10.800000,-3.516584,1,0,1,0,0.000145,0,1,1,7920.060876,0.000000,0.022123,0.949400,10.238425,0,0,41.811130,0.984533,0.853770,stable,-0.001657,-0.951057,1,1,0.259218,1,1
10.900000,-1.379464,1,0,1,0,0.000140,0,1,1,7984.561024,0.000000,0.021277,0.509271,10.238425,0,0,41.740999,0.984570,0.853615,stable,-0.078515,-0.587785,1,1,0.276734,1,1
11,0.000000,1,0,1,0,0.000148,0,1,1,8216.366012,0.000000,0.019060,0.122141,10.238425,0,0,41.507436,0.984577,0.853461,stable,-0.122141,-0.000000,1,1,0.293459,1,1
11.100000,-1.783300,1,0,1,0,0.000144,0,1,1,8025.545534,0.000000,0.019060,0.703819,9.886345,0,0,41.740999,0.984643,0.853307,stable,-0.116034,0.587785,1,1,0.309334,1,1
11.200000,-3.648743,1,0,1,0,0.000145,0,1,1,8479.853926,0.000000,0.019100,1.013737,9.886345,0,0,41.507436,0.984759,0.853153,stable,-0.062680,0.951057,1,1,0.324303,1,1
11.300000,-3.482278,1,0,1,0,0.000143,0,1,1,8253.800613,0.000000,0.017689,0.933662,9.886345,0,0,41.276471,0.984868,0.853001,stable,0.017394,0.951057,1,1,0.338318,1,1
11.400000,-1.344966,1,0,1,0,0.000134,0,1,1,8309.631029,0.000000,0.016694,0.494320,9.886345,0,0,41.176571,0.984985,0.852849,stable,0.093465,0.587785,1,1,0.351335,1,1
11.500000,0.000000,1,0,1,0,0.000140,0,1,1,8527.518648,0.000000,0.016164,0.136344,9.886345,0,0,41.077154,0.985111,0.852699,stable,0.136344,0.000000,1,1,0.363320,1,1
11.600000,-1.808149,1,0,1,0,0.000146,0,1,1,8341.212896,0.000000,0.016164,0.717312,9.563246,0,0,41.176571,0.985184,0.852550,stable,0.129527,-0.587785,1,1,0.374240,1,1
11.700000,-3.673565,1,0,1,0,0.000144,0,1,1,8774.264076,0.000000,0.015174,1.026555,9.563246,0,0,41.077154,0.985230,0.852402,stable,0.075498,-0.951057,1,1,0.384069,1,1
11.800000,-3.508893,1,0,1,0,0.000186,0,1,1,8552.561083,0.000000,0.015143,0.945839,9.563246,0,0,40.578069,0.985288,0.852255,stable,-0.005217,-0.951057,1,1,0.392784,1,1
11.900000,-1.371702,1,0,1,0,0.000144,0,1,1,8605.521916,0.000000,0.014761,0.505889,9.563246,0,0,40.090966,0.985341,0.852107,stable,-0.081897,-0.587785,1,1,0.400369,1,1
12,0.000000,1,0,1,0,0.000139,0,1,1,8812.983202,0.000000,0.013701,0.125354,9.563246,0,0,39.977398,0.985383,0.851961,stable,-0.125354,-0.000000,1,1,0.406809,1,1
12.100000,-1.788957,1,0,1,0,0.000138,0,1,1,8632.461636,0.000000,0.013701,0.706871,9.265558,0,0,40.090966,0.985459,0.854873,stable,-0.119086,0.587785,1,1,0.412092,1,1
12.200000,-3.654401,1,0,1,0,0.000142,0,1,1,9045.044329,0.000000,0.013869,1.016636,9.265558,0,0,39.977398,0.985564,0.857785,stable,-0.065580,0.951057,1,1,0.416209,1,1
12.300000,-3.488340,1,0,1,0,0.000140,0,1,1,8831.999854,0.000000,0.013220,0.936417,9.265558,0,0,39.864472,0.985666,0.860695,stable,0.014640,0.951057,1,1,0.419154,1,1
12.400000,-1.351039,1,0,1,0,0.000142,0,1,1,8878.941148,0.000000,0.012818,0.496937,9.265558,0,0,39.072299,0.985782,0.863604,stable,0.090848,0.587785,1,1,0.420923,1,1
12.500000,-0.000000,1,0,1,0,0.000145,0,1,1,9075.407526,0.000000,0.012723,0.133858,9.265558,0,0,38.310996,0.985923,0.866509,stable,0.133858,-0.000000,1,1,0.421513,1,1
12.600000,-1.803829,1,0,1,0,0.000147,0,1,1,8899.355938,0.000000,0.012723,0.714950,8.990663,0,0,39.072299,0.986056,0.869416,stable,0.127165,-0.587785,1,1,0.420923,1,1
12.700000,-3.669255,1,0,1,0,0.000143,0,1,1,9294.108105,0.000000,0.012196,1.024311,8.990663,0,0,38.310996,0.986192,0.872324,stable,0.073255,-0.951057,1,1,0.419154,1,1
12.800000,-3.504269,1,0,1,0,0.000133,0,1,1,9085.905863,0.000000,0.012249,0.943708,8.990663,0,0,37.968170,0.986341,0.875235,stable,-0.007349,-0.951057,1,1,0.416209,1,1
12.900000,-1.367042,1,0,1,0,0.000136,0,1,1,9130.134452,0.000000,0.012091,0.503864,8.990663,0,0,37.631425,0.986472,0.878139,stable,-0.083922,-0.587785,1,1,0.412092,1,1
13,-0.000000,1,0,1,0,0.000133,0,1,1,9317.774547,0.000000,0.011577,0.127277,8.990663,0,0,34.093101,0.986571,0.881041,stable,-0.127277,0.000000,1,1,0.406809,1,1
13.100000,-1.792334,1,0,1,0,0.000136,0,1,1,9146.803227,0.000000,0.011577,0.708699,8.735052,0,0,37.631425,0.986667,0.883941,stable,-0.120914,0.587785,1,1,0.400369,1,1
13.200000,-3.657777,1,0,1,0,0.000140,0,1,1,9524.571844,0.000000,0.011736,1.018373,8.735052,0,0,34.093101,0.986762,0.886838,stable,-0.067316,0.951057,1,1,0.392784,1,1
13.300000,-3.491959,1,0,1,0,0.000169,0,1,1,9323.470494,0.000000,0.011421,0.938066,8.735052,0,0,31.162978,0.986848,0.889727,stable,0.012990,0.951057,1,1,0.384069,1,1
13.400000,-1.354668,1,0,1,0,0.000137,0,1,1,9363.351463,0.000000,0.011254,0.498504,8.735052,0,0,6.818492,0.986939,0.892609,stable,0.089281,0.587785,1,1,0.374240,1,1
13.500000,0.000000,1,0,1,0,0.000132,0,1,1,9542.072435,0.000000,0.011286,0.132369,8.735052,0,0,3.828035,0.987047,0.895485,stable,0.132369,0.000000,1,1,0.363320,1,1
13.600000,-1.801236,1,0,1,0,0.000141,0,1,1,9375.362827,0.000000,0.011286,0.713536,8.484876,0,0,6.818492,0.987156,0.898356,stable,0.125751,-0.587785,1,1,0.351335,1,1
13.700000,-3.666668,1,0,1,0,0.000140,0,1,1,9737.995787,0.000000,0.011002,1.022968,8.484876,0,0,3.828035,0.987274,0.901229,stable,0.071911,-0.951057,1,1,0.338318,1,1
13.800000,-3.501493,1,0,1,0,0.000141,0,1,1,9541.761739,0.000000,0.011067,0.942432,8.484876,0,0,3.573655,0.987411,0.904098,stable,-0.008625,-0.951057,1,1,0.324303,1,1
13.900000,-1.364248,1,0,1,0,0.000142,0,1,1,9579.216779,0.000000,0.011007,0.502651,8.484876,0,0,3.350976,0.987550,0.906965,stable,-0.085134,-0.587785,1,1,0.309334,1,1
14,0.000000,1,0,1,0,0.000139,0,1,1,9750.418082,0.000000,0.010750,0.128429,8.484876,0,0,3.234482,0.987675,0.909831,stable,-0.128429,-0.000000,1,1,0.293459,1,1
14.100000,-1.794353,1,0,1,0,0.000142,0,1,1,9588.229572,0.000000,0.010750,0.709793,8.251367,0,0,3.350976,0.987796,0.912696,stable,-0.122008,0.587785,1,1,0.276734,1,1
14.200000,-3.659794,1,0,1,0,0.000148,0,1,1,9936.533931,0.000000,0.010869,1.019412,8.251367,0,0,3.234482,0.987915,0.915554,stable,-0.068356,0.951057,1,1,0.259218,1,1
14.300000,-3.494121,1,0,1,0,0.000141,0,1,1,9746.317876,0.000000,0.010708,0.939054,8.251367,0,0,3.125814,0.988031,0.918413,stable,0.012003,0.951057,1,1,0.240981,1,1
14.400000,-1.356839,1,0,1,0,0.000137,0,1,1,9780.519790,0.000000,0.010638,0.499442,8.251367,0,0,3.065539,0.988168,0.921272,stable,0.088343,0.587785,1,1,0.222096,1,1
14.500000,-0.000000,1,0,1,0,0.000131,0,1,1,9944.327959,0.000000,0.010692,0.131478,8.251367,0,0,3.007544,0.988350,0.924133,stable,0.131478,-0.000000,1,1,0.202643,1,1
14.600000,-1.799682,1,0,1,0,0.000132,0,1,1,9786.127243,0.000000,0.010692,0.712689,8.031388,0,0,3.065539,0.988585,0.926991,stable,0.124904,-0.587785,1,1,0.182707,1,1
14.700000,-3.665116,1,0,1,0,0.000188,0,1,1,10121.444683,0.000000,0.010535,1.022163,8.031388,0,0,3.007544,0.988887,0.929849,stable,0.071107,-0.951057,1,1,0.162379,1,1
14.800000,-3.499828,1,0,1,0,0.000142,0,1,1,9935.901705,0.000000,0.010588,0.941668,8.031388,0,0,2.974330,0.989259,0.932709,stable,-0.009389,-0.951057,1,1,0.141753,1,1
14.900000,-1.362574,1,0,1,0,0.000166,0,1,1,9967.991845,0.000000,0.010568,0.501925,8.031388,0,0,2.941841,0.989694,0.935573,stable,-0.085860,-0.587785,1,1,0.120927,1,1
15,0.000000,1,0,1,0,0.000136,0,1,1,10125.347041,0.000000,0.010435,0.129119,8.031388,0,0,2.922892,0.990456,0.938439,stable,-0.129119,-0.000000,1,1,0.100000,1,1
15.100000,-1.795560,1,0,1,0,0.000152,0,1,1,9971.208896,0.000000,0.010435,0.710448,7.825094,0,0,2.941841,0.990456,0.941311,stable,-0.122663,0.587785,1,1,0.079073,1,1
15.200000,-3.661000,1,0,1,0,0.000143,0,1,1,10294.267552,0.000000,0.010516,1.020034,7.825094,0,0,2.922892,0.990464,0.944185,stable,-0.068978,0.951057,1,1,0.058247,1,1
15.300000,-3.495414,1,0,1,0,0.000141,0,1,1,10113.949857,0.000000,0.010431,0.939645,7.825094,0,0,2.904184,0.990472,0.946973,stable,0.011411,0.951057,1,1,0.037621,1,1
15.400000,-1.358137,1,0,1,0,0.000139,0,1,1,10143.530018,0.000000,0.010400,0.500004,7.825094,0,0,2.893156,0.990481,0.949564,stable,0.087781,0.587785,1,1,0.017293,1,1
15.500000,0.000000,1,0,1,0,0.000143,0,1,1,10294.648059,0.000000,0.010446,0.130944,7.825094,0,0,2.882212,0.990489,0.951972,stable,0.130944,0.000000,1,1,0.001000,1,1
15.600000,-1.798750,1,0,1,0,0.000144,0,1,1,10144.206915,0.000000,0.010446,0.712182,7.631531,0,0,2.893156,0.990489,0.954323,stable,0.124397,-0.587785,1,1,0.001000,1,1
15.700000,-3.664186,1,0,1,0,0.000148,0,1,1,10456.013936,0.000000,0.010358,1.021682,7.631531,0,0,2.882212,0.990483,0.956674,stable,0.070625,-0.951057,1,1,0.001000,1,1
15.800000,-3.498831,1,0,1,0,0.000146,0,1,1,10280.082525,0.000000,0.010396,0.941210,7.631531,0,0,2.875719,0.990477,0.958910,stable,-0.009847,-0.951057,1,1,0.001000,1,1
15.900000,-1.361571,1,0,1,0,0.000141,0,1,1,10307.847934,0.000000,0.010390,0.501491,7.631531,0,0,2.869256,0.990470,0.960933,stable,-0.086295,-0.587785,1,1,0.001000,1,1
16,0.000000,1,0,1,0,0.000155,0,1,1,10453.386679,0.000000,0.010319,0.129532,7.631531,0,0,2.865407,0.990464,0.962759,stable,-0.129532,-0.000000,1,1,0.001000,1,1
16.100000,-1.796282,1,0,1,0,0.000142,0,1,1,10306.622710,0.000000,0.010319,0.710840,7.446226,0,0,2.869256,0.990464,0.964506,stable,-0.123055,0.587785,1,1,0.001000,1,1
16.200000,-3.661721,1,0,1,0,0.000138,0,1,1,10607.817235,0.000000,0.010371,1.020407,7.446226,0,0,2.865407,0.990468,0.966252,stable,-0.069351,0.951057,1,1,0.001000,1,1
16.300000,-3.496188,1,0,1,0,0.000135,0,1,1,10436.503104,0.000000,0.010324,0.939999,7.446226,0,0,2.861569,0.990473,0.967920,stable,0.011057,0.951057,1,1,0.001000,1,1
16.400000,-1.358914,1,0,1,0,0.000143,0,1,1,10462.281080,0.000000,0.010310,0.500340,7.446226,0,0,2.859278,0.990479,0.969425,stable,0.087445,0.587785,1,1,0.001000,1,1
16.500000,0.000000,1,0,1,0,0.000140,0,1,1,10602.481178,0.000000,0.010343,0.130625,7.446226,0,0,2.856991,0.990484,0.970785,stable,0.130625,0.000000,1,1,0.001000,1,1
16.600000,-1.798192,1,0,1,0,0.000136,0,1,1,10459.130204,0.000000,0.010343,0.711879,7.271189,0,0,2.859278,0.990484,0.972097,stable,0.124093,-0.587785,1,1,0.001000,1,1
16.700000,-3.663629,1,0,1,0,0.000131,0,1,1,10750.491070,0.000000,0.010293,1.021393,7.271189,0,0,2.856991,0.990480,0.973409,stable,0.070337,-0.951057,1,1,0.001000,1,1
16.800000,-3.498233,1,0,1,0,0.000142,0,1,1,10583.248028,0.000000,0.010318,0.940936,7.271189,0,0,2.855625,0.990476,0.974644,stable,-0.010120,-0.951057,1,1,0.001000,1,1
16.900000,-1.360970,1,0,1,0,0.000136,0,1,1,10607.474589,0.000000,0.010318,0.501230,7.271189,0,0,2.854260,0.990472,0.975734,stable,-0.086555,-0.587785,1,1,0.001000,1,1
17,-0.000000,1,0,1,0,0.000136,0,1,1,10742.814806,0.000000,0.010278,0.129779,7.271189,0,0,2.853443,0.990468,0.976699,stable,-0.129779,0.000000,1,1,0.001000,1,1
17.100000,-1.796715,1,0,1,0,0.000128,0,1,1,10602.811063,0.000000,0.010278,0.711075,7.105512,0,0,2.854260,0.990468,0.977615,stable,-0.123290,0.587785,1,1,0.001000,1,1
17.200000,-3.662153,1,0,1,0,0.000136,0,1,1,10884.891659,0.000000,0.010311,1.020630,7.105512,0,0,2.853443,0.990471,0.978532,stable,-0.069574,0.951057,1,1,0.001000,1,1
17.300000,-3.496651,1,0,1,0,0.000145,0,1,1,10721.780874,0.000000,0.010285,0.940211,7.105512,0,0,2.852627,0.990474,0.979396,stable,0.010845,0.951057,1,1,0.001000,1,1
17.400000,-1.359380,1,0,1,0,0.000154,0,1,1,10744.399533,0.000000,0.010278,0.500542,7.105512,0,0,2.850471,0.990477,0.980159,stable,0.087244,0.587785,1,1,0.001000,1,1
17.500000,0.000000,1,0,1,0,0.000159,0,1,1,10875.114900,0.000000,0.010300,0.130433,7.105512,0,0,2.851651,0.990480,0.980835,stable,0.130433,0.000000,1,1,0.001000,1,1
17.600000,-1.797858,1,0,1,0,0.000132,0,1,1,10738.257635,0.000000,0.010300,0.711697,6.946887,0,0,2.852139,0.990480,0.981481,stable,0.123912,-0.587785,1,1,0.001000,1,1
17.700000,-3.663295,1,0,1,0,0.000138,0,1,1,11011.675906,0.000000,0.010271,1.021221,6.946887,0,0,2.851651,0.990478,0.982127,stable,0.070164,-0.951057,1,1,0.001000,1,1
17.800000,-3.497875,1,0,1,0,0.000141,0,1,1,10852.324162,0.000000,0.010287,0.940772,6.946887,0,0,2.849983,0.990476,0.982729,stable,-0.010284,-0.951057,1,1,0.001000,1,1
17.900000,-1.360611,1,0,1,0,0.000141,0,1,1,10873.617534,0.000000,0.010287,0.501075,6.946887,0,0,2.848318,0.990474,0.983254,stable,-0.086711,-0.587785,1,1,0.001000,1,1
18,0.000000,1,0,1,0,0.000135,0,1,1,11000.069275,0.000000,0.010265,0.129927,6.946887,0,0,2.848694,0.990471,0.983713,stable,-0.129927,-0.000000,1,1,0.001000,1,1
18.100000,-1.796973,1,0,1,0,0.000129,0,1,1,10866.272926,0.000000,0.010265,0.711216,6.796594,0,0,2.849071,0.990471,0.984146,stable,-0.123431,0.587785,1,1,0.001000,1,1
18.200000,-3.662411,1,0,1,0,0.000133,0,1,1,11131.505159,0.000000,0.010285,1.020764,6.796594,0,0,2.848694,0.990473,0.984580,stable,-0.069707,0.951057,1,1,0.001000,1,1
18.300000,-3.496928,1,0,1,0,0.000141,0,1,1,10975.886461,0.000000,0.010270,0.940338,6.796594,0,0,2.848318,0.990475,0.984987,stable,0.010719,0.951057,1,1,0.001000,1,1
18.400000,-1.359658,1,0,1,0,0.000148,0,1,1,10995.855725,0.000000,0.010267,0.500662,6.796594,0,0,2.847689,0.990476,0.985341,stable,0.087123,0.587785,1,1,0.001000,1,1
18.500000,0.000000,1,0,1,0,0.000133,0,1,1,11118.260233,0.000000,0.010281,0.130319,6.796594,0,0,2.848318,0.990478,0.985651,stable,0.130319,0.000000,1,1,0.001000,1,1
18.600000,-1.797658,1,0,1,0,0.000138,0,1,1,10987.365381,0.000000,0.010281,0.711588,6.652607,0,0,2.848694,0.990478,0.985945,stable,0.123803,-0.587785,1,1,0.001000,1,1
18.700000,-3.663095,1,0,1,0,0.000133,0,1,1,11244.912609,0.000000,0.010264,1.021117,6.652607,0,0,2.848318,0.990477,0.986238,stable,0.070061,-0.951057,1,1,0.001000,1,1
18.800000,-3.497661,1,0,1,0,0.000155,0,1,1,11092.758579,0.000000,0.010274,0.940674,6.652607,0,0,2.847689,0.990476,0.986511,stable,-0.010383,-0.951057,1,1,0.001000,1,1
18.900000,-1.360395,1,0,1,0,0.000139,0,1,1,11111.593617,0.000000,0.010275,0.500981,6.652607,0,0,2.847061,0.990474,0.986745,stable,-0.086804,-0.587785,1,1,0.001000,1,1
19,0.000000,1,0,1,0,0.000146,0,1,1,11230.232203,0.000000,0.010262,0.130016,6.652607,0,0,2.847689,0.990473,0.986946,stable,-0.130016,-0.000000,1,1,0.001000,1,1
19.100000,-1.797128,1,0,1,0,0.000130,0,1,1,11102.147309,0.000000,0.010262,0.711300,6.514120,0,0,2.848318,0.990473,0.987135,stable,-0.123515,0.587785,1,1,0.001000,1,1
19.200000,-3.662566,1,0,1,0,0.000128,0,1,1,11352.418887,0.000000,0.010274,1.020844,6.514120,0,0,2.847689,0.990474,0.987324,stable,-0.069787,0.951057,1,1,0.001000,1,1
19.300000,-3.497094,1,0,1,0,0.000141,0,1,1,11203.661346,0.000000,0.010265,0.940414,6.514120,0,0,2.847061,0.990475,0.987500,stable,0.010643,0.951057,1,1,0.001000,1,1
19.400000,-1.359825,1,0,1,0,0.000144,0,1,1,11221.389953,0.000000,0.010264,0.500734,6.514120,0,0,2.846013,0.990476,0.987648,stable,0.087051,0.587785,1,1,0.001000,1,1
19.500000,0.000000,1,0,1,0,0.000142,0,1,1,11336.456069,0.000000,0.010272,0.130250,6.514120,0,0,2.847061,0.990477,0.987775,stable,0.130250,0.000000,1,1,0.001000,1,1
19.600000,-1.797538,1,0,1,0,0.000128,0,1,1,11211.049916,0.000000,0.010272,0.711523,6.380909,0,0,2.847689,0.990477,0.987894,stable,0.123738,-0.587785,1,1,0.017293,1,1
19.700000,-3.662976,1,0,1,0,0.000132,0,1,1,11454.459490,0.000000,0.010262,1.021055,6.380909,0,0,2.847061,0.990476,0.988012,stable,0.069999,-0.951057,1,1,0.037621,1,1
19.800000,-3.497533,1,0,1,0,0.000141,0,1,1,11308.895656,0.000000,0.010268,0.940615,6.380909,0,0,2.846013,0.990475,0.988121,stable,-0.010441,-0.951057,1,1,0.058247,1,1
19.900000,-1.360266,1,0,1,0,0.000142,0,1,1,11325.650259,0.000000,0.010269,0.500925,6.380909,0,0,2.844965,0.990475,0.988211,stable,-0.086860,-0.587785,1,1,0.079073,1,1
20,0.000000,1,0,1,0,0.000140,0,1,1,11437.368950,0.000000,0.010262,0.130069,6.380909,0,0,2.846013,0.990474,0.988286,stable,-0.130069,-0.000000,1,1,0.100000,1,1
20.100000,-1.797221,1,0,1,0,0.000161,0,1,1,11314.551111,0.000000,0.010262,0.711351,6.254134,0,0,2.847061,0.990474,0.988355,stable,-0.123565,0.587785,1,1,0.120927,1,1
20.200000,-3.662659,1,0,1,0,0.000136,0,1,1,11551.450993,0.000000,0.010269,1.020892,6.254134,0,0,2.846013,0.990474,0.988423,stable,-0.069835,0.951057,1,1,0.141753,1,1
20.300000,-3.497193,1,0,1,0,0.000137,0,1,1,11408.994749,0.000000,0.010264,0.940459,6.254134,0,0,2.844965,0.990475,0.988490,stable,0.010597,0.951057,1,1,0.162379,1,1
20.400000,-1.359925,1,0,1,0,0.000148,0,1,1,11424.813569,0.000000,0.010263,0.500778,6.254134,0,0,2.843219,0.990476,0.988555,stable,0.087008,0.587785,1,1,0.182707,1,1
20.500000,0.000000,1,0,1,0,0.000143,0,1,1,11533.355223,0.000000,0.010268,0.130209,6.254134,0,0,2.844965,0.990476,0.988619,stable,0.130209,0.000000,1,1,0.202643,1,1
20.600000,-1.797466,1,0,1,0,0.000137,0,1,1,11413.014665,0.000000,0.010268,0.711484,6.133356,0,0,2.846013,0.990476,0.988680,stable,0.123699,-0.587785,1,1,0.222096,1,1
20.700000,-3.662904,1,0,1,0,0.000137,0,1,1,11643.751508,0.000000,0.010262,1.021018,6.133356,0,0,2.844965,0.990476,0.988740,stable,0.069962,-0.951057,1,1,0.240981,1,1
20.800000,-3.497456,1,0,1,0,0.000135,0,1,1,11504.242707,0.000000,0.010266,0.940580,6.133356,0,0,2.843219,0.990475,0.988800,stable,-0.010477,-0.951057,1,1,0.259218,1,1
20.900000,-1.360189,1,0,1,0,0.000161,0,1,1,11519.221565,0.000000,0.010266,0.500892,6.133356,0,0,2.841474,0.990475,0.988860,stable,-0.086893,-0.587785,1,1,0.276734,1,1
21,-0.000000,1,0,1,0,0.000144,0,1,1,11624.770258,0.000000,0.010262,0.130100,6.133356,0,0,2.843219,0.990474,0.988919,stable,-0.130100,0.000000,1,1,0.293459,1,1
21.100000,-1.797277,1,0,1,0,0.000139,0,1,1,11506.821092,0.000000,0.010262,0.711381,6.017493,0,0,2.844965,0.990474,0.988978,stable,-0.123595,0.587785,1,1,0.309334,1,1
21.200000,-3.662714,1,0,1,0,0.000134,0,1,1,11731.699036,0.000000,0.010267,1.020920,6.017493,0,0,2.843219,0.990475,0.989036,stable,-0.069864,0.951057,1,1,0.324303,1,1
21.300000,-3.497253,1,0,1,0,0.000135,0,1,1,11595.046463,0.000000,0.010264,0.940487,6.017493,0,0,2.841474,0.990475,0.989093,stable,0.010570,0.951057,1,1,0.338318,1,1
21.400000,-1.359985,1,0,1,0,0.000133,0,1,1,11609.225815,0.000000,0.010263,0.500803,6.017493,0,0,2.838567,0.990475,0.989149,stable,0.086982,0.587785,1,1,0.351335,1,1
21.500000,0.000000,1,0,1,0,0.000142,0,1,1,11711.930599,0.000000,0.010266,0.130185,6.017493,0,0,2.841474,0.990476,0.989204,stable,0.130185,0.000000,1,1,0.363320,1,1
21.600000,-1.797424,1,0,1,0,0.000133,0,1,1,11596.276909,0.000000,0.010266,0.711461,5.906863,0,0,2.843219,0.990476,0.989258,stable,0.123675,-0.587785,1,1,0.374240,1,1
21.700000,-3.662861,1,0,1,0,0.000130,0,1,1,11815.590112,0.000000,0.010263,1.020996,5.906863,0,0,2.841474,0.990476,0.989311,stable,0.069940,-0.951057,1,1,0.384069,1,1
21.800000,-3.497410,1,0,1,0,0.000137,0,1,1,11681.662551,0.000000,0.010265,0.940559,5.906863,0,0,2.838567,0.990475,0.989363,stable,-0.010498,-0.951057,1,1,0.392784,1,1
21.900000,-1.360143,1,0,1,0,0.000139,0,1,1,11695.114158,0.000000,0.010265,0.500872,5.906863,0,0,2.835667,0.990475,0.989415,stable,-0.086913,-0.587785,1,1,0.400369,1,1
22,0.000000,1,0,1,0,0.000143,0,1,1,11795.128352,0.000000,0.010263,0.130119,5.906863,0,0,2.838567,0.990475,0.989467,stable,-0.130119,-0.000000,1,1,0.406809,1,1
22.100000,-1.797310,1,0,1,0,0.000134,0,1,1,11681.690238,0.000000,0.010263,0.711399,5.797636,0,0,2.841474,0.990475,0.989517,stable,-0.123614,0.587785,1,1,0.412092,1,1
22.200000,-3.662747,1,0,1,0,0.000137,0,1,1,11895.702305,0.000000,0.010265,1.020938,5.797636,0,0,2.838567,0.990475,0.989568,stable,-0.069881,0.951057,1,1,0.416209,1,1
22.300000,-3.497288,1,0,1,0,0.000130,0,1,1,11764.410019,0.000000,0.010264,0.940503,5.797636,0,0,2.835667,0.990475,0.989617,stable,0.010554,0.951057,1,1,0.419154,1,1
22.400000,-1.360020,1,0,1,0,0.000130,0,1,1,11777.172658,0.000000,0.010263,0.500819,5.797636,0,0,2.830843,0.990475,0.989665,stable,0.086966,0.587785,1,1,0.420923,1,1
22.500000,0.000000,1,0,1,0,0.000143,0,1,1,11874.626356,0.000000,0.010265,0.130170,5.797636,0,0,2.835667,0.990476,0.989712,stable,0.130170,0.000000,1,1,0.421513,1,1
22.600000,-1.797398,1,0,1,0,0.000137,0,1,1,11763.319703,0.000000,0.010265,0.711447,5.691667,0,0,2.838567,0.990476,0.989757,stable,0.123661,-0.587785,1,1,0.420923,1,1
22.700000,-3.662835,1,0,1,0,0.000135,0,1,1,11972.282870,0.000000,0.010263,1.020983,5.691667,0,0,2.835667,0.990475,0.989801,stable,0.069926,-0.951057,1,1,0.419154,1,1
22.800000,-3.497382,1,0,1,0,0.000130,0,1,1,11843.515191,0.000000,0.010264,0.940546,5.691667,0,0,2.830843,0.990475,0.989844,stable,-0.010510,-0.951057,1,1,0.416209,1,1
22.900000,-1.360115,1,0,1,0,0.000136,0,1,1,11855.644282,0.000000,0.010265,0.500860,5.691667,0,0,2.826035,0.990475,0.989886,stable,-0.086925,-0.587785,1,1,0.412092,1,1
23,0.000000,1,0,1,0,0.000135,0,1,1,11950.667079,0.000000,0.010263,0.130131,5.691667,0,0,2.830843,0.990475,0.989926,stable,-0.130131,-0.000000,1,1,0.406809,1,1
23.100000,-1.797330,1,0,1,0,0.000130,0,1,1,11841.418378,0.000000,0.010263,0.711410,5.588919,0,0,2.835667,0.990475,0.989965,stable,-0.123624,0.587785,1,1,0.400369,1,1
23.200000,-3.662767,1,0,1,0,0.000162,0,1,1,12045.562150,0.000000,0.010265,1.020948,5.588919,0,0,2.830843,0.990475,0.990003,stable,-0.069891,0.951057,1,1,0.392784,1,1
23.300000,-3.497309,1,0,1,0,0.000140,0,1,1,11919.233978,0.000000,0.010264,0.940513,5.588919,0,0,2.826035,0.990475,0.990040,stable,0.010544,0.951057,1,1,0.384069,1,1
23.400000,-1.360042,1,0,1,0,0.000130,0,1,1,11930.764948,0.000000,0.010263,0.500828,5.588919,0,0,2.818061,0.990475,0.990076,stable,0.086957,0.587785,1,1,0.374240,1,1
23.500000,-0.000000,1,0,1,0,0.000133,0,1,1,12023.470457,0.000000,0.010265,0.130161,5.588919,0,0,2.826035,0.990475,0.990112,stable,0.130161,-0.000000,1,1,0.363320,1,1
23.600000,-1.797382,1,0,1,0,0.000136,0,1,1,11916.205122,0.000000,0.010265,0.711438,5.488272,0,0,2.830843,0.990475,0.990146,stable,0.123653,-0.587785,1,1,0.351335,1,1
23.700000,-3.662820,1,0,1,0,0.000143,0,1,1,12115.747716,0.000000,0.010263,1.020975,5.488272,0,0,2.826035,0.990475,0.990179,stable,0.069918,-0.951057,1,1,0.338318,1,1
23.800000,-3.497366,1,0,1,0,0.000142,0,1,1,11991.763647,0.000000,0.010264,0.940539,5.488272,0,0,2.818061,0.990475,0.990211,stable,-0.010518,-0.951057,1,1,0.324303,1,1
23.900000,-1.360098,1,0,1,0,0.000137,0,1,1,12002.740438,0.000000,0.010264,0.500853,5.488272,0,0,2.810133,0.990475,0.990242,stable,-0.086932,-0.587785,1,1,0.309334,1,1
24,0.000000,1,0,1,0,0.000138,0,1,1,12093.239523,0.000000,0.010263,0.130138,5.488272,0,0,2.818061,0.990475,0.990271,stable,-0.130138,-0.000000,1,1,0.293459,1,1
24.100000,-1.797342,1,0,1,0,0.000135,0,1,1,11987.890312,0.000000,0.010263,0.711416,5.390384,0,0,2.826035,0.990475,0.990299,stable,-0.123631,0.587785,1,1,0.276734,1,1
24.200000,-3.662779,1,0,1,0,0.000137,0,1,1,12183.032489,0.000000,0.010264,1.020954,5.390384,0,0,2.818061,0.990475,0.990326,stable,-0.069897,0.951057,1,1,0.259218,1,1
24.300000,-3.497322,1,0,1,0,0.000131,0,1,1,12061.313371,0.000000,0.010264,0.940519,5.390384,0,0,2.810133,0.990475,0.990351,stable,0.010538,0.951057,1,1,0.240981,1,1
24.400000,-1.360055,1,0,1,0,0.000131,0,1,1,12071.767544,0.000000,0.010264,0.500834,5.390384,0,0,2.797045,0.990475,0.990376,stable,0.086951,0.587785,1,1,0.222096,1,1
24.500000,0.000000,1,0,1,0,0.000140,0,1,1,12160.159644,0.000000,0.010264,0.130156,5.390384,0,0,2.810133,0.990475,0.990399,stable,0.130156,0.000000,1,1,0.202643,1,1
24.600000,-1.797373,1,0,1,0,0.000230,0,1,1,12056.659873,0.000000,0.010264,0.711433,5.293965,0,0,2.818061,0.990475,0.990420,stable,0.123648,-0.587785,1,1,0.182707,1,1
24.700000,-3.662811,1,0,1,0,0.000148,0,1,1,12247.591865,0.000000,0.010264,1.020970,5.293965,0,0,2.810133,0.990475,0.990439,stable,0.069914,-0.951057,1,1,0.162379,1,1
24.800000,-3.497356,1,0,1,0,0.000141,0,1,1,12128.054111,0.000000,0.010264,0.940534,5.293965,0,0,2.797045,0.990475,0.990455,stable,-0.010522,-0.951057,1,1,0.141753,1,1
24.900000,-1.360089,1,0,1,0,0.000132,0,1,1,12138.021278,0.000000,0.010264,0.500848,5.293965,0,0,2.784079,0.990475,0.990467,stable,-0.086937,-0.587785,1,1,0.120927,1,1
25,-0.000000,1,0,1,0,0.000137,0,1,1,12224.402175,0.000000,0.010264,0.130142,5.293965,0,0,2.797045,0.990475,0.990475,stable,-0.130142,0.000000,1,1,0.100000,1,1
25.100000,-1.797349,1,0,1,0,0.000138,0,1,1,12122.690491,0.000000,0.010264,0.711420,1.054575,0,0.100000,2.810133,0.990475,0.990475,stable,-0.123635,0.587785,1,1,0.079073,1,1
25.200000,-3.662786,1,0,1,0,0.000137,0,1,1,12309.588752,0.000000,0.010264,1.020958,1.050390,0,0.200000,2.797045,0.990475,0.990475,stable,-0.069901,0.951057,1,1,0.058247,1,1
25.300000,-3.497330,1,0,1,0,0.000139,0,1,1,12192.159498,0.000000,0.010264,0.940522,1.046238,0,0.300000,2.784079,0.990475,0.990475,stable,0.010534,0.951057,1,1,0.037621,1,1
25.400000,-1.360062,1,0,1,0,0.000139,0,1,1,12201.667401,0.000000,0.010264,0.500837,1.042119,0,0.400000,2.762841,0.990475,0.990475,stable,0.086948,0.587785,1,1,0.017293,1,1
25.500000,0.000000,1,0,1,0,0.000143,0,1,1,12286.124405,0.000000,0.010264,0.130153,1.038032,0,0.500000,2.784079,0.990475,0.990475,stable,0.130153,0.000000,1,1,0.001000,1,1
25.600000,-1.797368,1,0,1,0,0.000132,0,1,1,12186.140814,0.000000,0.010264,0.711430,1.033978,0,0.600000,2.797045,0.990475,0.990475,stable,0.123645,-0.587785,1,1,0.001000,1,1
25.700000,-3.662805,1,0,1,0,0.000130,0,1,1,12369.172289,0.000000,0.010264,1.020967,1.029954,0,0.700000,2.784079,0.990475,0.990475,stable,0.069911,-0.951057,1,1,0.001000,1,1
25.800000,-3.497350,1,0,1,0,0.000136,0,1,1,12253.777419,0.000000,0.010264,0.940531,1.025962,0,0.800000,2.762841,0.990475,0.990475,stable,-0.010525,-0.951057,1,1,0.001000,1,1
25.900000,-1.360083,1,0,1,0,0.000156,0,1,1,12262.855438,0.000000,0.010264,0.500846,1.022001,0,0.900000,2.741924,0.990475,0.990475,stable,-0.086939,-0.587785,1,1,0.001000,1,1
26,-0.000000,1,0,1,0,0.000151,0,1,1,12345.471991,0.000000,0.010264,0.130144,1.018070,0,1,2.762841,0.990475,0.990475,stable,-0.130144,0.000000,1,1,0.001000,1,1
26.100000,-1.797353,1,0,1,0,0.000132,0,1,1,12247.160547,0.000000,0.010264,0.711422,1.014170,0,1.100000,2.784079,0.990475,0.990475,stable,-0.123637,0.587785,1,1,0.001000,1,1
26.200000,-3.662791,1,0,1,0,0.000135,0,1,1,12426.481048,0.000000,0.010264,1.020960,1.010299,0,1.200000,2.762841,0.990475,0.990475,stable,-0.069903,0.951057,1,1,0.001000,1,1
26.300000,-3.497334,1,0,1,0,0.000132,0,1,1,12313.053834,0.000000,0.010264,0.940524,1.006457,0,1.300000,2.741924,0.990475,0.990475,stable,0.010532,0.951057,1,1,0.001000,1,1
26.400000,-1.360067,1,0,1,0,0.000129,0,1,1,12321.726193,0.000000,0.010264,0.500839,1.002645,0,1.400000,2.708096,0.990475,0.990475,stable,0.086946,0.587785,1,1,0.001000,1,1
26.500000,0.000000,1,0,1,0,0.000140,0,1,1,12402.579234,0.000000,0.010264,0.130151,0.998861,0,1.500000,2.741924,0.990475,0.990475,stable,0.130151,0.000000,1,1,0.001000,1,1
26.600000,-1.797364,1,0,1,0,0.000139,0,1,1,12305.885697,0.000000,0.010264,0.711428,0.995106,0,1.600000,2.762841,0.990475,0.990475,stable,0.123643,-0.587785,1,1,0.001000,1,1
26.700000,-3.662802,1,0,1,0,0.000139,0,1,1,12481.642597,0.000000,0.010264,1.020966,0.991379,0,1.700000,2.741924,0.990475,0.990475,stable,0.069909,-0.951057,1,1,0.001000,1,1
26.800000,-3.497347,1,0,1,0,0.000129,0,1,1,12370.116732,0.000000,0.010264,0.940530,0.987680,0,1.800000,2.708096,0.990475,0.990475,stable,-0.010527,-0.951057,1,1,0.001000,1,1
26.900000,-1.360079,1,0,1,0,0.000129,0,1,1,12378.408022,0.000000,0.010264,0.500844,0.984008,0,1.900000,2.675093,0.990475,0.990475,stable,-0.086941,-0.587785,1,1,0.001000,1,1
27,0.000000,1,0,1,0,0.000145,0,1,1,12457.570757,0.000000,0.010264,0.130146,0.980364,0,2,2.708096,0.990475,0.990475,stable,-0.130146,-0.000000,1,1,0.001000,1,1
27.100000,-1.797356,1,0,1,0,0.000139,0,1,1,12362.444087,0.000000,0.010264,0.711424,0.976746,0,2.100000,2.741924,0.990475,0.990475,stable,-0.123638,0.587785,1,1,0.001000,1,1
27.200000,-3.662793,1,0,1,0,0.000133,0,1,1,12534.775590,0.000000,0.010264,1.020961,0.973155,0,2.200000,2.708096,0.990475,0.990475,stable,-0.069905,0.951057,1,1,0.001000,1,1
27.300000,-3.497337,1,0,1,0,0.000142,0,1,1,12425.090099,0.000000,0.010264,0.940525,0.969591,0,2.300000,2.675093,0.990475,0.990475,stable,0.010531,0.951057,1,1,0.001000,1,1
27.400000,-1.360070,1,0,1,0,0.000142,0,1,1,12433.021414,0.000000,0.010264,0.500840,0.966052,0,2.400000,2.662506,0.990475,0.990475,stable,0.086945,0.587785,1,1,0.001000,1,1
27.500000,-0.000000,1,0,1,0,0.000136,0,1,1,12510.561910,0.000000,0.010264,0.130150,0.962539,0,2.500000,2.675093,0.990475,0.990475,stable,0.130150,-0.000000,1,1,0.001000,1,1
27.600000,-1.797362,1,0,1,0,0.000130,0,1,1,12416.952867,0.000000,0.010264,0.711427,0.959052,0,2.600000,2.708096,0.990475,0.990475,stable,0.123642,-0.587785,1,1,0.001000,1,1
27.700000,-3.662800,1,0,1,0,0.000130,0,1,1,12585.989756,0.000000,0.010264,1.020965,0.955589,0,2.700000,2.675093,0.990475,0.990475,stable,0.069908,-0.951057,1,1,0.001000,1,1
27.800000,-3.497344,1,0,1,0,0.000140,0,1,1,12478.084917,0.000000,0.010264,0.940529,0.952152,0,2.800000,2.662506,0.990475,0.990475,stable,-0.010528,-0.951057,1,1,0.001000,1,1
27.900000,-1.360077,1,0,1,0,0.000137,0,1,1,12485.677081,0.000000,0.010264,0.500843,0.948739,0,2.900000,2.650038,0.990475,0.990475,stable,-0.086942,-0.587785,1,1,0.001000,1,1
28,0.000000,1,0,1,0,0.000138,0,1,1,12561.659958,0.000000,0.010264,0.130147,0.945351,0,3,2.662506,0.990475,0.990475,stable,-0.130147,-0.000000,1,1,0.001000,1,1
28.100000,-1.797357,1,0,1,0,0.000131,0,1,1,12469.521923,0.000000,0.010264,0.711424,0.941987,0,3.100000,2.675093,0.990475,0.990475,stable,-0.123639,0.587785,1,1,0.001000,1,1
28.200000,-3.662795,1,0,1,0,0.000135,0,1,1,12635.387310,0.000000,0.010264,1.020962,0.938646,0,3.200000,2.662506,0.990475,0.990475,stable,-0.069905,0.951057,1,1,0.001000,1,1
28.300000,-3.497339,1,0,1,0,0.000133,0,1,1,12529.207425,0.000000,0.010264,0.940526,0.935330,0,3.300000,2.650038,0.990475,0.990475,stable,0.010530,0.951057,1,1,0.001000,1,1
28.400000,-1.360071,1,0,1,0,0.000132,0,1,1,12536.478803,0.000000,0.010264,0.500841,0.932036,0,3.400000,2.610709,0.990475,0.990475,stable,0.086944,0.587785,1,1,0.001000,1,1
28.500000,0.000000,1,0,1,0,0.000132,0,1,1,12610.964516,0.000000,0.010264,0.130149,0.928766,0,3.500000,2.650038,0.990475,0.990475,stable,0.130149,0.000000,1,1,0.001000,1,1
28.600000,-1.797361,1,0,1,0,0.000159,0,1,1,12520.252638,0.000000,0.010264,0.711427,0.925518,0,3.600000,2.662506,0.990475,0.990475,stable,0.123641,-0.587785,1,1,0.001000,1,1
28.700000,-3.662799,1,0,1,0,0.000137,0,1,1,12683.063135,0.000000,0.010264,1.020964,0.922294,0,3.700000,2.650038,0.990475,0.990475,stable,0.069908,-0.951057,1,1,0.001000,1,1
28.800000,-3.497343,1,0,1,0,0.000148,0,1,1,12578.554125,0.000000,0.010264,0.940528,0.919091,0,3.800000,2.610709,0.990475,0.990475,stable,-0.010528,-0.951057,1,1,0.001000,1,1
28.900000,-1.360076,1,0,1,0,0.000130,0,1,1,12585.522520,0.000000,0.010264,0.500843,0.915911,0,3.900000,2.572531,0.990475,0.990475,stable,-0.086942,-0.587785,1,1,0.001000,1,1
29,-0.000000,1,0,1,0,0.000134,0,1,1,12658.568419,0.000000,0.010264,0.130147,0.912753,0,4,2.610709,0.990475,0.990475,stable,-0.130147,0.000000,1,1,0.001000,1,1
29.100000,-1.797358,1,0,1,0,0.000135,0,1,1,12569.240047,0.000000,0.010264,0.711425,0.909616,0,4.100000,2.650038,0.990475,0.990475,stable,-0.123640,0.587785,1,1,0.001000,1,1
29.200000,-3.662796,1,0,1,0,0.000130,0,1,1,12729.105772,0.000000,0.010264,1.020962,0.906501,0,4.200000,2.610709,0.990475,0.990475,stable,-0.069906,0.951057,1,1,0.001000,1,1
29.300000,-3.497340,1,0,1,0,0.000128,0,1,1,12626.216726,0.000000,0.010264,0.940527,0.903407,0,4.300000,2.572531,0.990475,0.990475,stable,0.010530,0.951057,1,1,0.001000,1,1
29.400000,-1.360072,1,0,1,0,0.000131,0,1,1,12632.898148,0.000000,0.010264,0.500841,0.900334,0,4.400000,2.495484,0.990475,0.990475,stable,0.086944,0.587785,1,1,0.001000,1,1
29.500000,0.000000,1,0,1,0,0.000134,0,1,1,12704.558137,0.000000,0.010264,0.130148,0.897282,0,4.500000,2.572531,0.990475,0.990475,stable,0.130148,0.000000,1,1,0.001000,1,1
29.600000,-1.797360,1,0,1,0,0.000132,0,1,1,12616.572293,0.000000,0.010264,0.711426,0.894251,0,4.600000,2.610709,0.990475,0.990475,stable,0.123641,-0.587785,1,1,0.017293,1,1
29.700000,-3.662798,1,0,1,0,0.000134,0,1,1,12773.597676,0.000000,0.010264,1.020964,0.891240,0,4.700000,2.572531,0.990475,0.990475,stable,0.069907,-0.951057,1,1,0.037621,1,1
29.800000,-3.497342,1,0,1,0,0.000131,0,1,1,12672.279414,0.000000,0.010264,0.940528,0.888249,0,4.800000,2.495484,0.990475,0.990475,stable,-0.010529,-0.951057,1,1,0.058247,1,1
29.900000,-1.360075,1,0,1,0,0.000134,0,1,1,12678.689203,0.000000,0.010264,0.500843,0.885278,0,4.900000,2.422917,0.990475,0.990475,stable,-0.086943,-0.587785,1,1,0.079073,1,1
30,0.000000,1,0,1,0,0.000137,0,1,1,12749.014425,0.000000,0.010264,0.130147,0.882328,0,5,2.495484,0.990475,0.990475,stable,-0.130147,-0.000000,1,1,0.100000,1,1
30.100000,-1.797359,1,0,1,0,0.000148,0,1,1,12662.332021,0.000000,0.010264,0.711425,0.879396,0,5.100000,2.572531,0.990475,0.990475,stable,-0.123640,0.587785,1,1,0.120927,1,1
30.200000,-3.662796,1,0,1,0,0.000128,0,1,1,12816.615932,0.000000,0.010264,1.020963,0.876484,0,5.200000,2.495484,0.990475,0.990475,stable,-0.069906,0.951057,1,1,0.141753,1,1
30.300000,-3.497340,1,0,1,0,0.000150,0,1,1,12716.821859,0.000000,0.010264,0.940527,0.873592,0,5.300000,2.422917,0.990475,0.990475,stable,0.010530,0.951057,1,1,0.162379,1,1
30.400000,-1.360073,1,0,1,0,0.000167,0,1,1,12722.974002,0.000000,0.010264,0.500842,0.870718,0,5.400000,2.419508,0.990475,0.990475,stable,0.086944,0.587785,1,1,0.182707,1,1
30.500000,0.000000,1,0,1,0,0.000151,0,1,1,12792.012702,0.000000,0.010264,0.130148,0.867863,0,5.500000,2.422917,0.990475,0.990475,stable,0.130148,0.000000,1,1,0.202643,1,1
30.600000,-1.797360,1,0,1,0,0.000137,0,1,1,12706.596200,0.000000,0.010264,0.711426,0.865027,0,5.600000,2.495484,0.990475,0.990475,stable,0.123641,-0.587785,1,1,0.222096,1,1
30.700000,-3.662798,1,0,1,0,0.000129,0,1,1,12858.232534,0.000000,0.010264,1.020963,0.862209,0,5.700000,2.422917,0.990475,0.990475,stable,0.069907,-0.951057,1,1,0.240981,1,1
30.800000,-3.497342,1,0,1,0,0.000156,0,1,1,12759.917762,0.000000,0.010264,0.940528,0.859410,0,5.800000,2.419508,0.990475,0.990475,stable,-0.010529,-0.951057,1,1,0.259218,1,1
30.900000,-1.360074,1,0,1,0,0.000153,0,1,1,12765.825567,0.000000,0.010264,0.500842,0.856629,0,5.900000,2.416108,0.990475,0.990475,stable,-0.086943,-0.587785,1,1,0.276734,1,1
31,0.000000,1,0,1,0,0.000142,0,1,1,12833.623550,0.000000,0.010264,0.130148,0.853865,0,6,2.419508,0.990475,0.990475,stable,-0.130148,-0.000000,1,1,0.293459,1,1
31.100000,-1.797359,1,0,1,0,0.000139,0,1,1,12749.437056,0.000000,0.010264,0.711425,0.851120,0,6.100000,2.422917,0.990475,0.990475,stable,-0.123640,0.587785,1,1,0.309334,1,1
31.200000,-3.662797,1,0,1,0,0.000133,0,1,1,12898.514909,0.000000,0.010264,1.020963,0.848392,0,6.200000,2.419508,0.990475,0.990475,stable,-0.069906,0.951057,1,1,0.324303,1,1
31.300000,-3.497341,1,0,1,0,0.000144,0,1,1,12801.636720,0.000000,0.010264,0.940527,0.845681,0,6.300000,2.416108,0.990475,0.990475,stable,0.010529,0.951057,1,1,0.338318,1,1
31.400000,-1.360073,1,0,1,0,0.000139,0,1,1,12807.312440,0.000000,0.010264,0.500842,0.842988,0,6.400000,2.357285,0.990475,0.990475,stable,0.086943,0.587785,1,1,0.351335,1,1
31.500000,-0.000000,1,0,1,0,0.000145,0,1,1,12873.913046,0.000000,0.010264,0.130148,0.840312,0,6.500000,2.416108,0.990475,0.990475,stable,0.130148,-0.000000,1,1,0.363320,1,1
31.600000,-1.797360,1,0,1,0,0.000196,0,1,1,12790.922087,0.000000,0.010264,0.711426,0.837653,0,6.600000,2.419508,0.990475,0.990475,stable,0.123641,-0.587785,1,1,0.374240,1,1
31.700000,-3.662797,1,0,1,0,0.000144,0,1,1,12937.526191,0.000000,0.010264,1.020963,0.835010,0,6.700000,2.416108,0.990475,0.990475,stable,0.069907,-0.951057,1,1,0.384069,1,1
31.800000,-3.497342,1,0,1,0,0.000140,0,1,1,12842.043493,0.000000,0.010264,0.940528,0.832384,0,6.800000,2.357285,0.990475,0.990475,stable,-0.010529,-0.951057,1,1,0.392784,1,1
31.900000,-1.360074,1,0,1,0,0.000139,0,1,1,12847.498737,0.000000,0.010264,0.500842,0.829775,0,6.900000,2.301257,0.990475,0.990475,stable,-0.086943,-0.587785,1,1,0.400369,1,1
32,0.000000,1,0,1,0,0.000151,0,1,1,12912.943153,0.000000,0.010264,0.130148,0.827182,0,7,2.357285,0.990475,0.990475,stable,-0.130148,-0.000000,1,1,0.406809,1,1
32.100000,-1.797359,1,0,1,0,0.000137,0,1,1,12831.114706,0.000000,0.010264,0.711426,0.824605,0,7.100000,2.416108,0.990475,0.990475,stable,-0.123640,0.587785,1,1,0.412092,1,1
32.200000,-3.662797,1,0,1,0,0.000133,0,1,1,12975.325622,0.000000,0.010264,1.020963,0.822044,0,7.200000,2.357285,0.990475,0.990475,stable,-0.069906,0.951057,1,1,0.416209,1,1
32.300000,-3.497341,1,0,1,0,0.000139,0,1,1,12881.199177,0.000000,0.010264,0.940527,0.819499,0,7.300000,2.301257,0.990475,0.990475,stable,0.010529,0.951057,1,1,0.419154,1,1
32.400000,-1.360073,1,0,1,0,0.000149,0,1,1,12886.444713,0.000000,0.010264,0.500842,0.816970,0,7.400000,2.270102,0.990475,0.990475,stable,0.086943,0.587785,1,1,0.420923,1,1
32.500000,0.000000,1,0,1,0,0.000146,0,1,1,12950.772006,0.000000,0.010264,0.130148,0.814456,0,7.500000,2.301257,0.990475,0.990475,stable,0.130148,0.000000,1,1,0.421513,1,1
32.600000,-1.797360,1,0,1,0,0.000130,0,1,1,12870.074342,0.000000,0.010264,0.711426,0.811958,0,7.600000,2.357285,0.990475,0.990475,stable,0.123641,-0.587785,1,1,0.420923,1,1
32.700000,-3.662797,1,0,1,0,0.000129,0,1,1,13011.968797,0.000000,0.010264,1.020963,0.809475,0,7.700000,2.301257,0.990475,0.990475,stable,0.069907,-0.951057,1,1,0.419154,1,1
32.800000,-3.497341,1,0,1,0,0.000161,0,1,1,12919.160879,0.000000,0.010264,0.940527,0.807007,0,7.800000,2.270102,0.990475,0.990475,stable,-0.010529,-0.951057,1,1,0.416209,1,1
32.900000,-1.360074,1,0,1,0,0.000148,0,1,1,12924.206887,0.000000,0.010264,0.500842,0.804554,0,7.900000,2.239778,0.990475,0.990475,stable,-0.086943,-0.587785,1,1,0.412092,1,1
33,0.000000,1,0,1,0,0.000141,0,1,1,12987.454227,0.000000,0.010264,0.130148,0.802116,0,8,2.270102,0.990475,0.990475,stable,-0.130148,-0.000000,1,1,0.406809,1,1
33.100000,-1.797359,1,0,1,0,0.000129,0,1,1,12907.856904,0.000000,0.010264,0.711426,0.799693,0,8.100000,2.301257,0.990475,0.990475,stable,-0.123640,0.587785,1,1,0.400369,1,1
33.200000,-3.662797,1,0,1,0,0.000141,0,1,1,13047.507976,0.000000,0.010264,1.020963,0.797284,0,8.200000,2.270102,0.990475,0.990475,stable,-0.069907,0.951057,1,1,0.392784,1,1
33.300000,-3.497341,1,0,1,0,0.000150,0,1,1,12955.982479,0.000000,0.010264,0.940527,0.794890,0,8.300000,2.239778,0.990475,0.990475,stable,0.010529,0.951057,1,1,0.384069,1,1
33.400000,-1.360074,1,0,1,0,0.000141,0,1,1,12960.838448,0.000000,0.010264,0.500842,0.792510,0,8.400000,2.222397,0.990475,0.990475,stable,0.086943,0.587785,1,1,0.374240,1,1
33.500000,0.000000,1,0,1,0,0.000138,0,1,1,13023.041167,0.000000,0.010264,0.130148,0.790144,0,8.500000,2.239778,0.990475,0.990475,stable,0.130148,0.000000,1,1,0.363320,1,1
33.600000,-1.797360,1,0,1,0,0.000134,0,1,1,12944.514918,0.000000,0.010264,0.711426,0.787792,0,8.600000,2.270102,0.990475,0.990475,stable,0.123641,-0.587785,1,1,0.351335,1,1
33.700000,-3.662797,1,0,1,0,0.000130,0,1,1,13081.992306,0.000000,0.010264,1.020963,0.785455,0,8.700000,2.239778,0.990475,0.990475,stable,0.069907,-0.951057,1,1,0.338318,1,1
33.800000,-3.497341,1,0,1,0,0.000137,0,1,1,12991.714510,0.000000,0.010264,0.940527,0.783131,0,8.800000,2.222397,0.990475,0.990475,stable,-0.010529,-0.951057,1,1,0.324303,1,1
33.900000,-1.360074,1,0,1,0,0.000137,0,1,1,12996.389407,0.000000,0.010264,0.500842,0.780821,0,8.900000,2.205283,0.990475,0.990475,stable,-0.086943,-0.587785,1,1,0.309334,1,1
34,-0.000000,1,0,1,0,0.000148,0,1,1,13057.581163,0.000000,0.010264,0.130148,0.778524,0,9,2.222397,0.990475,0.990475,stable,-0.130148,0.000000,1,1,0.293459,1,1
34.100000,-1.797359,1,0,1,0,0.000144,0,1,1,12980.097873,0.000000,0.010264,0.711426,0.776241,0,9.100000,2.239778,0.990475,0.990475,stable,-0.123640,0.587785,1,1,0.276734,1,1
34.200000,-3.662797,1,0,1,0,0.000149,0,1,1,13115.468069,0.000000,0.010264,1.020963,0.773972,0,9.200000,2.222397,0.990475,0.990475,stable,-0.069907,0.951057,1,1,0.259218,1,1
34.300000,-3.497341,1,0,1,0,0.000138,0,1,1,13026.404679,0.000000,0.010264,0.940527,0.771715,0,9.300000,2.205283,0.990475,0.990475,stable,0.010529,0.951057,1,1,0.240981,1,1
34.400000,-1.360074,1,0,1,0,0.000145,0,1,1,13030.906896,0.000000,0.010264,0.500842,0.769472,0,9.400000,2.195298,0.990475,0.990475,stable,0.086943,0.587785,1,1,0.222096,1,1
34.500000,0.000000,1,0,1,0,0.000141,0,1,1,13091.119744,0.000000,0.010264,0.130148,0.767241,0,9.500000,2.205283,0.990475,0.990475,stable,0.130148,0.000000,1,1,0.202643,1,1
34.600000,-1.797359,1,0,1,0,0.000131,0,1,1,13014.652364,0.000000,0.010264,0.711426,0.765024,0,9.600000,2.222397,0.990475,0.990475,stable,0.123641,-0.587785,1,1,0.182707,1,1
34.700000,-3.662797,1,0,1,0,0.000131,0,1,1,13147.978869,0.000000,0.010264,1.020963,0.762819,0,9.700000,2.205283,0.990475,0.990475,stable,0.069907,-0.951057,1,1,0.162379,1,1
34.800000,-3.497341,1,0,1,0,0.000151,0,1,1,13060.097862,0.000000,0.010264,0.940527,0.760627,0,9.800000,2.195298,0.990475,0.990475,stable,-0.010529,-0.951057,1,1,0.141753,1,1
34.900000,-1.360074,1,0,1,0,0.000147,0,1,1,13064.435325,0.000000,0.010264,0.500842,0.758448,0,9.900000,2.185403,0.990475,0.990475,stable,-0.086943,-0.587785,1,1,0.120927,1,1
35,0.000000,1,0,1,0,0.000139,0,1,1,13123.699840,0.000000,0.010264,0.130148,0.756281,0,10,2.195298,0.990475,0.990475,stable,-0.130148,-0.000000,1,1,0.100000,1,1
35.100000,-1.797359,1,0,1,0,0.000128,0,1,1,13048.222354,0.000000,0.010264,0.711426,0.754126,0,10.100000,2.205283,0.990475,0.990475,stable,-0.123640,0.587785,1,1,0.079073,1,1
35.200000,-3.662797,1,0,1,0,0.000139,0,1,1,13179.565841,0.000000,0.010264,1.020963,0.751984,0,10.200000,2.195298,0.990475,0.990475,stable,-0.069907,0.951057,1,1,0.058247,1,1
35.300000,-3.497341,1,0,1,0,0.000146,0,1,1,13092.836457,0.000000,0.010264,0.940527,0.749853,0,10.300000,2.185403,0.990475,0.990475,stable,0.010529,0.951057,1,1,0.037621,1,1
35.400000,-1.360074,1,0,1,0,0.000163,0,1,1,13097.016612,0.000000,0.010264,0.500842,0.747735,0,10.400000,2.179569,0.990475,0.990475,stable,0.086943,0.587785,1,1,0.017293,1,1
35.500000,-0.000000,1,0,1,0,0.000146,0,1,1,13155.361959,0.000000,0.010264,0.130148,0.745629,0,10.500000,2.185403,0.990475,0.990475,stable,0.130148,-0.000000,1,1,0.001000,1,1
35.600000,-1.797359,1,0,1,0,0.000136,0,1,1,13080.849319,0.000000,0.010264,0.711426,0.743534,0,10.600000,2.195298,0.990475,0.990475,stable,0.123640,-0.587785,1,1,0.001000,1,1
35.700000,-3.662797,1,0,1,0,0.000137,0,1,1,13210.267808,0.000000,0.010264,1.020963,0.741452,0,10.700000,2.185403,0.990475,0.990475,stable,0.069907,-0.951057,1,1,0.001000,1,1
35.800000,-3.497341,1,0,1,0,0.000145,0,1,1,13124.660443,0.000000,0.010264,0.940527,0.739381,0,10.800000,2.179569,0.990475,0.990475,stable,-0.010529,-0.951057,1,1,0.001000,1,1
35.900000,-1.360074,1,0,1,0,0.000146,0,1,1,13128.690325,0.000000,0.010264,0.500842,0.737321,0,10.900000,2.173766,0.990475,0.990475,stable,-0.086943,-0.587785,1,1,0.001000,1,1
36,0.000000,1,0,1,0,0.000152,0,1,1,13186.144360,0.000000,0.010264,0.130148,0.735273,0,11,2.179569,0.990475,0.990475,stable,-0.130148,-0.000000,1,1,0.001000,1,1
36.100000,-1.797359,1,0,1,0,0.000139,0,1,1,13112.572450,0.000000,0.010264,0.711426,0.733236,0,11.100000,2.185403,0.990475,0.990475,stable,-0.123640,0.587785,1,1,0.001000,1,1
36.200000,-3.662797,1,0,1,0,0.000127,0,1,1,13240.121452,0.000000,0.010264,1.020963,0.731211,0,11.200000,2.179569,0.990475,0.990475,stable,-0.069907,0.951057,1,1,0.001000,1,1
36.300000,-3.497341,1,0,1,0,0.000137,0,1,1,13155.607637,0.000000,0.010264,0.940527,0.729196,0,11.300000,2.173766,0.990475,0.990475,stable,0.010529,0.951057,1,1,0.001000,1,1
36.400000,-1.360074,1,0,1,0,0.000141,0,1,1,13159.493870,0.000000,0.010264,0.500842,0.727193,0,11.400000,2.170323,0.990475,0.990475,stable,0.086943,0.587785,1,1,0.001000,1,1
36.500000,0.000000,1,0,1,0,0.000141,0,1,1,13216.083204,0.000000,0.010264,0.130148,0.725201,0,11.500000,2.173766,0.990475,0.990475,stable,0.130148,0.000000,1,1,0.001000,1,1
36.600000,-1.797359,1,0,1,0,0.000135,0,1,1,13143.428789,0.000000,0.010264,0.711426,0.723219,0,11.600000,2.179569,0.990475,0.990475,stable,0.123640,-0.587785,1,1,0.001000,1,1
36.700000,-3.662797,1,0,1,0,0.000146,0,1,1,13269.161452,0.000000,0.010264,1.020963,0.721249,0,11.700000,2.173766,0.990475,0.990475,stable,0.069907,-0.951057,1,1,0.001000,1,1
36.800000,-3.497341,1,0,1,0,0.000154,0,1,1,13185.713768,0.000000,0.010264,0.940527,0.719289,0,11.800000,2.170323,0.990475,0.990475,stable,-0.010529,-0.951057,1,1,0.001000,1,1
36.900000,-1.360074,1,0,1,0,0.000144,0,1,1,13189.462616,0.000000,0.010264,0.500842,0.717339,0,11.900000,2.166892,0.990475,0.990475,stable,-0.086943,-0.587785,1,1,0.001000,1,1
37,0.000000,1,0,1,0,0.000137,0,1,1,13245.212699,0.000000,0.010264,0.130148,0.715401,0,12,2.170323,0.990475,0.990475,stable,-0.130148,-0.000000,1,1,0.001000,1,1
37.100000,-1.797359,1,0,1,0,0.000136,0,1,1,13173.453384,0.000000,0.010264,0.711426,0.713472,0,12.100000,2.173766,0.990475,0.990475,stable,-0.123640,0.587785,1,1,0.001000,1,1
37.200000,-3.662797,1,0,1,0,0.000136,0,1,1,13297.420625,0.000000,0.010264,1.020963,0.711554,0,12.200000,2.170323,0.990475,0.990475,stable,-0.069907,0.951057,1,1,0.001000,1,1
37.300000,-3.497341,1,0,1,0,0.000146,0,1,1,13215.012674,0.000000,0.010264,0.940527,0.709647,0,12.300000,2.166892,0.990475,0.990475,stable,0.010529,0.951057,1,1,0.001000,1,1
37.400000,-1.360074,1,0,1,0,0.000139,0,1,1,13218.630048,0.000000,0.010264,0.500842,0.707749,0,12.400000,2.164848,0.990475,0.990475,stable,0.086943,0.587785,1,1,0.001000,1,1
37.500000,0.000000,1,0,1,0,0.000141,0,1,1,13273.565225,0.000000,0.010264,0.130148,0.705862,0,12.500000,2.166892,0.990475,0.990475,stable,0.130148,0.000000,1,1,0.001000,1,1
37.600000,-1.797359,1,0,1,0,0.000134,0,1,1,13202.679416,0.000000,0.010264,0.711426,0.703985,0,12.600000,2.170323,0.990475,0.990475,stable,0.123640,-0.587785,1,1,0.001000,1,1
37.700000,-3.662797,1,0,1,0,0.000128,0,1,1,13324.930046,0.000000,0.010264,1.020963,0.702117,0,12.700000,2.166892,0.990475,0.990475,stable,0.069907,-0.951057,1,1,0.001000,1,1
37.800000,-3.497341,1,0,1,0,0.000137,0,1,1,13243.536382,0.000000,0.010264,0.940527,0.700260,0,12.800000,2.164848,0.990475,0.990475,stable,-0.010529,-0.951057,1,1,0.001000,1,1
37.900000,-1.360074,1,0,1,0,0.000142,0,1,1,13247.027878,0.000000,0.010264,0.500842,0.698412,0,12.900000,2.162809,0.990475,0.990475,stable,-0.086943,-0.587785,1,1,0.001000,1,1
38,0.000000,1,0,1,0,0.000189,0,1,1,13301.171459,0.000000,0.010264,0.130148,0.696574,0,13,2.164848,0.990475,0.990475,stable,-0.130148,-0.000000,1,1,0.001000,1,1
38.100000,-1.797359,1,0,1,0,0.000149,0,1,1,13231.138328,0.000000,0.010264,0.711426,0.694746,0,13.100000,2.166892,0.990475,0.990475,stable,-0.123640,0.587785,1,1,0.001000,1,1
38.200000,-3.662797,1,0,1,0,0.000131,0,1,1,13351.719161,0.000000,0.010264,1.020963,0.692927,0,13.200000,2.164848,0.990475,0.990475,stable,-0.069907,0.951057,1,1,0.001000,1,1
38.300000,-3.497341,1,0,1,0,0.000140,0,1,1,13271.315263,0.000000,0.010264,0.940527,0.691118,0,13.300000,2.162809,0.990475,0.990475,stable,0.010529,0.951057,1,1,0.001000,1,1
38.400000,-1.360074,1,0,1,0,0.000143,0,1,1,13274.686171,0.000000,0.010264,0.500842,0.689318,0,13.400000,2.161592,0.990475,0.990475,stable,0.086943,0.587785,1,1,0.001000,1,1
38.500000,0.000000,1,0,1,0,0.000142,0,1,1,13328.060484,0.000000,0.010264,0.130148,0.687528,0,13.500000,2.162809,0.990475,0.990475,stable,0.130148,0.000000,1,1,0.001000,1,1
38.600000,-1.797359,1,0,1,0,0.000129,0,1,1,13258.859930,0.000000,0.010264,0.711426,0.685747,0,13.600000,2.164848,0.990475,0.990475,stable,0.123640,-0.587785,1,1,0.001000,1,1
38.700000,-3.662797,1,0,1,0,0.000129,0,1,1,13377.815896,0.000000,0.010264,1.020963,0.683975,0,13.700000,2.162809,0.990475,0.990475,stable,0.069907,-0.951057,1,1,0.001000,1,1
38.800000,-3.497341,1,0,1,0,0.000144,0,1,1,13298.378109,0.000000,0.010264,0.940527,0.682212,0,13.800000,2.161592,0.990475,0.990475,stable,-0.010529,-0.951057,1,1,0.001000,1,1
38.900000,-1.360074,1,0,1,0,0.000148,0,1,1,13301.633444,0.000000,0.010264,0.500842,0.680458,0,13.900000,2.160376,0.990475,0.990475,stable,-0.086943,-0.587785,1,1,0.001000,1,1
39,0.000000,1,0,1,0,0.000143,0,1,1,13354.259892,0.000000,0.010264,0.130148,0.678713,0,14,2.161592,0.990475,0.990475,stable,-0.130148,-0.000000,1,1,0.001000,1,1
39.100000,-1.797359,1,0,1,0,0.000134,0,1,1,13285.872510,0.000000,0.010264,0.711426,0.676978,0,14.100000,2.162809,0.990475,0.990475,stable,-0.123640,0.587785,1,1,0.001000,1,1
39.200000,-3.662797,1,0,1,0,0.000179,0,1,1,13403.246750,0.000000,0.010264,1.020963,0.675251,0,14.200000,2.161592,0.990475,0.990475,stable,-0.069907,0.951057,1,1,0.001000,1,1
39.300000,-3.497341,1,0,1,0,0.000156,0,1,1,13324.752258,0.000000,0.010264,0.940527,0.673532,0,14.300000,2.160376,0.990475,0.990475,stable,0.010529,0.951057,1,1,0.001000,1,1
39.400000,-1.360074,1,0,1,0,0.000139,0,1,1,13327.896766,0.000000,0.010264,0.500842,0.671823,0,14.400000,2.159649,0.990475,0.990475,stable,0.086943,0.587785,1,1,0.001000,1,1
39.500000,-0.000000,1,0,1,0,0.000140,0,1,1,13379.795876,0.000000,0.010264,0.130148,0.670122,0,14.500000,2.160376,0.990475,0.990475,stable,0.130148,-0.000000,1,1,0.001000,1,1
39.600000,-1.797359,1,0,1,0,0.000138,0,1,1,13312.202925,0.000000,0.010264,0.711426,0.668430,0,14.600000,2.161592,0.990475,0.990475,stable,0.123640,-0.587785,1,1,0.017293,1,1
39.700000,-3.662797,1,0,1,0,0.000136,0,1,1,13428.036889,0.000000,0.010264,1.020963,0.666746,0,14.700000,2.160376,0.990475,0.990475,stable,0.069907,-0.951057,1,1,0.037621,1,1
39.800000,-3.497341,1,0,1,0,0.000137,0,1,1,13350.463666,0.000000,0.010264,0.940527,0.665071,0,14.800000,2.159649,0.990475,0.990475,stable,-0.010529,-0.951057,1,1,0.058247,1,1
39.900000,-1.360074,1,0,1,0,0.000138,0,1,1,13353.501850,0.000000,0.010264,0.500842,0.663404,0,14.900000,2.158923,0.990475,0.990475,stable,-0.086943,-0.587785,1,1,0.079073,1,1
40,0.000000,1,0,1,0,0.000149,0,1,1,13404.693320,0.000000,0.010264,0.130148,0.661746,0,15,2.159649,0.990475,0.990475,stable,-0.130148,-0.000000,1,1,0.100000,1,1
40.100000,-1.797359,1,0,1,0,0.000169,0,1,1,13337.876694,0.000000,0.010264,0.711426,0.660095,0,15.100000,2.160376,0.990475,0.990475,stable,-0.123640,0.587785,1,1,0.120927,1,1
40.200000,-3.662797,1,0,1,0,0.000142,0,1,1,13452.210225,0.000000,0.010264,1.020963,0.658453,0,15.200000,2.159649,0.990475,0.990475,stable,-0.069907,0.951057,1,1,0.141753,1,1
40.300000,-3.497341,1,0,1,0,0.000140,0,1,1,13375.537004,0.000000,0.010264,0.940527,0.656820,0,15.300000,2.158923,0.990475,0.990475,stable,0.010529,0.951057,1,1,0.162379,1,1
40.400000,-1.360074,1,0,1,0,0.000142,0,1,1,13378.473136,0.000000,0.010264,0.500842,0.655194,0,15.400000,2.158489,0.990475,0.990475,stable,0.086943,0.587785,1,1,0.182707,1,1
40.500000,0.000000,1,0,1,0,0.000159,0,1,1,13428.975878,0.000000,0.010264,0.130148,0.653576,0,15.500000,2.158923,0.990475,0.990475,stable,0.130148,0.000000,1,1,0.202643,1,1
40.600000,-1.797359,1,0,1,0,0.000139,0,1,1,13362.918078,0.000000,0.010264,0.711426,0.651966,0,15.600000,2.159649,0.990475,0.990475,stable,0.123640,-0.587785,1,1,0.222096,1,1
40.700000,-3.662797,1,0,1,0,0.000135,0,1,1,13475.789494,0.000000,0.010264,1.020963,0.650364,0,15.700000,2.158923,0.990475,0.990475,stable,0.069907,-0.951057,1,1,0.240981,1,1
40.800000,-3.497341,1,0,1,0,0.000133,0,1,1,13399.995733,0.000000,0.010264,0.940527,0.648770,0,15.800000,2.158489,0.990475,0.990475,stable,-0.010529,-0.951057,1,1,0.259218,1,1
40.900000,-1.360074,1,0,1,0,0.000163,0,1,1,13402.833869,0.000000,0.010264,0.500842,0.647184,0,15.900000,2.158055,0.990475,0.990475,stable,-0.086943,-0.587785,1,1,0.276734,1,1
41,0.000000,1,0,1,0,0.000151,0,1,1,13452.666053,0.000000,0.010264,0.130148,0.645606,0,16,2.158489,0.990475,0.990475,stable,-0.130148,-0.000000,1,1,0.293459,1,1
41.100000,-1.797359,1,0,1,0,0.000134,0,1,1,13387.350159,0.000000,0.010264,0.711426,0.644035,0,16.100000,2.158923,0.990475,0.990475,stable,-0.123640,0.587785,1,1,0.309334,1,1
41.200000,-3.662797,1,0,1,0,0.000133,0,1,1,13498.796331,0.000000,0.010264,1.020963,0.642472,0,16.200000,2.158489,0.990475,0.990475,stable,-0.069907,0.951057,1,1,0.324303,1,1
41.300000,-3.497341,1,0,1,0,0.000146,0,1,1,13423.862178,0.000000,0.010264,0.940527,0.640916,0,16.300000,2.158055,0.990475,0.990475,stable,0.010529,0.951057,1,1,0.338318,1,1
41.400000,-1.360074,1,0,1,0,0.000141,0,1,1,13426.606170,0.000000,0.010264,0.500842,0.639368,0,16.400000,2.157796,0.990475,0.990475,stable,0.086943,0.587785,1,1,0.351335,1,1
41.500000,-0.000000,1,0,1,0,0.000139,0,1,1,13475.785259,0.000000,0.010264,0.130148,0.637827,0,16.500000,2.158055,0.990475,0.990475,stable,0.130148,-0.000000,1,1,0.363320,1,1
41.600000,-1.797359,1,0,1,0,0.000135,0,1,1,13411.194906,0.000000,0.010264,0.711426,0.636294,0,16.600000,2.158489,0.990475,0.990475,stable,0.123640,-0.587785,1,1,0.374240,1,1
41.700000,-3.662797,1,0,1,0,0.000150,0,1,1,13521.251330,0.000000,0.010264,1.020963,0.634768,0,16.700000,2.158055,0.990475,0.990475,stable,0.069907,-0.951057,1,1,0.384069,1,1
41.800000,-3.497341,1,0,1,0,0.000147,0,1,1,13447.157595,0.000000,0.010264,0.940527,0.633249,0,16.800000,2.157796,0.990475,0.990475,stable,-0.010529,-0.951057,1,1,0.392784,1,1
41.900000,-1.360074,1,0,1,0,0.000134,0,1,1,13449.811105,0.000000,0.010264,0.500842,0.631738,0,16.900000,2.157536,0.990475,0.990475,stable,-0.086943,-0.587785,1,1,0.400369,1,1
42,-0.000000,1,0,1,0,0.000138,0,1,1,13498.353892,0.000000,0.010264,0.130148,0.630234,0,17,2.157796,0.990475,0.990475,stable,-0.130148,0.000000,1,1,0.406809,1,1
42.100000,-1.797359,1,0,1,0,0.000177,0,1,1,13434.473247,0.000000,0.010264,0.711426,0.628737,0,17.100000,2.158055,0.990475,0.990475,stable,-0.123640,0.587785,1,1,0.412092,1,1
42.200000,-3.662797,1,0,1,0,0.000142,0,1,1,13543.174111,0.000000,0.010264,1.020963,0.627247,0,17.200000,2.157796,0.990475,0.990475,stable,-0.069907,0.951057,1,1,0.416209,1,1
42.300000,-3.497341,1,0,1,0,0.000132,0,1,1,13469.902236,0.000000,0.010264,0.940527,0.625764,0,17.300000,2.157536,0.990475,0.990475,stable,0.010529,0.951057,1,1,0.419154,1,1
42.400000,-1.360074,1,0,1,0,0.000140,0,1,1,13472.468748,0.000000,0.010264,0.500842,0.624288,0,17.400000,2.157381,0.990475,0.990475,stable,0.086943,0.587785,1,1,0.420923,1,1
42.500000,0.000000,1,0,1,0,0.000173,0,1,1,13520.391389,0.000000,0.010264,0.130148,0.622819,0,17.500000,2.157536,0.990475,0.990475,stable,0.130148,0.000000,1,1,0.421513,1,1
42.600000,-1.797359,1,0,1,0,0.000137,0,1,1,13457.205127,0.000000,0.010264,0.711426,0.621357,0,17.600000,2.157796,0.990475,0.990475,stable,0.123640,-0.587785,1,1,0.420923,1,1
42.700000,-3.662797,1,0,1,0,0.000132,0,1,1,13564.583373,0.000000,0.010264,1.020963,0.619902,0,17.700000,2.157536,0.990475,0.990475,stable,0.069907,-0.951057,1,1,0.419154,1,1
42.800000,-3.497341,1,0,1,0,0.000146,0,1,1,13492.115404,0.000000,0.010264,0.940527,0.618454,0,17.800000,2.157381,0.990475,0.990475,stable,-0.010529,-0.951057,1,1,0.416209,1,1
42.900000,-1.360074,1,0,1,0,0.000142,0,1,1,13494.598233,0.000000,0.010264,0.500842,0.617012,0,17.900000,2.157225,0.990475,0.990475,stable,-0.086943,-0.587785,1,1,0.412092,1,1
43,0.000000,1,0,1,0,0.000140,0,1,1,13541.916281,0.000000,0.010264,0.130148,0.615577,0,18,2.157381,0.990475,0.990475,stable,-0.130148,-0.000000,1,1,0.406809,1,1
43.100000,-1.797359,1,0,1,0,0.000132,0,1,1,13479.409564,0.000000,0.010264,0.711426,0.614149,0,18.100000,2.157536,0.990475,0.990475,stable,-0.123640,0.587785,1,1,0.400369,1,1
43.200000,-3.662797,1,0,1,0,0.000138,0,1,1,13585.496952,0.000000,0.010264,1.020963,0.612727,0,18.200000,2.157381,0.990475,0.990475,stable,-0.069907,0.951057,1,1,0.392784,1,1
43.300000,-3.497341,1,0,1,0,0.000174,0,1,1,13513.815515,0.000000,0.010264,0.940527,0.611312,0,18.300000,2.157225,0.990475,0.990475,stable,0.010529,0.951057,1,1,0.384069,1,1
43.400000,-1.360074,1,0,1,0,0.000141,0,1,1,13516.217815,0.000000,0.010264,0.500842,0.609904,0,18.400000,2.157132,0.990475,0.990475,stable,0.086943,0.587785,1,1,0.374240,1,1
43.500000,0.000000,1,0,1,0,0.000152,0,1,1,13562.946248,0.000000,0.010264,0.130148,0.608502,0,18.500000,2.157225,0.990475,0.990475,stable,0.130148,0.000000,1,1,0.363320,1,1
43.600000,-1.797359,1,0,1,0,0.000142,0,1,1,13501.104706,0.000000,0.010264,0.711426,0.607106,0,18.600000,2.157381,0.990475,0.990475,stable,0.123640,-0.587785,1,1,0.351335,1,1
43.700000,-3.662797,1,0,1,0,0.000132,0,1,1,13605.931863,0.000000,0.010264,1.020963,0.605717,0,18.700000,2.157225,0.990475,0.990475,stable,0.069907,-0.951057,1,1,0.338318,1,1
43.800000,-3.497341,1,0,1,0,0.000134,0,1,1,13535.020139,0.000000,0.010264,0.940527,0.604334,0,18.800000,2.157132,0.990475,0.990475,stable,-0.010529,-0.951057,1,1,0.324303,1,1
43.900000,-1.360074,1,0,1,0,0.000143,0,1,1,13537.344918,0.000000,0.010264,0.500842,0.602957,0,18.900000,2.157039,0.990475,0.990475,stable,-0.086943,-0.587785,1,1,0.309334,1,1
44,0.000000,1,0,1,0,0.000146,0,1,1,13583.498166,0.000000,0.010264,0.130148,0.601587,0,19,2.157132,0.990475,0.990475,stable,-0.130148,-0.000000,1,1,0.293459,1,1
44.100000,-1.797359,1,0,1,0,0.000138,0,1,1,13522.307876,0.000000,0.010264,0.711426,0.600223,0,19.100000,2.157225,0.990475,0.990475,stable,-0.123640,0.587785,1,1,0.276734,1,1
44.200000,-3.662797,1,0,1,0,0.000139,0,1,1,13625.904356,0.000000,0.010264,1.020963,0.598865,0,19.200000,2.157132,0.990475,0.990475,stable,-0.069907,0.951057,1,1,0.259218,1,1
44.300000,-3.497341,1,0,1,0,0.000155,0,1,1,13555.746056,0.000000,0.010264,0.940527,0.597513,0,19.300000,2.157039,0.990475,0.990475,stable,0.010529,0.951057,1,1,0.240981,1,1
44.400000,-1.360074,1,0,1,0,0.000140,0,1,1,13557.996179,0.000000,0.010264,0.500842,0.596167,0,19.400000,2.156984,0.990475,0.990475,stable,0.086943,0.587785,1,1,0.222096,1,1
44.500000,-0.000000,1,0,1,0,0.000174,0,1,1,13603.588152,0.000000,0.010264,0.130148,0.594828,0,19.500000,2.157039,0.990475,0.990475,stable,0.130148,-0.000000,1,1,0.202643,1,1
44.600000,-1.797359,1,0,1,0,0.000138,0,1,1,13543.035621,0.000000,0.010264,0.711426,0.593494,0,19.600000,2.157132,0.990475,0.990475,stable,0.123640,-0.587785,1,1,0.182707,1,1
44.700000,-3.662797,1,0,1,0,0.000141,0,1,1,13645.429950,0.000000,0.010264,1.020963,0.592166,0,19.700000,2.157039,0.990475,0.990475,stable,0.069907,-0.951057,1,1,0.162379,1,1
44.800000,-3.497341,1,0,1,0,0.000136,0,1,1,13576.009296,0.000000,0.010264,0.940527,0.590844,0,19.800000,2.156984,0.990475,0.990475,stable,-0.010529,-0.951057,1,1,0.141753,1,1
44.900000,-1.360074,1,0,1,0,0.000133,0,1,1,13578.187495,0.000000,0.010264,0.500842,0.589528,0,19.900000,2.156928,0.990475,0.990475,stable,-0.086943,-0.587785,1,1,0.120927,1,1
45,0.000000,1,0,1,0,0.000138,0,1,1,13623.231606,0.000000,0.010264,0.130148,0.588218,0,20,2.156984,0.990475,0.990475,stable,-0.130148,-0.000000,1,1,0.100000,1,1
45.100000,-1.797359,1,0,1,0,0.000136,0,1,1,13563.303754,0.000000,0.010264,0.711426,0.586914,0,20.100000,2.157039,0.990475,0.990475,stable,-0.123640,0.587785,1,1,0.079073,1,1
45.200000,-3.662797,1,0,1,0,0.000133,0,1,1,13664.523478,0.000000,0.010264,1.020963,0.585616,0,20.200000,2.156984,0.990475,0.990475,stable,-0.069907,0.951057,1,1,0.058247,1,1
45.300000,-3.497341,1,0,1,0,0.000131,0,1,1,13595.825180,0.000000,0.010264,0.940527,0.584323,0,20.300000,2.156928,0.990475,0.990475,stable,0.010529,0.951057,1,1,0.037621,1,1
45.400000,-1.360074,1,0,1,0,0.000135,0,1,1,13597.934064,0.000000,0.010264,0.500842,0.583036,0,20.400000,2.156895,0.990475,0.990475,stable,0.086943,0.587785,1,1,0.017293,1,1
45.500000,0.000000,1,0,1,0,0.000147,0,1,1,13642.443253,0.000000,0.010264,0.130148,0.581754,0,20.500000,2.156928,0.990475,0.990475,stable,0.130148,0.000000,1,1,0.001000,1,1
45.600000,-1.797359,1,0,1,0,0.000139,0,1,1,13583.127394,0.000000,0.010264,0.711426,0.580479,0,20.600000,2.156984,0.990475,0.990475,stable,0.123640,-0.587785,1,1,0.001000,1,1
45.700000,-3.662797,1,0,1,0,0.000139,0,1,1,13683.199126,0.000000,0.010264,1.020963,0.579208,0,20.700000,2.156928,0.990475,0.990475,stable,0.069907,-0.951057,1,1,0.001000,1,1
45.800000,-3.497341,1,0,1,0,0.000135,0,1,1,13615.208361,0.000000,0.010264,0.940527,0.577944,0,20.800000,2.156895,0.990475,0.990475,stable,-0.010529,-0.951057,1,1,0.001000,1,1
45.900000,-1.360074,1,0,1,0,0.000136,0,1,1,13617.250418,0.000000,0.010264,0.500842,0.576685,0,20.900000,2.156861,0.990475,0.990475,stable,-0.086943,-0.587785,1,1,0.001000,1,1
46,0.000000,1,0,1,0,0.000143,0,1,1,13661.237175,0.000000,0.010264,0.130148,0.575431,0,21,2.156895,0.990475,0.990475,stable,-0.130148,-0.000000,1,1,0.001000,1,1
46.100000,-1.797359,1,0,1,0,0.000137,0,1,1,13602.521005,0.000000,0.010264,0.711426,0.574183,0,21.100000,2.156928,0.990475,0.990475,stable,-0.123640,0.587785,1,1,0.001000,1,1
46.200000,-3.662797,1,0,1,0,0.000139,0,1,1,13701.470464,0.000000,0.010264,1.020963,0.572940,0,21.200000,2.156895,0.990475,0.990475,stable,-0.069907,0.951057,1,1,0.001000,1,1
46.300000,-3.497341,1,0,1,0,0.000144,0,1,1,13634.172858,0.000000,0.010264,0.940527,0.571703,0,21.300000,2.156861,0.990475,0.990475,stable,0.010529,0.951057,1,1,0.001000,1,1
46.400000,-1.360074,1,0,1,0,0.000143,0,1,1,13636.150467,0.000000,0.010264,0.500842,0.570470,0,21.400000,2.156841,0.990475,0.990475,stable,0.086943,0.587785,1,1,0.001000,1,1
46.500000,0.000000,1,0,1,0,0.000138,0,1,1,13679.626851,0.000000,0.010264,0.130148,0.569244,0,21.500000,2.156861,0.990475,0.990475,stable,0.130148,0.000000,1,1,0.001000,1,1
46.600000,-1.797359,1,0,1,0,0.000137,0,1,1,13621.498429,0.000000,0.010264,0.711426,0.568022,0,21.600000,2.156895,0.990475,0.990475,stable,0.123640,-0.587785,1,1,0.001000,1,1
46.700000,-3.662797,1,0,1,0,0.000152,0,1,1,13719.350479,0.000000,0.010264,1.020963,0.566806,0,21.700000,2.156861,0.990475,0.990475,stable,0.069907,-0.951057,1,1,0.001000,1,1
46.800000,-3.497341,1,0,1,0,0.000139,0,1,1,13652.732094,0.000000,0.010264,0.940527,0.565595,0,21.800000,2.156841,0.990475,0.990475,stable,-0.010529,-0.951057,1,1,0.001000,1,1
46.900000,-1.360074,1,0,1,0,0.000140,0,1,1,13654.647524,0.000000,0.010264,0.500842,0.564389,0,21.900000,2.156821,0.990475,0.990475,stable,-0.086943,-0.587785,1,1,0.001000,1,1
47,-0.000000,1,0,1,0,0.000155,0,1,1,13697.625184,0.000000,0.010264,0.130148,0.563188,0,22,2.156841,0.990475,0.990475,stable,-0.130148,0.000000,1,1,0.001000,1,1
47.100000,-1.797359,1,0,1,0,0.000133,0,1,1,13640.072920,0.000000,0.010264,0.711426,0.561992,0,22.100000,2.156861,0.990475,0.990475,stable,-0.123640,0.587785,1,1,0.001000,1,1
47.200000,-3.662797,1,0,1,0,0.000133,0,1,1,13736.851611,0.000000,0.010264,1.020963,0.560801,0,22.200000,2.156841,0.990475,0.990475,stable,-0.069907,0.951057,1,1,0.001000,1,1
47.300000,-3.497341,1,0,1,0,0.000136,0,1,1,13670.898920,0.000000,0.010264,0.940527,0.559616,0,22.300000,2.156821,0.990475,0.990475,stable,0.010529,0.951057,1,1,0.001000,1,1
47.400000,-1.360074,1,0,1,0,0.000136,0,1,1,13672.754344,0.000000,0.010264,0.500842,0.558435,0,22.400000,2.156809,0.990475,0.990475,stable,0.086943,0.587785,1,1,0.001000,1,1
47.500000,0.000000,1,0,1,0,0.000149,0,1,1,13715.244534,0.000000,0.010264,0.130148,0.557259,0,22.500000,2.156821,0.990475,0.990475,stable,0.130148,0.000000,1,1,0.001000,1,1
47.600000,-1.797359,1,0,1,0,0.000143,0,1,1,13658.257178,0.000000,0.010264,0.711426,0.556089,0,22.600000,2.156841,0.990475,0.990475,stable,0.123640,-0.587785,1,1,0.001000,1,1
47.700000,-3.662797,1,0,1,0,0.000132,0,1,1,13753.985776,0.000000,0.010264,1.020963,0.554923,0,22.700000,2.156821,0.990475,0.990475,stable,0.069907,-0.951057,1,1,0.001000,1,1
47.800000,-3.497341,1,0,1,0,0.000131,0,1,1,13688.685652,0.000000,0.010264,0.940527,0.553762,0,22.800000,2.156809,0.990475,0.990475,stable,-0.010529,-0.951057,1,1,0.001000,1,1
47.900000,-1.360074,1,0,1,0,0.000144,0,1,1,13690.483147,0.000000,0.010264,0.500842,0.552606,0,22.900000,2.156798,0.990475,0.990475,stable,-0.086943,-0.587785,1,1,0.001000,1,1
48,0.000000,1,0,1,0,0.000147,0,1,1,13732.496748,0.000000,0.010264,0.130148,0.551455,0,23,2.156809,0.990475,0.990475,stable,-0.130148,-0.000000,1,1,0.001000,1,1
48.100000,-1.797359,1,0,1,0,0.000133,0,1,1,13676.063372,0.000000,0.010264,0.711426,0.550308,0,23.100000,2.156821,0.990475,0.990475,stable,-0.123640,0.587785,1,1,0.001000,1,1
48.200000,-3.662797,1,0,1,0,0.000137,0,1,1,13770.764397,0.000000,0.010264,1.020963,0.549167,0,23.200000,2.156809,0.990475,0.990475,stable,-0.069907,0.951057,1,1,0.001000,1,1
48.300000,-3.497341,1,0,1,0,0.000142,0,1,1,13706.104095,0.000000,0.010264,0.940527,0.548030,0,23.300000,2.156798,0.990475,0.990475,stable,0.010529,0.951057,1,1,0.001000,1,1
48.400000,-1.360074,1,0,1,0,0.000134,0,1,1,13707.845647,0.000000,0.010264,0.500842,0.546897,0,23.400000,2.156790,0.990475,0.990475,stable,0.086943,0.587785,1,1,0.001000,1,1
48.500000,0.000000,1,0,1,0,0.000141,0,1,1,13749.393181,0.000000,0.010264,0.130148,0.545770,0,23.500000,2.156798,0.990475,0.990475,stable,0.130148,0.000000,1,1,0.001000,1,1
48.600000,-1.797359,1,0,1,0,0.000131,0,1,1,13693.503170,0.000000,0.010264,0.711426,0.544647,0,23.600000,2.156809,0.990475,0.990475,stable,0.123640,-0.587785,1,1,0.001000,1,1
48.700000,-3.662797,1,0,1,0,0.000141,0,1,1,13787.198426,0.000000,0.010264,1.020963,0.543528,0,23.700000,2.156798,0.990475,0.990475,stable,0.069907,-0.951057,1,1,0.001000,1,1
48.800000,-3.497341,1,0,1,0,0.000133,0,1,1,13723.165570,0.000000,0.010264,0.940527,0.542414,0,23.800000,2.156790,0.990475,0.990475,stable,-0.010529,-0.951057,1,1,0.001000,1,1
48.900000,-1.360074,1,0,1,0,0.000133,0,1,1,13724.853082,0.000000,0.010264,0.500842,0.541305,0,23.900000,2.156783,0.990475,0.990475,stable,-0.086943,-0.587785,1,1,0.001000,1,1
49,0.000000,1,0,1,0,0.000144,0,1,1,13765.944727,0.000000,0.010264,0.130148,0.540201,0,24,2.156790,0.990475,0.990475,stable,-0.130148,-0.000000,1,1,0.001000,1,1
49.100000,-1.797359,1,0,1,0,0.000141,0,1,1,13710.587767,0.000000,0.010264,0.711426,0.539100,0,24.100000,2.156798,0.990475,0.990475,stable,-0.123640,0.587785,1,1,0.001000,1,1
49.200000,-3.662797,1,0,1,0,0.000141,0,1,1,13803.298371,0.000000,0.010264,1.020963,0.538005,0,24.200000,2.156790,0.990475,0.990475,stable,-0.069907,0.951057,1,1,0.001000,1,1
49.300000,-3.497341,1,0,1,0,0.000141,0,1,1,13739.880940,0.000000,0.010264,0.940527,0.536913,0,24.300000,2.156783,0.990475,0.990475,stable,0.010529,0.951057,1,1,0.001000,1,1
49.400000,-1.360074,1,0,1,0,0.000157,0,1,1,13741.516234,0.000000,0.010264,0.500842,0.535826,0,24.400000,2.156779,0.990475,0.990475,stable,0.086943,0.587785,1,1,0.001000,1,1
49.500000,-0.000000,1,0,1,0,0.000147,0,1,1,13782.161839,0.000000,0.010264,0.130148,0.534744,0,24.500000,2.156783,0.990475,0.990475,stable,0.130148,-0.000000,1,1,0.001000,1,1
49.600000,-1.797359,1,0,1,0,0.000143,0,1,1,13727.327905,0.000000,0.010264,0.711426,0.533666,0,24.600000,2.156790,0.990475,0.990475,stable,0.123640,-0.587785,1,1,0.017293,1,1
49.700000,-3.662797,1,0,1,0,0.000138,0,1,1,13819.074317,0.000000,0.010264,1.020963,0.532592,0,24.700000,2.156783,0.990475,0.990475,stable,0.069907,-0.951057,1,1,0.037621,1,1
49.800000,-3.497341,1,0,1,0,0.000139,0,1,1,13756.260630,0.000000,0.010264,0.940527,0.531523,0,24.800000,2.156779,0.990475,0.990475,stable,-0.010529,-0.951057,1,1,0.058247,1,1
49.900000,-1.360074,1,0,1,0,0.000145,0,1,1,13757.845450,0.000000,0.010264,0.500842,0.530457,0,24.900000,2.156775,0.990475,0.990475,stable,-0.086943,-0.587785,1,1,0.079073,1,1
