t,S(t),C(t),A_spiral(t),E(t),L(t),cpu_step(t),effort(t),A_mean(t),f_mean(t),variance_d2S,entropy_S,mean_abs_error,mean_high_effort,d_effort_dt,t_retour,max_median_ratio,continuous_resilience,effort_status,En_mean(t),On_mean(t),gamma_mean(t),In_mean(t),An_mean(t),fn_mean(t)
0,-0.000001,0.926469,0,0.001002,0,0.000021,0,0.000457,1.339942,0,0.100000,0.493788,0,0,0,1,1,stable,0.493788,-0.000000,0.000000,0.100000,0.000457,1.339942
0.100000,0.000048,0.928852,0,0.001655,0,0.000021,0.436556,0.000765,1.348769,0,0.100000,0.469099,0.436556,0,0,1,1,stable,0.469099,0.000000,0.000000,0.120927,0.000765,1.348769
0.200000,0.000115,0.926365,-0.000000,0.002564,0,0.000019,0.407952,0.001211,1.356829,0,0.100000,0.445644,0.407952,4.365561,0,1,1,stable,0.445644,0.000000,0.000000,0.141753,0.001211,1.356829
0.300000,0.000149,0.916137,-0.000000,0.003763,0,0.000018,0.384801,0.001829,1.363293,0.000000,0.100000,0.423362,0.384801,-0.286041,0,1,1,stable,0.423362,0.000000,0.000000,0.162379,0.001829,1.363293
0.400000,0.000095,0.899078,-0.000000,0.005274,0,0.000018,0.367420,0.002660,1.367475,0.000001,0.100000,0.402194,0.367420,-0.231513,0,1,1,stable,0.402194,0.000000,0.000000,0.182707,0.002660,1.367475
0.500000,-0.000019,0.880554,-0.000000,0.007113,0,0.000018,0.356097,0.003750,1.368921,0.000006,0.100000,0.382084,0.356097,-0.173804,0,1,1,stable,0.382084,0.000000,0.000000,0.202643,0.003750,1.368921
0.600000,-0.000058,0.868472,-0.000000,0.009291,0,0.000018,0.356935,0.005154,1.367475,0.000007,0.100000,0.362980,0.356935,-0.113228,0,1,1,stable,0.362980,-0.000000,0.000000,0.222096,0.005154,1.367475
0.700000,-0.000017,0.869010,-0.000000,0.011825,0,0.000018,0.369650,0.006934,1.363293,0.000012,0.100000,0.344831,0.369650,0.008375,0,1,1,stable,0.344831,-0.000000,0.000000,0.240981,0.006934,1.363293
0.800000,-0.000093,0.882722,0.000000,0.014739,0,0.000018,0.387569,0.009163,1.356829,0.000017,0.100000,0.327589,0.387569,0.127153,0,1,1,stable,0.327589,-0.000000,0.000000,0.259218,0.009163,1.356829
0.900000,-0.000412,0.904370,0.000000,0.018066,0,0.000020,0.409916,0.011918,1.348769,0.000013,0.100000,0.311210,0.409916,0.179188,0,1,1,stable,0.311210,-0.000000,0.000000,0.276734,0.011918,1.348769
1,-0.000820,0.926469,0.000000,0.021850,0,0.000020,0.436040,0.015282,1.339942,0.000039,0.700438,0.295649,0.423236,0.223466,0,5.463740,1,stable,0.295649,-0.000000,0.000000,0.293459,0.015282,1.339942
1.100000,-0.000792,0.943205,0.000000,0.026140,3,0.000020,0.465426,0.019334,1.331227,0.000038,0.730550,0.280867,0.427504,0.261244,0,8.824501,1,stable,0.280867,-0.000000,0.000000,0.309334,0.019334,1.331227
1.200000,-0.000492,0.952136,0.000000,0.030988,3,0.000020,0.497710,0.024141,1.323459,0.000112,0.532433,0.266823,0.446007,0.293859,0,8.716595,1,stable,0.266823,-0.000000,0.000000,0.324303,0.024141,1.323459
1.300000,-0.000467,0.953688,0.000000,0.036436,3,0.000019,0.532751,0.029754,1.317356,0.000145,0.385221,0.253482,0.466564,0.322841,0,8.611295,1,stable,0.253482,-0.000000,0.000000,0.338318,0.029754,1.317356
1.400000,-0.000907,0.949772,0.000000,0.042518,3,0.000020,0.570772,0.036192,1.313467,0.000123,0.347204,0.240808,0.498629,0.350408,0,7.810033,1,stable,0.240808,-0.000000,0.000000,0.351335,0.036192,1.313467
1.500000,-0.001881,0.942661,0.000000,0.049246,1,0.000020,0.612581,0.043442,1.312132,0.000203,0.502732,0.228768,0.533744,0.380209,0,7.903440,1,stable,0.228768,-0.000000,0.000000,0.363320,0.043442,1.312132
1.600000,-0.002529,0.934548,0.000000,0.056611,1,0.000020,0.665453,0.051450,1.313467,0.000318,0.725682,0.217329,0.553454,0.418096,0,14.266834,1,stable,0.217329,-0.000000,0.000000,0.374240,0.051450,1.313467
1.700000,-0.000295,0.927558,-0.000000,0.064574,1,0.000020,0.729987,0.060125,1.317356,0.000276,0.733095,0.206463,0.595389,0.528711,0,16.984749,1,stable,0.206463,0.000000,0.000000,0.384069,0.060125,1.317356
1.800000,0.001420,0.923592,-0.000000,0.073065,1,0.000020,0.779578,0.069340,1.323459,0.002752,0.671462,0.196140,0.644698,0.645342,0,11.393617,1,stable,0.196140,0.000000,0.000000,0.392784,0.069340,1.323459
1.900000,0.000537,0.923588,-0.000000,0.081988,1,0.000019,0.850965,0.078946,1.331227,0.001643,0.746928,0.186333,0.696900,0.495912,0,8.571880,1,stable,0.186333,0.000000,0.000000,0.400369,0.078946,1.331227
2,-0.003033,0.926469,-0.000000,0.091218,1,0.000019,0.952237,0.088777,1.339942,0.003303,0.690710,0.177016,0.756496,0.713872,0,7.158776,1,stable,0.177016,0.000000,0.000000,0.406809,0.088777,1.339942
2.100000,-0.002394,0.928852,-0.000000,0.100617,4,0.000020,1.090246,0.098661,1.348769,0.005865,0.812970,0.168165,0.795644,1.012715,0,7.370094,1,stable,0.168165,-0.000000,0.000000,0.412092,0.098661,1.348769
2.200000,-0.002920,0.926365,0.000000,0.110035,2,0.000019,1.277891,0.108434,1.356829,0.006664,0.689088,0.159757,0.880603,1.380097,0,6.907831,1,stable,0.159757,-0.000000,0.000000,0.416209,0.108434,1.356829
2.300000,-0.004343,0.916137,0.000000,0.119322,2,0.000020,1.547752,0.117940,1.363293,0.004404,0.748014,0.151769,0.990183,1.876447,0,6.500133,1,stable,0.151769,-0.000000,0.000000,0.419154,0.117940,1.363293
2.400000,-0.000977,0.899078,0.000000,0.128335,2,0.000020,1.599738,0.127042,1.367475,0.004288,0.798459,0.144181,1.143818,2.698610,0,9.055640,1,stable,0.144181,0.000000,0.000000,0.420923,0.127042,1.367475
2.500000,-0.000427,0.880554,-0.000000,0.136945,2,0.000020,1.560724,0.135625,1.368921,0.007799,0.787466,0.136972,1.293573,0.519859,0,8.818482,1,stable,0.136972,0.000000,0.000000,0.421513,0.135625,1.368921
2.600000,-0.000548,0.868472,0.000000,0.145041,2,0.000020,1.529516,0.143595,1.367475,0.005402,0.786083,0.130123,1.338098,-0.390139,0,9.055640,1,stable,0.130123,0.000000,0.000000,0.420923,0.143595,1.367475
2.700000,-0.007506,0.869010,0.000000,0.152532,2,0.000019,1.505978,0.150880,1.363293,0.004946,0.799031,0.123617,1.434311,-0.312081,0,8.818482,1,stable,0.123617,-0.000000,0.000000,0.419154,0.150880,1.363293
2.800000,-0.005218,0.882722,-0.000000,0.159347,2,0.000019,1.483596,0.157431,1.356829,0.014843,0.856831,0.117436,1.503600,-0.235380,0,14.584006,1,stable,0.117436,-0.000000,0.000000,0.416209,0.157431,1.356829
2.900000,-0.007398,0.904370,-0.000000,0.165436,2,0.000020,1.461762,0.163216,1.348769,0.017411,0.774596,0.111564,1.537884,-0.223816,0,13.980281,1,stable,0.111564,-0.000000,0.000000,0.412092,0.163216,1.348769
3,-0.010255,0.926469,-0.000000,0.170766,2,0.000019,1.440017,0.168218,1.339942,0.009732,0.774714,0.105986,1.537884,-0.218345,0,13.841919,1,stable,0.105986,-0.000000,0.000000,0.406809,0.168218,1.339942
3.100000,-0.009330,0.943205,0.000000,0.175322,2,0.000018,1.418082,0.172438,1.331227,0.008552,0.780650,0.100687,1.527010,-0.217455,0,18.725257,1,stable,0.100687,-0.000000,0.000000,0.400369,0.172438,1.331227
3.200000,-0.013203,0.952136,0.000000,0.179101,2,0.000019,1.397213,0.175885,1.323459,0.009774,0.725262,0.095652,1.527010,-0.219347,0,15.308972,1,stable,0.095652,-0.000000,0.000000,0.392784,0.175885,1.323459
3.300000,-0.010335,0.953688,0.000000,0.182114,2,0.000018,1.377154,0.178579,1.317356,0.009754,0.731157,0.090870,1.527010,-0.208692,0,16.669912,1,stable,0.090870,-0.000000,0.000000,0.384069,0.178579,1.317356
3.400000,-0.007018,0.949772,-0.000000,0.184381,2,0.000018,1.356652,0.180545,1.313467,0.011956,0.647693,0.086326,1.527010,-0.200582,0,16.383695,1,stable,0.086326,0.000000,0.000000,0.374240,0.180545,1.313467
3.500000,-0.002348,0.942661,-0.000000,0.185928,2,0.000018,1.339620,0.181818,1.312132,0.009643,0.580668,0.082010,1.527010,-0.205024,0,16.107141,1,stable,0.082010,0.000000,0.000000,0.363320,0.181818,1.312132
3.600000,-0.001310,0.934548,-0.000000,0.186789,2,0.000019,1.331641,0.182432,1.313467,0.009954,0.554953,0.077910,1.516135,-0.170324,0,15.295556,1,stable,0.077910,-0.000000,0.000000,0.351335,0.182432,1.313467
3.700000,-0.009882,0.927558,0.000000,0.187001,2,0.000020,1.334544,0.182428,1.317356,0.011064,0.556638,0.074014,1.516135,-0.079783,0,14.561834,1,stable,0.074014,-0.000000,0.000000,0.338318,0.182428,1.317356
3.800000,-0.002613,0.923592,0.000000,0.186607,3,0.000020,1.336939,0.181849,1.323459,0.027114,0.621068,0.070313,1.516135,0.029027,0,14.018033,1,stable,0.070313,0.000000,0.000000,0.324303,0.181849,1.323459
3.900000,-0.000290,0.923588,0.000000,0.185650,1,0.000020,1.343229,0.180737,1.331227,0.036809,0.602774,0.066798,1.516135,0.023951,0,13.513385,1,stable,0.066798,0.000000,0.000000,0.309334,0.180737,1.331227
4,-0.004778,0.926469,0.000000,0.184178,1,0.000020,1.349586,0.179139,1.339942,0.020053,0.603405,0.063458,1.516135,0.062894,0,14.018033,1,stable,0.063458,-0.000000,0.000000,0.293459,0.179139,1.339942
4.100000,0.000190,0.928852,0.000000,0.182237,1,0.000020,1.359719,0.177101,1.348769,0.025403,0.620794,0.060285,1.505241,0.063577,0,13.513385,1,stable,0.060285,0.000000,0.000000,0.276734,0.177101,1.348769
4.200000,0.001104,0.926365,-0.000000,0.179876,1,0.000019,1.367265,0.174668,1.356829,0.025569,0.615549,0.057271,1.505241,0.101328,0,14.018033,1,stable,0.057271,0.000000,0.000000,0.259218,0.174668,1.356829
4.300000,-0.005837,0.916137,-0.000000,0.177145,1,0.000019,1.372398,0.171889,1.363293,0.019864,0.621912,0.054407,1.505241,0.075455,0,13.513385,1,stable,0.054407,-0.000000,0.000000,0.240981,0.171889,1.363293
4.400000,-0.006143,0.899078,0.000000,0.174092,1,0.000019,1.375450,0.168810,1.367475,0.027696,0.652658,0.051687,1.505241,0.051331,0,12.686734,1,stable,0.051687,-0.000000,0.000000,0.222096,0.168810,1.367475
4.500000,-0.005399,0.880554,0.000000,0.170767,1,0.000020,1.376888,0.165478,1.368921,0.023870,0.667736,0.049102,1.505241,0.030520,0,11.955390,1,stable,0.049102,-0.000000,0.000000,0.202643,0.165478,1.368921
4.600000,-0.005025,0.868472,0.000000,0.167217,1,0.000020,1.383084,0.161938,1.367475,0.022229,0.673175,0.046647,1.494438,0.014386,0,10.935306,1,stable,0.046647,-0.000000,0.000000,0.182707,0.161938,1.367475
4.700000,-0.008326,0.869010,0.000000,0.163490,1,0.000020,1.394051,0.158234,1.363293,0.021626,0.681432,0.044315,1.494438,0.061959,0,10.075613,1,stable,0.044315,-0.000000,0.000000,0.162379,0.158234,1.363293
4.800000,-0.004007,0.882722,-0.000000,0.159632,1,0.000020,1.403411,0.154410,1.356829,0.022715,0.680527,0.042099,1.494438,0.109672,0,9.672878,1,stable,0.042099,0.000000,0.000000,0.141753,0.154410,1.356829
4.900000,-0.003146,0.904370,-0.000000,0.155684,1,0.000020,1.410685,0.150506,1.348769,0.025389,0.670019,0.039994,1.495058,0.093601,0,9.301101,1,stable,0.039994,0.000000,0.000000,0.120927,0.150506,1.348769
5,-0.002584,0.926469,-0.000000,0.151689,1,0.000019,1.415544,0.146563,1.339942,0.021888,0.665040,0.037995,1.495785,0.072739,0,8.001487,1,stable,0.037995,0.000000,0.000000,0.100000,0.146563,1.339942
5.100000,-0.003989,0.943205,0.000000,0.147684,1,0.000019,1.417841,0.142615,1.331227,0.021073,0.659233,0.036095,1.488490,0.048590,0,7.020530,1,stable,0.036095,-0.000000,0.000000,0.079073,0.142615,1.331227
5.200000,-0.003077,0.952136,0.000000,0.143704,1,0.000020,1.417617,0.138697,1.323459,0.021290,0.680033,0.034290,1.489141,0.022969,0,6.245263,1,stable,0.034290,-0.000000,0.000001,0.058247,0.138697,1.323459
5.300000,-0.004877,0.953688,-0.000000,0.139781,1,0.000020,1.415085,0.134838,1.317356,0.020881,0.698029,0.032576,1.489329,-0.002246,0,5.624192,1,stable,0.032576,-0.000000,0.000001,0.037621,0.134838,1.317356
5.400000,-0.002954,0.949772,-0.000000,0.135943,1,0.000020,1.410606,0.131066,1.313467,0.020601,0.721526,0.030947,1.489329,-0.025315,0,5.569691,1,stable,0.030947,-0.000000,0.000001,0.017293,0.131066,1.313467
5.500000,-0.000376,0.942661,0.000000,0.132939,1,0.000020,1.383807,0.128109,1.312132,0.020667,0.723693,0.029399,1.489329,-0.044790,0,5.516235,1,stable,0.029399,-0.000000,0.000001,0.001000,0.128109,1.312132
5.600000,0.000464,0.934548,0.000000,0.133170,2,0.000020,1.304488,0.128311,1.313467,0.020058,0.725058,0.027929,1.483181,-0.267991,0,5.569691,1,stable,0.027929,0.000000,0.000002,0.001000,0.128311,1.313467
5.700000,-0.000082,0.927558,0.000000,0.133376,2,0.000020,1.309163,0.128490,1.317356,0.019770,0.723208,0.026533,1.483181,-0.793189,0,5.624192,1,stable,0.026533,0.000000,0.000002,0.001000,0.128490,1.317356
5.800000,0.000128,0.923592,0.000000,0.133559,2,0.000020,1.313145,0.128649,1.323459,0.019704,0.723420,0.025206,1.483181,0.046747,0,6.245263,1,stable,0.025206,0.000000,0.000003,0.001000,0.128649,1.323459
5.900000,0.001258,0.923588,-0.000000,0.133722,2,0.000020,1.315994,0.128791,1.331227,0.019249,0.722328,0.023946,1.483181,0.039820,0,7.020530,1,stable,0.023946,0.000000,0.000005,0.001000,0.128791,1.331227
6,-0.000812,0.926469,-0.000000,0.133866,2,0.000020,1.317372,0.128916,1.339942,0.019017,0.713552,0.022749,1.483181,0.028494,0,8.001487,1,stable,0.022749,0.000000,0.000006,0.001000,0.128916,1.339942
6.100000,-0.000621,0.928852,0.000000,0.133995,2,0.000020,1.317070,0.129028,1.348769,0.019314,0.713520,0.021611,1.477943,0.013774,0,9.301101,1,stable,0.021611,-0.000000,0.000008,0.001000,0.129028,1.348769
6.200000,-0.000974,0.926365,0.000000,0.134110,2,0.000020,1.315046,0.129128,1.356829,0.018636,0.712943,0.020531,1.477943,-0.003021,0,9.672878,1,stable,0.020531,0.000000,0.000011,0.001000,0.129128,1.356829
6.300000,-0.002803,0.916137,-0.000000,0.134212,2,0.000020,1.311431,0.129217,1.363293,0.018152,0.714965,0.019505,1.477943,-0.020234,0,10.075613,1,stable,0.019504,-0.000001,0.000015,0.001000,0.129217,1.363293
6.400000,-0.001623,0.899078,-0.000000,0.134303,2,0.000020,1.306520,0.129295,1.367475,0.018037,0.716398,0.018530,1.477943,-0.036157,0,9.672878,1,stable,0.018529,-0.000001,0.000020,0.001000,0.129295,1.367475
6.500000,0.000470,0.880554,-0.000000,0.134383,2,0.000019,1.300773,0.129366,1.368921,0.018111,0.715713,0.017602,1.477943,-0.049109,0,9.301101,1,stable,0.017602,0.000000,0.000028,0.001000,0.129366,1.368921
6.600000,-0.000647,0.868472,-0.000000,0.134455,2,0.000020,1.300549,0.129428,1.367475,0.017830,0.712299,0.016724,1.473138,-0.057470,0,9.672878,1,stable,0.016722,-0.000001,0.000037,0.001000,0.129428,1.367475
6.700000,-0.002651,0.869010,0.000000,0.134519,2,0.000018,1.305855,0.129484,1.363293,0.018010,0.704092,0.015891,1.473138,-0.002241,0,10.075613,1,stable,0.015886,-0.000005,0.000050,0.001000,0.129484,1.363293
6.800000,-0.002455,0.882722,0.000000,0.134576,2,0.000018,1.310326,0.129533,1.356829,0.017718,0.702256,0.015098,1.473138,0.053066,0,9.672878,1,stable,0.015091,-0.000006,0.000068,0.001000,0.129533,1.356829
6.900000,-0.001104,0.904370,-0.000000,0.134627,2,0.000018,1.313489,0.129577,1.348769,0.017575,0.707110,0.014342,1.473138,0.044710,0,9.301101,1,stable,0.014336,-0.000005,0.000091,0.001000,0.129577,1.348769
7,-0.000088,0.926469,-0.000000,0.134672,2,0.000018,1.315013,0.129616,1.339942,0.017460,0.707396,0.013621,1.473138,0.031626,0,9.672878,1,stable,0.013619,-0.000001,0.000123,0.001000,0.129616,1.339942
7.100000,0.000902,0.943205,0.000000,0.134713,2,0.000018,1.314748,0.129652,1.331227,0.017151,0.705829,0.012934,1.468970,0.015240,0,10.075613,1,stable,0.012938,0.000004,0.000167,0.001000,0.129652,1.331227
7.200000,0.000500,0.952136,0.000000,0.134749,2,0.000020,1.312729,0.129683,1.323459,0.016910,0.694784,0.012282,1.468970,-0.002648,0,10.282880,1,stable,0.012291,0.000009,0.000225,0.001000,0.129683,1.323459
7.300000,0.000275,0.953688,0.000001,0.134781,2,0.000020,1.309155,0.129711,1.317357,0.016839,0.679976,0.011670,1.468970,-0.020193,0,10.498854,1,stable,0.011678,0.000007,0.000303,0.001000,0.129711,1.317357
7.400000,-0.000428,0.949772,0.000001,0.134809,2,0.000020,1.304363,0.129735,1.313467,0.016549,0.657361,0.011099,1.468970,-0.035736,0,11.179881,1,stable,0.011094,-0.000005,0.000410,0.001000,0.129735,1.313467
7.500000,-0.001226,0.942661,-0.000000,0.134834,2,0.000020,1.298791,0.129757,1.312132,0.016349,0.657376,0.010553,1.468970,-0.047919,0,11.955390,1,stable,0.010539,-0.000014,0.000553,0.001000,0.129757,1.312132
7.600000,0.000010,0.934548,-0.000002,0.134857,2,0.000020,1.298544,0.129777,1.313467,0.016131,0.658963,0.009998,1.464872,-0.055718,0,11.331978,1,stable,0.010011,0.000013,0.000746,0.001000,0.129777,1.313467
7.700000,0.000720,0.927558,-0.000002,0.134879,2,0.000020,1.303597,0.129795,1.317356,0.016192,0.662206,0.009463,1.464872,-0.002476,0,11.955390,1,stable,0.009512,0.000048,0.001007,0.001000,0.129795,1.317356
7.800000,0.000517,0.923592,0.000000,0.134898,2,0.000020,1.307763,0.129812,1.323459,0.015841,0.683914,0.009006,1.464872,0.050532,0,11.957578,1,stable,0.009040,0.000034,0.001359,0.001000,0.129812,1.323459
7.900000,0.000447,0.923588,0.000002,0.134913,2,0.000020,1.310566,0.129825,1.331227,0.015695,0.696724,0.008500,1.464872,0.041658,0,11.959766,1,stable,0.008591,0.000091,0.001833,0.001000,0.129825,1.331227
8,-0.000100,0.926469,-0.000001,0.134929,4,0.000020,1.311805,0.129839,1.339942,0.015472,0.713100,0.008186,1.464872,0.028031,0,12.689198,1,stable,0.008169,-0.000017,0.002473,0.001000,0.129839,1.339942
8.100000,-0.003634,0.928852,-0.000001,0.134938,4,0.000020,1.310927,0.129848,1.348768,0.015298,0.735176,0.008090,1.460892,0.012391,0,13.513385,1,stable,0.007759,-0.000331,0.003335,0.001000,0.129848,1.348768
8.200000,-0.000977,0.926365,-0.000002,0.134941,2,0.000019,1.308018,0.129850,1.356829,0.015772,0.754544,0.007470,1.460892,-0.008780,0,12.689198,1,stable,0.007344,-0.000126,0.004496,0.001000,0.129850,1.356829
8.300000,-0.000282,0.916137,-0.000005,0.134958,4,0.000020,1.303520,0.129865,1.363295,0.016822,0.756439,0.007150,1.460892,-0.029090,0,13.513385,1,stable,0.006967,-0.000183,0.006060,0.001000,0.129865,1.363295
8.400000,-0.000138,0.899078,0.000022,0.134966,2,0.000020,1.296804,0.129871,1.367476,0.015413,0.745801,0.006648,1.460892,-0.044980,0,13.514491,1,stable,0.006604,-0.000044,0.008163,0.001000,0.129871,1.367476
8.500000,0.001395,0.880554,0.000011,0.134979,2,0.000020,1.288587,0.129883,1.368921,0.015181,0.782166,0.005665,1.460892,-0.067159,0,13.515596,1,stable,0.006270,0.000604,0.010987,0.001000,0.129883,1.368921
8.600000,0.001356,0.868472,-0.000007,0.135002,4,0.000020,1.285199,0.129901,1.367474,0.015035,0.764166,0.005222,1.457179,-0.082174,0,13.514491,1,stable,0.006005,0.000783,0.014774,0.001000,0.129901,1.367474
8.700000,0.000726,0.869010,-0.000006,0.135008,2,0.000022,1.285521,0.129907,1.363288,0.014872,0.768862,0.004867,1.457179,-0.033882,0,13.513385,1,stable,0.005768,0.000901,0.019840,0.001000,0.129907,1.363288
8.800000,0.000427,0.882722,-0.000038,0.135004,4,0.000019,1.283862,0.129904,1.356822,0.014713,0.712382,0.004128,1.457179,0.003227,0,13.514491,1,stable,0.005553,0.001425,0.026597,0.001000,0.129904,1.356822
8.900000,0.000708,0.904370,-0.000075,0.135007,2,0.000018,1.278088,0.129907,1.348762,0.014529,0.708453,0.003454,1.457179,-0.016595,0,13.515596,1,stable,0.005390,0.001936,0.035571,0.001000,0.129907,1.348762
9,0.000206,0.926469,-0.000079,0.135018,4,0.000018,1.268219,0.129917,1.339937,0.014393,0.713941,0.003477,1.457179,-0.057739,0,13.535501,1,stable,0.005278,0.001864,0.047426,0.001000,0.129917,1.339937
9.100000,0.000137,0.943205,-0.000060,0.135026,4,0.000018,1.252899,0.129924,1.331224,0.014236,0.690041,0.004375,1.453317,-0.098685,0,13.555464,1,stable,0.005165,0.000995,0.062973,0.001000,0.129924,1.331224
9.200000,0.000072,0.952136,-0.000033,0.135014,1,0.000018,1.231175,0.129911,1.323459,0.014066,0.689879,0.007829,1.453317,-0.153206,0,14.040639,1,stable,0.004987,-0.000376,0.083173,0.001000,0.129911,1.323459
9.300000,-0.000046,0.953688,0.000012,0.134962,1,0.000019,1.202323,0.129859,1.317364,0.013911,0.677204,0.010666,1.453317,-0.217232,0,14.561834,1,stable,0.004707,-0.001565,0.109097,0.001000,0.129859,1.317364
9.400000,-0.000448,0.949772,0.000104,0.134895,1,0.000020,1.164464,0.129794,1.313490,0.013763,0.657194,0.007961,1.453317,-0.288525,0,14.596112,1,stable,0.004345,-0.002206,0.141851,0.001000,0.129794,1.313490
9.500000,-0.000337,0.942661,0.000242,0.134953,4,0.000020,1.116655,0.129849,1.312164,0.013623,0.650359,0.011269,1.453317,-0.378590,0,14.630552,1,stable,0.003949,-0.001602,0.182426,0.001000,0.129849,1.312164
9.600000,0.000797,0.934548,0.000280,0.138144,1,0.000020,1.148233,0.132971,1.313479,0.013488,0.665776,0.024160,1.449806,-0.478086,0,15.333380,1,stable,0.003622,0.007509,0.231475,0.017293,0.132971,1.313479
9.700000,0.003489,0.927558,-0.000012,0.141862,1,0.000020,1.102221,0.136619,1.317352,0.013426,0.772619,0.029519,1.449806,0.315780,0,16.107141,1,stable,0.004049,0.024310,0.289050,0.037621,0.136619,1.317352
9.800000,0.000077,0.923592,-0.000235,0.145541,4,0.000020,1.031759,0.140309,1.323516,0.013492,0.832107,0.021058,1.449806,-0.460125,0,15.333380,1,stable,0.005813,-0.003095,0.354344,0.058247,0.140309,1.323516
9.900000,-0.002280,0.923588,0.000350,0.150832,1,0.000020,0.979886,0.145289,1.331226,0.014852,0.782058,0.044898,1.449806,-0.704618,0,16.107141,1,stable,0.005272,-0.039626,0.425557,0.079073,0.145289,1.331226
10,-0.001511,0.926469,-0.000173,0.153091,2,0.000022,0.820960,0.147634,1.339933,0.013786,0.779527,0.054010,1.449806,-0.518730,0,15.333380,1,stable,0.001803,-0.006136,0.500000,0.100000,0.147634,1.339933
10.100000,-0.001564,0.928852,-0.000143,0.153590,2,0.000020,0.805152,0.148988,1.348990,0.014103,0.791541,0.067651,1.446346,-1.589262,0,14.630552,1,stable,0.001216,-0.002946,0.574443,0.120927,0.148988,1.348990
10.200000,0.002561,0.926365,0.002055,0.158363,2,0.000020,0.677704,0.153087,1.356619,0.013688,0.792869,0.060265,1.446346,-0.158076,0,14.596112,1,stable,0.000917,0.053422,0.645656,0.141753,0.153087,1.356619
10.300000,0.001313,0.916137,-0.001307,0.164360,2,0.000020,0.626306,0.158573,1.363114,0.014462,0.881902,0.069805,1.446346,-1.274479,0,14.561834,1,stable,0.005193,0.017809,0.710950,0.162379,0.158573,1.363114
10.400000,0.001093,0.899078,-0.000810,0.166144,1,0.000020,0.669352,0.160636,1.367122,0.014562,0.796366,0.082116,1.446346,-0.513988,0,14.040639,1,stable,0.006374,-0.001805,0.768525,0.182707,0.160636,1.367122
10.500000,0.002152,0.880554,-0.002614,0.166165,3,0.000020,0.457918,0.161665,1.368799,0.013759,0.745966,0.106264,1.446346,0.430464,0,13.555464,1,stable,0.005909,0.053741,0.817574,0.202643,0.161665,1.368799
10.600000,0.000109,0.868472,-0.001274,0.164491,2,0.000020,0.450968,0.159790,1.368202,0.013677,0.761266,0.071936,1.443189,-2.114344,0,13.535501,1,stable,0.009962,0.026979,0.858149,0.222096,0.159790,1.368202
10.700000,-0.001085,0.869010,0.003775,0.179480,4,0.000020,0.492449,0.173438,1.363909,0.013798,0.759805,0.077829,1.443189,-0.069493,0,13.555464,1,stable,0.011646,-0.025914,0.890903,0.240981,0.173438,1.363909
10.800000,-0.001325,0.882722,0.002769,0.180082,4,0.000020,0.407906,0.174799,1.356883,0.013438,0.753762,0.100145,1.443189,0.414811,0,13.535501,1,stable,0.008967,-0.037991,0.916827,0.259218,0.174799,1.356883
10.900000,-0.000670,0.904370,-0.000625,0.179041,1,0.000020,0.277084,0.173542,1.348595,0.013353,0.759237,0.111438,1.443189,-0.845439,0,13.515596,1,stable,0.005446,-0.027428,0.937027,0.276734,0.173542,1.348595
11,0.000197,0.926469,-0.002521,0.182409,4,0.000020,0.208861,0.176534,1.339667,0.013304,0.759734,0.108034,1.443189,-1.308212,0,13.535501,1,stable,0.002954,-0.010682,0.952574,0.293459,0.176534,1.339667
11.100000,0.001119,0.943205,-0.003364,0.188812,2,0.000020,0.304628,0.182716,1.330798,0.013184,0.752052,0.082872,1.440244,-0.682235,0,13.555464,1,stable,0.001942,0.008728,0.964429,0.309334,0.182716,1.330798
11.200000,0.001941,0.952136,-0.003498,0.197833,2,0.000020,0.305826,0.190789,1.323012,0.013066,0.754518,0.068405,1.440244,0.957668,0,13.535501,1,stable,0.002551,0.039054,0.973403,0.324303,0.190789,1.323012
11.300000,0.003791,0.953688,-0.002771,0.202286,4,0.000020,0.170576,0.194260,1.317203,0.012951,0.783630,0.109691,1.440244,0.011979,0,13.515596,1,stable,0.005583,0.081070,0.980160,0.338318,0.194260,1.317203
11.400000,0.005141,0.949772,-0.000958,0.196340,4,0.000020,0.243099,0.188386,1.313771,0.012883,0.795596,0.099254,1.440244,-1.352491,0,13.514491,1,stable,0.011863,0.100019,0.985226,0.351335,0.188386,1.313771
11.500000,0.000904,0.942661,0.001583,0.196807,4,0.000020,0.385302,0.188905,1.312722,0.012746,0.758738,0.055342,1.440244,0.725225,0,13.513385,1,stable,0.019361,0.052180,0.989013,0.363320,0.188905,1.312722
11.600000,-0.004791,0.934548,0.003011,0.213394,4,0.000020,0.368948,0.206675,1.313903,0.014181,0.754490,0.152648,1.437417,1.422030,0,13.514491,1,stable,0.022614,-0.043299,0.991837,0.374240,0.206675,1.313903
11.700000,-0.001138,0.927558,0.001611,0.186071,1,0.000020,0.551226,0.180163,1.317090,0.014015,0.759450,0.110941,1.437417,-0.163535,0,13.513385,1,stable,0.017981,-0.011334,0.993940,0.384069,0.180163,1.317090
11.800000,0.006046,0.923592,-0.002259,0.210112,1,0.000020,0.449790,0.201672,1.323134,0.016899,0.781570,0.115333,1.437417,1.822774,0,12.805168,1,stable,0.016165,0.092668,0.995504,0.392784,0.201672,1.323134
11.900000,-0.002908,0.923588,-0.002683,0.202294,4,0.000020,0.550197,0.194214,1.331337,0.017282,0.848437,0.210692,1.437417,-1.014361,0,12.167488,1,stable,0.022854,0.029129,0.996665,0.400369,0.194214,1.331337
12,0.001541,0.926469,0.001046,0.159446,2,0.000020,1.459537,0.154636,1.339329,0.025133,0.873463,0.105188,1.437417,1.004075,0,12.123370,1,stable,0.024067,0.044620,0.997527,0.406809,0.154636,1.339329
12.100000,-0.007735,0.928852,-0.003474,0.198548,2,0.000020,1.009866,0.193808,1.348847,0.020867,0.875682,0.124850,1.438302,9.093399,0,12.079571,1,stable,0.026474,-0.098377,0.998167,0.412092,0.193808,1.348847
12.200000,0.003392,0.926365,0.001228,0.200809,1,0.000020,0.841686,0.191861,1.356632,0.021282,0.910200,0.103300,1.438302,-4.496713,0,12.019370,1,stable,0.017191,0.037072,0.998641,0.416209,0.191861,1.356632
12.300000,0.003221,0.916137,-0.001700,0.208331,1,0.000020,0.755795,0.203391,1.363976,0.028606,0.906564,0.097586,1.438302,-1.681795,0,11.959766,1,stable,0.019331,0.073764,0.998993,0.419154,0.203391,1.363976
12.400000,0.000875,0.899078,0.002287,0.218470,2,0.000020,0.513608,0.207807,1.367944,0.020305,0.899253,0.134774,1.438302,-0.858913,0,11.957578,1,stable,0.024332,-0.000465,0.999254,0.420923,0.207807,1.367944
12.500000,0.002443,0.880554,0.001179,0.201075,4,0.000020,0.540992,0.195056,1.368364,0.018980,0.892838,0.144352,1.438302,-2.421871,0,11.959766,1,stable,0.023078,0.015532,0.999447,0.421513,0.195056,1.368364
12.600000,-0.001386,0.868472,-0.002628,0.195135,1,0.000020,0.447508,0.190435,1.367525,0.018668,0.894184,0.097569,1.435569,0.273842,0,11.957578,1,stable,0.023180,-0.019724,0.999590,0.420923,0.190435,1.367525
12.700000,-0.001409,0.869010,0.000577,0.213234,4,0.000020,0.371466,0.206753,1.363035,0.018856,0.887722,0.063479,1.435569,-0.934837,0,11.955390,1,stable,0.020426,-0.042994,0.999697,0.419154,0.206753,1.363035
12.800000,-0.002631,0.882722,-0.000908,0.215914,4,0.000020,0.303340,0.210196,1.356424,0.018278,0.898436,0.106333,1.435569,-0.760418,0,11.877922,1,stable,0.015926,-0.030254,0.999775,0.416209,0.210196,1.356424
12.900000,-0.001129,0.904370,-0.001946,0.208965,4,0.000020,0.309367,0.202068,1.348653,0.017873,0.901378,0.113665,1.435569,-0.681264,0,11.801451,1,stable,0.012682,-0.000837,0.999833,0.412092,0.202068,1.348653
13,-0.001289,0.926469,-0.001211,0.207334,3,0.000020,0.249414,0.198916,1.340206,0.018008,0.901069,0.142782,1.435569,0.060266,0,11.747047,1,stable,0.011980,0.014549,0.999877,0.406809,0.198916,1.340206
13.100000,-0.000955,0.943205,-0.000282,0.196585,2,0.000020,0.223771,0.190195,1.331427,0.017732,0.903385,0.146450,1.432760,-0.599524,0,11.693142,1,stable,0.012558,0.018170,0.999909,0.400369,0.190195,1.331427
13.200000,-0.002189,0.952136,-0.000571,0.192130,2,0.000020,0.213317,0.186751,1.323516,0.017551,0.893383,0.123967,1.432760,-0.256427,0,11.747047,1,stable,0.013401,0.002152,0.999932,0.392784,0.186751,1.323516
13.300000,-0.001407,0.953688,-0.000795,0.198056,2,0.000020,0.132328,0.191901,1.317226,0.017513,0.892906,0.107626,1.432760,-0.104542,0,11.693142,1,stable,0.012905,-0.015253,0.999950,0.384069,0.191901,1.317226
13.400000,-0.001328,0.949772,-0.001518,0.204294,4,0.000020,0.151244,0.197186,1.313161,0.017411,0.892457,0.088971,1.432760,-0.809898,0,11.644966,1,stable,0.011025,-0.004660,0.999963,0.374240,0.197186,1.313161
13.500000,0.004897,0.942661,-0.002512,0.208903,3,0.000020,0.284026,0.199765,1.311825,0.017205,0.897248,0.128334,1.432760,0.189162,0,11.597185,1,stable,0.010097,0.081844,0.999972,0.363320,0.199765,1.311825
13.600000,0.005750,0.934548,-0.002752,0.187289,4,0.000020,0.490566,0.178611,1.313360,0.018556,0.866362,0.104263,1.430042,1.327824,0,11.168490,1,stable,0.016213,0.120477,0.999980,0.351335,0.178611,1.313360
13.700000,0.000540,0.927558,-0.000750,0.185718,1,0.000019,0.663543,0.179690,1.316944,0.017950,0.866000,0.095132,1.430042,2.065399,0,10.770359,1,stable,0.025149,0.045481,0.999985,0.338318,0.179690,1.316944
13.800000,-0.002334,0.923592,-0.001899,0.194939,1,0.000019,0.416520,0.187166,1.323447,0.019745,0.865714,0.162569,1.430042,1.729766,0,11.168490,1,stable,0.027571,-0.020732,0.999989,0.324303,0.187166,1.323447
13.900000,-0.007913,0.923588,-0.001918,0.156696,2,0.000019,1.072327,0.153418,1.331923,0.018727,0.853144,0.154197,1.430042,-2.470228,0,10.770359,1,stable,0.024515,-0.129682,0.999992,0.309334,0.153418,1.331923
14,-0.000026,0.926469,0.005297,0.160710,4,0.000018,0.536261,0.154484,1.340007,0.018717,0.799462,0.101201,1.430042,6.558069,0,10.632873,1,stable,0.012798,-0.011096,0.999994,0.293459,0.154484,1.340007
14.100000,0.004676,0.928852,0.000746,0.179927,2,0.000020,0.764667,0.174731,1.348927,0.024665,0.799697,0.099860,1.427268,-5.360658,0,10.770359,1,stable,0.011261,0.088503,0.999995,0.276734,0.174731,1.348927
14.200000,0.000166,0.926365,0.000790,0.176237,1,0.000020,0.544701,0.168370,1.356721,0.021120,0.796582,0.031980,1.427268,2.284064,0,10.632873,1,stable,0.017858,0.043015,0.999997,0.259218,0.168370,1.356721
14.300000,-0.006393,0.916137,-0.000963,0.185879,1,0.000020,0.360725,0.179394,1.363594,0.024103,0.796090,0.152872,1.427268,-2.199660,0,10.770359,1,stable,0.020445,-0.071722,0.999998,0.240981,0.179394,1.363594
14.400000,-0.004025,0.899078,0.000988,0.145691,2,0.000020,0.964537,0.141808,1.367481,0.023705,0.817113,0.127877,1.427268,-1.839761,0,10.632873,1,stable,0.013620,-0.079559,0.999998,0.222096,0.141808,1.367481
14.500000,0.000372,0.880554,0.000782,0.150839,3,0.000020,0.254907,0.147088,1.368593,0.025253,0.796615,0.142262,1.427268,6.038114,0,10.498854,1,stable,0.006503,0.025572,0.999999,0.202643,0.147088,1.368593
14.600000,-0.001445,0.868472,-0.001491,0.139435,4,0.000020,0.425553,0.136358,1.367749,0.024799,0.794307,0.110113,1.424466,-7.096294,0,10.632873,1,stable,0.008246,0.026575,0.999999,0.182707,0.136358,1.367749
14.700000,-0.002370,0.869010,0.003232,0.147879,4,0.000020,0.358065,0.143910,1.363332,0.025160,0.811924,0.086518,1.424466,1.706453,0,10.498854,1,stable,0.009984,-0.010705,0.999999,0.162379,0.143910,1.363332
14.800000,-0.001848,0.882722,0.001504,0.146726,1,0.000020,0.201832,0.142927,1.356509,0.024365,0.824412,0.103164,1.424466,-0.674878,0,10.370378,1,stable,0.008619,-0.035868,0.999999,0.141753,0.142927,1.356509
14.900000,-0.000518,0.904370,-0.001656,0.140899,4,0.000020,0.299562,0.137704,1.348227,0.024238,0.816658,0.089878,1.424466,-1.562328,0,10.245008,1,stable,0.005286,-0.033234,1.000000,0.120927,0.137704,1.348227
15,-0.000003,0.926469,-0.003654,0.143270,2,0.000020,0.278682,0.138640,1.339341,0.024119,0.819595,0.072419,1.424466,0.977301,0,10.370378,1,stable,0.002333,-0.009653,1.000000,0.100000,0.138640,1.339341
15.100000,0.001277,0.943205,-0.004285,0.144552,2,0.000020,0.154875,0.138595,1.330653,0.023946,0.815307,0.089986,1.421729,-0.208803,0,10.498854,1,stable,0.001436,0.015237,1.000000,0.079073,0.138595,1.330653
15.200000,0.001119,0.952136,-0.004410,0.136059,2,0.000020,0.227707,0.131366,1.323016,0.023785,0.817718,0.079623,1.421729,-1.238074,0,10.417122,1,stable,0.002596,0.015526,1.000000,0.058247,0.131366,1.323016
15.300000,0.000429,0.953688,-0.004124,0.134516,4,0.000020,0.071014,0.129729,1.316992,0.023673,0.816695,0.062678,1.421729,0.728321,0,10.498854,1,stable,0.003723,0.009159,1.000000,0.037621,0.129729,1.316992
15.400000,-0.000177,0.949772,-0.003487,0.133732,4,0.000020,0.091047,0.128823,1.313194,0.023526,0.816789,0.062510,1.421729,-1.566922,0,10.632873,1,stable,0.004278,0.003043,1.000000,0.017293,0.128823,1.313194
15.500000,0.000601,0.942661,-0.002769,0.130992,4,0.000020,0.117925,0.126028,1.312065,0.023368,0.817233,0.072130,1.421729,0.200322,0,10.770359,1,stable,0.004310,0.012825,1.000000,0.001000,0.126028,1.312065
15.600000,0.001560,0.934548,-0.001589,0.129474,1,0.000020,0.145426,0.124164,1.313748,0.023285,0.812799,0.110985,1.419080,0.268788,0,11.168490,1,stable,0.005132,0.034483,1.000000,0.001000,0.124164,1.313748
15.700000,-0.000165,0.927558,0.001137,0.118570,4,0.000020,0.445531,0.113790,1.317900,0.023123,0.820727,0.058580,1.419080,0.275006,0,10.770359,1,stable,0.007665,-0.026326,1.000000,0.001000,0.113790,1.317900
15.800000,-0.002544,0.923592,0.004182,0.130346,4,0.000020,0.406064,0.125707,1.323474,0.023186,0.819091,0.085418,1.419080,3.001049,0,11.168490,1,stable,0.005152,-0.038182,1.000000,0.001000,0.125707,1.323474
15.900000,0.000301,0.923588,-0.000009,0.118253,2,0.000020,0.420011,0.114950,1.330916,0.023025,0.821035,0.106740,1.419080,-0.394673,0,10.770359,1,stable,0.001805,0.040595,1.000000,0.001000,0.114950,1.330916
16,0.000153,0.926469,-0.002730,0.117292,4,0.000020,0.431916,0.114640,1.339906,0.023615,0.818772,0.056195,1.419080,0.139470,0,11.168490,1,stable,0.004999,0.023047,1.000000,0.001000,0.114640,1.339906
16.100000,-0.000179,0.928852,0.000194,0.131792,2,0.000020,0.405163,0.126169,1.348854,0.022999,0.818656,0.079763,1.416518,0.119055,0,11.597185,1,stable,0.006614,0.013949,1.000000,0.001000,0.126169,1.348854
16.200000,-0.001326,0.926365,-0.000046,0.127476,4,0.000020,0.162915,0.122496,1.356881,0.022765,0.811130,0.071179,1.416518,-0.267532,0,11.644966,1,stable,0.007412,-0.022994,1.000000,0.001000,0.122496,1.356881
16.300000,-0.000607,0.916137,0.000192,0.123276,2,0.000020,0.471010,0.119819,1.362987,0.022670,0.801103,0.107339,1.416518,-2.422478,0,11.597185,1,stable,0.005181,0.030733,1.000000,0.001000,0.119819,1.362987
16.400000,-0.000425,0.899078,-0.002104,0.114902,4,0.000020,0.283335,0.112440,1.367463,0.022595,0.829566,0.067279,1.416518,3.080955,0,11.644966,1,stable,0.007408,-0.017597,1.000000,0.001000,0.112440,1.367463
16.500000,0.001302,0.880554,0.000401,0.127612,2,0.000020,0.368362,0.123588,1.368796,0.022402,0.835878,0.083480,1.416518,-1.876758,0,11.693142,1,stable,0.005614,-0.004347,1.000000,0.001000,0.123588,1.368796
16.600000,-0.000690,0.868472,-0.000990,0.124424,4,0.000020,0.308631,0.119797,1.367706,0.022339,0.838062,0.088883,1.414022,0.850277,0,11.644966,1,stable,0.004982,-0.038587,1.000000,0.001000,0.119797,1.367706
16.700000,-0.000850,0.869010,0.002012,0.126280,4,0.000020,0.246504,0.121045,1.363471,0.022486,0.859407,0.065636,1.414022,-0.597312,0,11.693142,1,stable,0.001611,-0.060303,1.000000,0.001000,0.121045,1.363471
16.800000,-0.001620,0.882722,0.001541,0.128881,4,0.000021,0.196828,0.123934,1.356976,0.022132,0.858283,0.076862,1.414022,-0.621275,0,11.745981,1,stable,-0.003348,-0.072891,1.000000,0.001000,0.123934,1.356976
16.900000,-0.001931,0.904370,0.001119,0.123656,2,0.000021,0.189009,0.119971,1.348918,0.021959,0.877547,0.083024,1.414022,-0.496761,0,11.693142,1,stable,-0.009078,-0.063647,1.000000,0.001000,0.119971,1.348918
17,-0.000570,0.926469,0.001358,0.121984,2,0.000018,0.115244,0.118429,1.340151,0.021831,0.874550,0.073792,1.414022,-0.078182,0,11.644966,1,stable,-0.013773,-0.034772,1.000000,0.001000,0.118429,1.340151
17.100000,0.000094,0.943205,0.002170,0.126835,2,0.000018,0.201108,0.122353,1.331564,0.021807,0.859668,0.061375,1.411260,-0.737656,0,11.693142,1,stable,-0.015897,0.004477,1.000000,0.001000,0.122353,1.331564
17.200000,0.001050,0.952136,0.002984,0.129057,2,0.000019,0.171642,0.123872,1.323903,0.021630,0.813279,0.086936,1.411260,0.858640,0,11.745981,1,stable,-0.014740,0.038063,1.000000,0.001000,0.123872,1.323903
17.300000,0.001229,0.953688,0.003500,0.122794,2,0.000019,0.213113,0.119192,1.317774,0.021500,0.820110,0.078047,1.411260,-0.294664,0,11.799300,1,stable,-0.010924,0.046025,1.000000,0.001000,0.119192,1.317774
17.400000,0.000889,0.949772,0.003309,0.124457,4,0.000020,0.132597,0.120898,1.313771,0.021393,0.807442,0.043344,1.411260,0.414719,0,11.745981,1,stable,-0.006654,0.036690,1.000000,0.001000,0.120898,1.313771
17.500000,0.000268,0.942661,0.002284,0.129091,4,0.000020,0.149494,0.124911,1.312160,0.021283,0.807446,0.102689,1.411260,-0.805164,0,11.799300,1,stable,-0.003353,0.016353,1.000000,0.001000,0.124911,1.312160
17.600000,0.000997,0.934548,-0.000244,0.121156,4,0.000020,0.276360,0.117246,1.313056,0.021168,0.801030,0.091046,1.408644,0.168966,0,11.800375,1,stable,-0.001863,0.033143,1.000000,0.001000,0.117246,1.313056
17.700000,0.001742,0.927558,-0.004259,0.124897,4,0.000020,0.285816,0.119246,1.316908,0.021089,0.795993,0.075530,1.408644,1.268661,0,11.801451,1,stable,0.000912,0.047284,1.000000,0.001000,0.119246,1.316908
17.800000,-0.003197,0.923592,-0.004115,0.124156,4,0.000020,0.463486,0.119632,1.323483,0.020952,0.807007,0.108842,1.408644,0.094565,0,11.800375,1,stable,0.004691,-0.050876,1.000000,0.001000,0.119632,1.323483
17.900000,0.001300,0.923588,0.000649,0.112893,2,0.000020,0.717639,0.110271,1.331210,0.021781,0.806014,0.054762,1.408644,1.776693,0,11.799300,1,stable,0.000341,0.012485,1.000000,0.001000,0.110271,1.331210
18,0.001087,0.926469,0.000812,0.126328,2,0.000020,0.595050,0.121813,1.340241,0.022616,0.826172,0.112494,1.408644,2.541536,0,11.745981,1,stable,0.001334,0.005105,1.000000,0.001000,0.121813,1.340241
18.100000,0.000646,0.928852,0.002800,0.116850,2,0.000020,0.582541,0.113147,1.348423,0.021229,0.805233,0.068597,1.406140,-1.225893,0,11.799300,1,stable,0.001680,0.016954,1.000000,0.001000,0.113147,1.348423
18.200000,-0.002868,0.926365,-0.003833,0.126410,1,0.000020,0.412756,0.121975,1.357036,0.020901,0.792060,0.103647,1.406140,-0.125093,0,11.800375,1,stable,0.002968,-0.067130,1.000000,0.001000,0.121975,1.357036
18.300000,-0.000010,0.916137,0.002007,0.115462,2,0.000020,0.587552,0.112367,1.363465,0.021189,0.792634,0.063924,1.406140,-1.697846,0,11.799300,1,stable,-0.002611,-0.024892,1.000000,0.001000,0.112367,1.363465
18.400000,-0.000202,0.899078,0.002226,0.128893,2,0.000020,0.441286,0.123917,1.367691,0.021676,0.811194,0.075680,1.406140,1.747964,0,11.800375,1,stable,-0.004495,-0.010787,1.000000,0.001000,0.123917,1.367691
18.500000,0.002171,0.880554,0.001892,0.123486,2,0.000020,0.148619,0.119786,1.368675,0.020974,0.808983,0.088616,1.406140,-1.462664,0,11.801451,1,stable,-0.005142,0.083474,1.000000,0.001000,0.119786,1.368675
18.600000,0.002052,0.868472,-0.002746,0.119103,1,0.000020,0.215558,0.115715,1.367458,0.020864,0.801840,0.099832,1.403742,-2.926668,0,11.800375,1,stable,0.001868,0.101700,1.000000,0.001000,0.115715,1.367458
18.700000,0.001082,0.869010,-0.000094,0.120509,3,0.000020,0.181737,0.116319,1.363362,0.020755,0.801311,0.068746,1.403742,0.669391,0,11.799300,1,stable,0.010002,0.078748,1.000000,0.001000,0.116319,1.363362
18.800000,0.000553,0.882722,0.000410,0.127554,4,0.000020,0.211472,0.122530,1.356726,0.020646,0.799920,0.043810,1.403742,-0.338216,0,11.800375,1,stable,0.015872,0.051518,1.000000,0.001000,0.122530,1.356726
18.900000,-0.000523,0.904370,-0.001139,0.131631,2,0.000020,0.120023,0.126080,1.348564,0.020519,0.827695,0.080044,1.403742,0.297354,0,11.801451,1,stable,0.019247,0.020637,1.000000,0.001000,0.126080,1.348564
19,-0.000681,0.926469,-0.001764,0.119814,2,0.000020,0.346061,0.116495,1.339756,0.020414,0.789847,0.102538,1.403742,-0.914486,0,11.877922,1,stable,0.019954,0.021540,1.000000,0.001000,0.116495,1.339756
19.100000,0.000800,0.943205,-0.001470,0.114216,4,0.000020,0.209697,0.111715,1.331078,0.020319,0.798132,0.086436,1.401467,2.260377,0,11.955390,1,stable,0.020699,0.037939,1.000000,0.001000,0.111715,1.331078
19.200000,0.000562,0.952136,-0.001030,0.122363,2,0.000020,0.342387,0.118275,1.323267,0.020316,0.807652,0.071420,1.401467,-1.363646,0,11.957578,1,stable,0.022733,0.056041,1.000000,0.001000,0.118275,1.323267
19.300000,0.001016,0.953688,-0.000990,0.126309,2,0.000020,0.124823,0.121574,1.317183,0.020189,0.812833,0.071304,1.401467,1.326908,0,11.959766,1,stable,0.026130,0.058944,1.000000,0.001000,0.121574,1.317183
19.400000,0.000853,0.949772,-0.001231,0.122880,2,0.000020,0.191112,0.119289,1.313410,0.020046,0.888937,0.065913,1.401467,-2.175642,0,12.019370,1,stable,0.029592,0.042405,1.000000,0.001000,0.119289,1.313410
19.500000,-0.000152,0.942661,-0.000795,0.125680,2,0.000020,0.089968,0.121779,1.312220,0.019946,0.857259,0.057682,1.401467,0.662887,0,12.079571,1,stable,0.031543,0.014105,1.000000,0.001000,0.121779,1.312220
19.600000,-0.002799,0.934548,0.000611,0.129686,4,0.000020,0.319286,0.124819,1.313675,0.019870,0.865093,0.108578,1.399299,-1.011437,0,12.112254,1,stable,0.031107,-0.032207,1.000000,0.017293,0.124819,1.313675
19.700000,-0.001639,0.927558,0.001691,0.120425,4,0.000020,0.502692,0.114050,1.317565,0.019879,0.859151,0.083534,1.399299,2.293179,0,12.079571,1,stable,0.026946,-0.016872,1.000000,0.037621,0.114050,1.317565
19.800000,-0.000840,0.923592,0.000807,0.127872,4,0.000020,1.079027,0.123598,1.323671,0.019988,0.857611,0.106310,1.399299,1.834061,0,12.019370,1,transitoire,0.024234,-0.035061,1.000000,0.058247,0.123598,1.323671
19.900000,-0.000024,0.923588,0.002676,0.126846,2,0.000020,0.365949,0.123807,1.330998,0.019725,0.870518,0.032705,1.399299,5.763350,0,12.079571,1,stable,0.020186,0.013937,1.000000,0.079073,0.123807,1.330998
20,-0.002886,0.926469,-0.002292,0.153858,2,0.000022,0.618892,0.148030,1.339983,0.019625,0.872886,0.118538,1.399299,-7.130783,0,12.112254,1,stable,0.020304,-0.013213,1.000000,0.100000,0.148030,1.339983
20.100000,-0.003603,0.928852,0.000312,0.127613,1,0.000019,0.731375,0.122120,1.349001,0.019909,0.891434,0.086156,1.397206,2.529431,0,12.079571,1,transitoire,0.018220,0.001337,1.000000,0.120927,0.122120,1.349001
20.200000,-0.000482,0.926365,0.000851,0.136072,2,0.000018,1.408592,0.131302,1.356864,0.019622,0.887804,0.116088,1.397206,1.124827,0,12.019370,1,transitoire,0.017417,-0.006545,1.000000,0.141753,0.131302,1.356864
20.300000,0.001516,0.916137,0.001439,0.141325,2,0.000019,0.980716,0.135393,1.362585,0.020003,0.868950,0.070062,1.399526,6.772174,0,12.079571,1,transitoire,0.016017,0.086078,1.000000,0.162379,0.135393,1.362585
20.400000,-0.002690,0.899078,-0.005665,0.158555,1,0.000019,0.822169,0.154013,1.367540,0.019687,0.862774,0.132401,1.399526,-4.278758,0,12.019370,1,stable,0.022180,0.002373,1.000000,0.182707,0.154013,1.367540
20.500000,-0.000598,0.880554,0.000124,0.137256,1,0.000021,0.856297,0.131703,1.369077,0.020653,0.871859,0.053515,1.399526,-1.585468,0,11.959766,1,stable,0.021263,0.006237,1.000000,0.202643,0.131703,1.369077
20.600000,-0.000927,0.868472,-0.000124,0.171213,4,0.000020,0.717064,0.165040,1.367771,0.020299,0.862504,0.088098,1.397478,0.341274,0,12.019370,1,stable,0.020704,-0.012189,1.000000,0.222096,0.165040,1.367771
20.700000,0.000216,0.869010,0.001890,0.164363,3,0.000020,0.327417,0.156764,1.363462,0.019726,0.869913,0.074144,1.397478,-1.392332,0,12.079571,1,chronique,0.018683,-0.002360,1.000000,0.240981,0.156764,1.363462
20.800000,0.000908,0.882722,0.001549,0.175260,4,0.000020,0.638652,0.169640,1.357023,0.019607,0.869277,0.077140,1.397478,-3.896468,0,12.112254,1,chronique,0.017558,0.009034,1.000000,0.259218,0.169640,1.357023
20.900000,0.000529,0.904370,0.000634,0.178360,1,0.000020,0.186120,0.172784,1.349055,0.019490,0.876018,0.062359,1.397478,3.112355,0,12.145114,1,stable,0.017411,0.007187,1.000000,0.276734,0.172784,1.349055
21,-0.003192,0.926469,0.001038,0.188226,2,0.000020,0.465007,0.180788,1.340464,0.019428,0.875480,0.122852,1.397478,-4.525319,0,12.156291,1,stable,0.017122,-0.037116,1.000000,0.293459,0.180788,1.340464
21.100000,-0.001355,0.943205,0.003132,0.152706,2,0.000020,0.914112,0.146839,1.331771,0.019713,0.835129,0.110839,1.395516,2.788870,0,12.145114,1,stable,0.013263,-0.026093,1.000000,0.309334,0.146839,1.331771
21.200000,-0.000367,0.952136,0.005198,0.169697,2,0.000020,0.764187,0.164706,1.324083,0.019870,0.823750,0.080621,1.395516,4.491041,0,12.112254,1,stable,0.010489,-0.028338,1.000000,0.324303,0.164706,1.324083
21.300000,0.000599,0.953688,0.005733,0.191182,2,0.000020,0.425796,0.184291,1.317904,0.019432,0.827358,0.071693,1.395516,-1.499247,0,12.145114,1,stable,0.007672,0.006199,1.000000,0.338318,0.184291,1.317904
21.400000,0.001791,0.949772,0.004075,0.200827,2,0.000020,0.367759,0.191893,1.314108,0.019334,0.832145,0.075520,1.395516,-3.383903,0,12.156291,1,stable,0.007790,0.072048,1.000000,0.351335,0.191893,1.314108
21.500000,0.005866,0.942661,0.002990,0.192400,2,0.000020,0.402025,0.185446,1.312552,0.019245,0.840737,0.117043,1.395516,-0.580378,0,12.145114,1,stable,0.013229,0.130272,1.000000,0.363320,0.185446,1.312552
21.600000,0.000644,0.934548,0.002061,0.167559,1,0.000020,0.937696,0.159498,1.313651,0.019382,0.849942,0.074776,1.393635,0.342660,0,12.112254,1,stable,0.023106,0.031499,1.000000,0.374240,0.159498,1.313651
21.700000,-0.010083,0.927558,0.002186,0.202682,4,0.000020,0.675106,0.193963,1.316990,0.020824,0.843070,0.166207,1.393635,5.356715,0,12.145114,1,stable,0.024499,-0.090840,1.000000,0.384069,0.193963,1.316990
21.800000,-0.003038,0.923592,-0.002253,0.138628,2,0.000020,1.973753,0.124086,1.322773,0.021831,0.896558,0.090547,1.393635,-2.625901,0,12.112254,1,transitoire,0.015926,-0.018389,1.000000,0.392784,0.124086,1.322773
21.900000,0.003420,0.923588,-0.004570,0.190491,4,0.000020,2.090504,0.179916,1.331640,0.026410,0.886238,0.132517,1.408658,12.986472,0,12.079571,1,transitoire,0.013642,0.076895,1.000000,0.400369,0.179916,1.331640
22,0.003986,0.926469,0.002621,0.163041,1,0.000020,1.573273,0.155601,1.340030,0.023408,0.859035,0.116771,1.426325,1.167510,0,12.019370,1,transitoire,0.019180,0.025506,1.000000,0.406809,0.155601,1.340030
22.100000,-0.003187,0.928852,-0.001130,0.174987,1,0.000020,1.618033,0.165071,1.348315,0.023677,0.836069,0.105711,1.429591,-5.172309,0,11.959766,1,transitoire,0.020285,-0.022931,1.000000,0.412092,0.165071,1.348315
22.200000,-0.005338,0.926365,-0.004039,0.168854,1,0.000020,1.544677,0.158863,1.356979,0.025829,0.826505,0.139325,1.436358,0.447600,0,11.957578,1,transitoire,0.017415,-0.048921,1.000000,0.416209,0.158863,1.356979
22.300000,-0.000172,0.916137,0.002501,0.162959,2,0.000020,1.682863,0.145784,1.363934,0.024826,0.806677,0.056793,1.441468,-0.733560,0,11.955390,1,transitoire,0.012587,0.015198,1,0.419154,0.145784,1.363934
22.400000,-0.005900,0.899078,0.002846,0.221322,4,0.000020,1.203306,0.211594,1.367700,0.026344,0.803537,0.196834,1.449642,1.381857,0,11.957578,1,stable,0.013187,-0.083385,1,0.420923,0.211594,1.367700
22.500000,-0.000975,0.880554,0.001380,0.110114,4,0.000020,3.084013,0.100164,1.368298,0.026667,0.827325,0.059381,1.449642,-4.795568,0,11.955390,1,transitoire,0.005782,-0.024968,1,0.421513,0.100164,1.368298
22.600000,0.003647,0.868472,-0.005927,0.204487,4,0.000020,1.858321,0.197888,1.367589,0.026256,0.820644,0.135039,1.485172,18.807072,0,11.957578,1,chronique,0.003473,0.053626,1,0.420923,0.197888,1.367589
22.700000,-0.000024,0.869010,0.000897,0.149607,4,0.000020,1.317882,0.142818,1.363547,0.025159,0.815620,0.042610,1.496983,-12.256926,0,11.955390,1,chronique,0.007638,0.014133,1,0.419154,0.142818,1.363547
22.800000,0.001475,0.882722,0.004806,0.217074,4,0.000020,1.302779,0.210285,1.357009,0.026313,0.812090,0.075095,1.497024,-5.404386,0,11.957578,1,chronique,0.008399,0.083494,1,0.416209,0.210285,1.357009
22.900000,0.005450,0.904370,0.001669,0.197709,4,0.000020,0.404208,0.191589,1.349174,0.025352,0.847600,0.100168,1.497024,-0.151033,0,11.955390,1,chronique,0.014734,0.114902,1,0.412092,0.191589,1.349174
23,0.000402,0.926469,0.002742,0.170181,2,0.000020,0.820738,0.160795,1.340350,0.025338,0.869399,0.046878,1.497024,-8.985709,0,11.877922,1,chronique,0.023293,0.063078,1,0.406809,0.160795,1.340350
23.100000,-0.007306,0.943205,0.002392,0.220603,2,0.000020,0.992732,0.210766,1.331411,0.026419,0.872842,0.132551,1.493172,4.165304,0,11.955390,1,stable,0.027231,-0.012121,1,0.400369,0.210766,1.331411
23.200000,-0.001359,0.952136,0.001598,0.143541,2,0.000020,2.276296,0.131315,1.323301,0.026297,0.844944,0.096242,1.493172,1.719938,0,11.877922,1,transitoire,0.024889,0.010483,1,0.392784,0.131315,1.323301
23.300000,0.000087,0.953688,-0.002108,0.178873,2,0.000020,1.295314,0.164224,1.316840,0.029185,0.851193,0.081363,1.513604,12.835634,0,11.801451,1,stable,0.024493,0.035224,1,0.384069,0.164224,1.316840
23.400000,-0.001241,0.949772,-0.004339,0.183728,4,0.000020,0.744030,0.176767,1.313104,0.026820,0.850904,0.118360,1.513604,-9.809814,0,11.877922,1,stable,0.026118,-0.008087,1,0.374240,0.176767,1.313104
23.500000,-0.003056,0.942661,-0.003203,0.148147,4,0.000020,0.890991,0.140977,1.311872,0.026792,0.850216,0.101882,1.513604,-5.512840,0,11.801451,1,stable,0.024158,-0.031114,1,0.363320,0.140977,1.311872
23.600000,0.002785,0.934548,-0.003771,0.167426,1,0.000020,1.455169,0.152390,1.313476,0.026663,0.847248,0.089525,1.509487,1.469610,0,11.800375,1,stable,0.020433,0.015231,1,0.351335,0.152390,1.313476
23.700000,-0.003405,0.927558,-0.000480,0.158946,4,0.000020,1.612348,0.150883,1.317629,0.027739,0.846756,0.109141,1.512386,5.641777,0,11.799300,1,stable,0.020643,-0.027808,1,0.338318,0.150883,1.317629
23.800000,0.004026,0.923592,0.003032,0.143241,2,0.000020,1.551058,0.130511,1.323303,0.028673,0.848367,0.088726,1.518538,1.571795,0,11.745981,1,stable,0.017361,0.068011,1,0.324303,0.130511,1.323303
23.900000,0.000423,0.923588,0.001194,0.163305,2,0.000020,1.778797,0.146944,1.331179,0.028896,0.881513,0.158707,1.523407,-0.612907,0,11.693142,1,stable,0.021995,-0.037467,1,0.309334,0.146944,1.331179
24,-0.000665,0.926469,0.000670,0.105022,2,0.000020,2.936454,0.087672,1.340229,0.027753,0.879703,0.052459,1.533009,2.277395,0,11.745981,1,transitoire,0.017864,-0.033734,1,0.293459,0.087672,1.340229
24.100000,0.001083,0.928852,-0.003225,0.175034,2,0.000020,2.332170,0.166925,1.349009,0.026447,0.879708,0.071845,1.561651,11.576570,0,11.799300,1,transitoire,0.014242,0.066393,1,0.276734,0.166925,1.349009
24.200000,-0.001122,0.926365,0.002478,0.163819,3,0.000020,0.507725,0.155265,1.356969,0.026461,0.880798,0.111268,1.582070,-6.042839,0,11.800375,1,chronique,0.018901,-0.008107,1,0.259218,0.155265,1.356969
24.300000,-0.002934,0.916137,0.001764,0.114206,2,0.000020,1.970242,0.102280,1.363253,0.026369,0.881388,0.080494,1.582070,-18.244454,0,11.799300,1,chronique,0.017300,-0.032053,1,0.240981,0.102280,1.363253
24.400000,-0.005059,0.899078,-0.004264,0.146393,4,0.000020,2.383055,0.133109,1.367727,0.026119,0.890623,0.138865,1.595043,14.625174,0,11.784311,1,transitoire,0.013842,-0.038437,1,0.222096,0.133109,1.367727
24.500000,0.000045,0.880554,0.001885,0.096768,4,0.000020,2.962582,0.082400,1.368636,0.026017,0.880730,0.041520,1.616392,4.128128,0,11.769360,1,transitoire,0.010041,0.003230,1,0.202643,0.082400,1.368636
24.600000,0.000066,0.868472,-0.001130,0.162782,4,0.000020,1.989042,0.156238,1.367475,0.027067,0.880776,0.114328,1.643316,5.795272,0,11.784311,1,chronique,0.009800,0.008210,1,0.182707,0.156238,1.367475
24.700000,-0.000252,0.869010,0.000161,0.099409,4,0.000020,2.002354,0.092439,1.363131,0.026421,0.866317,0.057572,1.656305,-9.735400,0,11.799300,1,transitoire,0.009974,0.001669,1,0.162379,0.092439,1.363131
24.800000,0.000572,0.882722,-0.000013,0.141615,4,0.000020,1.340154,0.136543,1.356660,0.026144,0.867735,0.078946,1.669487,0.133116,0,11.800375,1,chronique,0.009610,0.015625,1,0.141753,0.136543,1.356660
24.900000,0.000541,0.904370,-0.001409,0.117540,4,0.000020,0.805709,0.112833,1.348655,0.026031,0.866381,0.050364,1.669487,-6.621994,0,11.801451,1,chronique,0.010394,0.034916,1,0.120927,0.112833,1.348655
25,0.000007,0.926469,0.000053,0.127997,4,0.000020,0.963118,0.123851,1.339958,0.025916,0.865224,0.046708,1.669487,-5.344455,0,11.877922,1,chronique,0.012699,0.001444,1,0.100000,0.123851,1.339958
25.100000,-0.002255,0.943205,-0.000564,0.130228,2,0.000020,0.423835,0.125953,1.331168,0.025818,0.864919,0.083993,1.663090,1.574095,0.100000,11.955390,1,chronique,0.012181,-0.071813,1,0.079073,0.125953,1.331168
25.200000,-0.000744,0.952136,-0.001443,0.103341,4,0.000020,1.188386,0.095242,1.323286,0.025804,0.863381,0.066691,1.663090,-5.392838,0.200000,11.877922,1,chronique,0.005762,-0.060929,1,0.058247,0.095242,1.323286
25.300000,-0.000212,0.953688,-0.002325,0.110495,4,0.000020,1.173759,0.107026,1.317339,0.025859,0.864057,0.039776,1.663090,7.645511,0.300000,11.955390,1,chronique,0.000545,-0.039232,1,0.037621,0.107026,1.317339
25.400000,-0.000122,0.949772,-0.000058,0.126687,2,0.000020,0.729549,0.120408,1.313439,0.025609,0.864829,0.054335,1.663090,-0.146267,0.400000,11.957578,1,chronique,-0.002656,-0.005762,1,0.017293,0.120408,1.313439
25.500000,-0.000001,0.942661,-0.000439,0.112730,2,0.000020,0.403435,0.109016,1.312102,0.025506,0.875869,0.084819,1.663090,-4.442097,0.500000,11.959766,1,stable,-0.002990,0.008168,1,0.001000,0.109016,1.312102
25.600000,-0.000018,0.934548,-0.000787,0.095191,1,0.000020,0.998912,0.086350,1.313404,0.025405,0.875791,0.051102,1.656880,-3.261144,0.600000,12.019370,1,stable,-0.002179,0.000779,1,0.001000,0.086350,1.313404
25.700000,-0.000575,0.927558,-0.001392,0.114433,4,0.000020,1.202407,0.109143,1.317374,0.025307,0.873087,0.051488,1.656880,5.954774,0.700000,12.079571,1,stable,-0.002007,-0.032914,1,0.001000,0.109143,1.317374
25.800000,-0.000518,0.923592,0.000742,0.102318,2,0.000020,0.951895,0.100066,1.323541,0.025216,0.869722,0.057308,1.656880,2.034946,0.800000,12.112254,1,stable,-0.004570,-0.030051,1,0.001000,0.100066,1.323541
25.900000,0.000004,0.923588,0.001438,0.106700,2,0.000020,0.934593,0.100121,1.331207,0.025118,0.867330,0.067854,1.656880,-2.505124,0.900000,12.145114,1,stable,-0.006772,0.022361,1,0.001000,0.100121,1.331207
26,-0.000054,0.926469,-0.000408,0.095890,4,0.000020,1.303061,0.092595,1.339877,0.025028,0.867499,0.063769,1.656880,-0.173012,1,12.156291,1,stable,-0.004625,0.019540,1,0.001000,0.092595,1.339877
26.100000,-0.000661,0.928852,-0.001736,0.095723,2,0.000020,0.526483,0.093162,1.348747,0.024931,0.877657,0.075277,1.650894,3.684675,1.100000,12.167488,1,stable,-0.002813,-0.016197,1,0.001000,0.093162,1.348747
26.200000,-0.000615,0.926365,0.000358,0.091201,1,0.000021,1.232613,0.081525,1.356800,0.024844,0.879535,0.049191,1.650894,-7.765774,1.200000,12.182033,1,stable,-0.003982,-0.007666,1,0.001000,0.081525,1.356800
26.300000,-0.000517,0.916137,-0.000416,0.109894,4,0.000018,1.863551,0.097665,1.363242,0.024748,0.878519,0.073725,1.650894,7.061297,1.300000,12.196613,1,stable,-0.004404,0.007310,1,0.001000,0.097665,1.363242
26.400000,-0.000921,0.899078,-0.001428,0.081716,2,0.000018,2.906965,0.073100,1.367557,0.024652,0.877002,0.055595,1.660779,6.309377,1.400000,12.198739,1,transitoire,-0.003592,-0.048973,1,0.001000,0.073100,1.367557
26.500000,0.000116,0.880554,-0.000491,0.105914,2,0.000018,2.158174,0.094574,1.368810,0.024562,0.873670,0.060674,1.690342,10.434137,1.500000,12.200865,1,transitoire,-0.007374,-0.005986,1,0.001000,0.094574,1.368810
26.600000,0.000980,0.868472,-0.002377,0.090384,2,0.000019,2.386520,0.084651,1.367503,0.024499,0.872990,0.081206,1.699005,-7.487907,1.600000,12.386031,1,transitoire,-0.007490,0.024443,1,0.001000,0.084651,1.367503
26.700000,-0.000210,0.869010,0.001263,0.082630,4,0.000020,1.945455,0.071999,1.363457,0.024389,0.871838,0.046698,1.718325,2.283461,1.700000,12.576904,1,chronique,-0.005138,-0.014983,1,0.001000,0.071999,1.363457
26.800000,-0.000107,0.882722,0.003457,0.114972,4,0.000020,1.195053,0.103685,1.356974,0.024379,0.803102,0.096376,1.729360,-4.410647,1.800000,12.782617,1,chronique,-0.006093,-0.010264,1,0.001000,0.103685,1.356974
26.900000,-0.000057,0.904370,0.002291,0.058117,2,0.000020,3.527622,0.049400,1.348823,0.024244,0.801938,0.035528,1.729360,-7.504026,1.900000,12.995171,1,transitoire,-0.006619,-0.011685,1,0.001000,0.049400,1.348823
27,0.001518,0.926469,0.004235,0.119235,2,0.000020,1.956754,0.111078,1.340053,0.024142,0.809112,0.089044,1.769563,23.325694,2,13.121145,1,chronique,-0.007233,0.009999,1,0.001000,0.111078,1.340053
27.100000,0.000039,0.943205,0.002030,0.068214,2,0.000020,2.938091,0.054807,1.331277,0.024108,0.811066,0.021793,1.772967,-15.708678,2.100000,12.995171,1,transitoire,-0.006063,-0.003896,1,0.001000,0.054807,1.331277
27.200000,-0.001361,0.952136,-0.000036,0.126940,2,0.000020,1.900050,0.120785,1.323531,0.024111,0.821829,0.060350,1.801664,9.813364,2.200000,13.121145,1,chronique,-0.006075,-0.010271,1,0.001000,0.120785,1.323531
27.300000,0.000378,0.953688,0.001009,0.090881,2,0.000020,1.669503,0.078156,1.317305,0.023955,0.822628,0.041886,1.811351,-10.380406,2.300000,12.995171,1,chronique,-0.006602,0.035284,1,0.001000,0.078156,1.317305
27.400000,0.000037,0.949772,0.001876,0.108082,2,0.000020,1.735327,0.097770,1.313547,0.024030,0.824602,0.031429,1.816753,-2.305467,2.400000,13.121145,1,chronique,-0.003417,0.010770,1,0.001000,0.097770,1.313547
27.500000,-0.000159,0.942661,0.001698,0.121538,4,0.000020,0.865874,0.112756,1.312219,0.023845,0.873856,0.039563,1.823296,0.658241,2.500000,13.249584,1,chronique,-0.002375,-0.020592,1,0.001000,0.112756,1.312219
27.600000,-0.002103,0.934548,0.001352,0.113277,1,0.000020,0.377801,0.102042,1.313533,0.023727,0.874688,0.088723,1.815299,-8.694536,2.600000,13.358866,1,chronique,-0.003922,-0.072344,1,0.001000,0.102042,1.313533
27.700000,0.000190,0.927558,0.000508,0.062838,2,0.000020,3.449008,0.042945,1.317197,0.023714,0.871895,0.033778,1.815299,-4.880732,2.700000,13.249584,1,transitoire,-0.009579,0.016211,1,0.001000,0.042945,1.317197
27.800000,0.000517,0.923592,-0.002580,0.114738,4,0.000020,2.973470,0.101456,1.323417,0.023840,0.871666,0.096467,1.852327,30.712078,2.800000,13.358866,1,transitoire,-0.007788,0.027149,1,0.001000,0.101456,1.323417
27.900000,-0.000125,0.923588,-0.001121,0.051295,2,0.000020,5.148852,0.036847,1.331238,0.023580,0.869390,0.025881,1.880837,-4.755384,2.900000,13.469965,1,transitoire,-0.005203,-0.018288,1,0.001000,0.036847,1.331238
28,0.000676,0.926469,-0.001677,0.115057,2,0.000020,2.629439,0.107072,1.339987,0.023504,0.919266,0.065298,1.948189,21.753819,3,13.491640,1,transitoire,-0.006422,-0.005444,1,0.001000,0.107072,1.339987
28.100000,0.001324,0.928852,0.000916,0.082614,4,0.000020,2.426701,0.064224,1.348751,0.023418,0.918587,0.064505,1.960141,-25.194126,3.100000,13.513385,1,transitoire,-0.006541,0.040047,1,0.001000,0.064224,1.348751
28.200000,-0.000376,0.926365,0.001549,0.086664,4,0.000020,3.108992,0.062287,1.356760,0.023319,0.866454,0.045295,1.978450,-2.027385,3.200000,13.491640,1,transitoire,-0.002974,-0.038655,1,0.001000,0.062287,1.356760
28.300000,-0.000210,0.916137,-0.000618,0.098834,2,0.000020,3.020454,0.078006,1.363271,0.023336,0.871744,0.032970,2.008716,6.822912,3.300000,13.513385,1,transitoire,-0.005953,-0.022765,1,0.001000,0.078006,1.363271
28.400000,0.001151,0.899078,-0.001219,0.107012,4,0.000020,1.920630,0.094533,1.367539,0.023209,0.869892,0.083227,2.037250,-0.885381,3.400000,13.514491,1,chronique,-0.007497,0.023652,1,0.001000,0.094533,1.367539
28.500000,0.000478,0.880554,0.001387,0.056001,2,0.000020,4.614499,0.037115,1.369003,0.023159,0.871209,0.034365,2.046432,-10.998236,3.500000,13.513385,1,transitoire,-0.005209,0.024502,1,0.001000,0.037115,1.369003
28.600000,0.002741,0.868472,-0.000859,0.114888,2,0.000020,3.002776,0.096212,1.367416,0.023092,0.886806,0.088637,2.090709,26.938685,3.600000,13.514491,1,transitoire,-0.002966,0.058294,1,0.001000,0.096212,1.367416
28.700000,0.000741,0.869010,-0.001171,0.060318,2,0.000020,4.315862,0.036455,1.363379,0.023063,0.886186,0.041622,2.118285,-16.117227,3.700000,13.513385,1,transitoire,0.001898,0.027714,1,0.001000,0.036455,1.363379
28.800000,0.000996,0.882722,0.000501,0.108018,2,0.000020,3.256437,0.088048,1.356752,0.023102,0.827202,0.065334,2.168410,13.130863,3.800000,13.514491,1,transitoire,0.004045,0.016494,1,0.001000,0.088048,1.356752
28.900000,0.000557,0.904370,-0.001833,0.070065,4,0.000020,3.490224,0.048344,1.348705,0.022867,0.857327,0.050602,2.200235,-10.594259,3.900000,13.513385,1,transitoire,0.005177,0.017170,1,0.001000,0.048344,1.348705
29,-0.001568,0.926469,0.000655,0.083843,4,0.000020,3.243975,0.060729,1.339979,0.022750,0.858397,0.062386,2.236089,2.337876,4,13.514491,1,transitoire,0.006308,-0.040467,1,0.001000,0.060729,1.339979
29.100000,0.000519,0.943205,-0.001696,0.096983,2,0.000020,3.236027,0.065585,1.331139,0.022727,0.862920,0.036351,2.253172,-2.462488,4.100000,13.513385,1,transitoire,0.002719,0.039069,1,0.001000,0.065585,1.331139
29.200000,0.001167,0.952136,-0.003606,0.088936,2,0.000020,3.626932,0.069862,1.323413,0.022838,0.857308,0.056230,2.284035,-0.079483,4.200000,13.514491,1,transitoire,0.005743,0.023344,1,0.001000,0.069862,1.323413
29.300000,-0.000879,0.953688,-0.001151,0.089934,4,0.000020,3.557410,0.063889,1.317290,0.022594,0.865243,0.037540,2.321516,3.909051,4.300000,13.513385,1,transitoire,0.007345,-0.016291,1,0.001000,0.063889,1.317290
29.400000,0.000116,0.949772,0.000611,0.090429,2,0.000020,3.238974,0.078354,1.313468,0.022660,0.872109,0.044824,2.357784,-0.695220,4.400000,13.514491,1,transitoire,0.005659,0.010274,1,0.001000,0.078354,1.313468
29.500000,-0.000148,0.942661,-0.000309,0.083511,2,0.000020,2.731831,0.052641,1.312048,0.022557,0.855136,0.033483,2.388651,-3.184364,4.500000,13.515596,1,transitoire,0.006208,-0.010963,1,0.001000,0.052641,1.312048
29.600000,-0.000014,0.934548,-0.000170,0.066084,2,0.000020,3.982215,0.053249,1.313471,0.022402,0.857420,0.032570,2.394370,-5.071424,4.600000,13.531002,1,transitoire,0.005010,0.005056,1,0.017293,0.053249,1.313471
29.700000,-0.000215,0.927558,-0.000067,0.085162,2,0.000020,2.237555,0.052289,1.317345,0.022316,0.855833,0.040744,2.437106,12.503834,4.700000,13.546444,1,transitoire,0.005169,-0.028282,1,0.037621,0.052289,1.317345
29.800000,-0.000186,0.923592,-0.000646,0.061399,2,0.000020,3.553554,0.037416,1.323483,0.022242,0.855694,0.029363,2.450398,-17.446595,4.800000,13.550952,1,transitoire,0.002622,-0.022845,1,0.058247,0.037416,1.323483
29.900000,-0.000552,0.923588,0.000886,0.080386,2,0.000020,2.742861,0.060537,1.331197,0.022167,0.856576,0.038026,2.485371,13.159984,4.900000,13.555464,1,transitoire,0.000643,-0.025929,1,0.079073,0.060537,1.331197
30,0.000452,0.926469,-0.001342,0.088918,4,0.000022,2.913308,0.062295,1.339990,0.022095,0.868479,0.041472,2.506760,-8.106922,5,13.689026,1,transitoire,-0.001487,0.023491,1,0.100000,0.062295,1.339990
30.100000,0.000040,0.928852,0.000083,0.043939,4,0.000020,5.163795,0.027380,1.348788,0.022048,0.874160,0.021097,2.513425,1.704466,5.100000,13.825247,1,transitoire,0.000488,0.008756,1,0.120927,0.027380,1.348788
30.200000,0.000006,0.926365,0.001768,0.061622,4,0.000018,2.980162,0.048336,1.356826,0.021971,0.893665,0.017658,2.574114,22.504874,5.200000,14.032378,1,transitoire,0.001172,-0.001716,1,0.141753,0.048336,1.356826
30.300000,0.000430,0.916137,-0.000566,0.070795,1,0.000018,3.660702,0.054368,1.363284,0.021882,0.879051,0.037322,2.598648,-21.836332,5.300000,14.245811,1,transitoire,0.000975,0.036269,1,0.162379,0.054368,1.363284
30.400000,-0.002900,0.899078,-0.000043,0.111507,4,0.000019,2.638965,0.083952,1.367439,0.021813,0.874840,0.084768,2.633971,6.805401,5.400000,14.290969,1,transitoire,0.003860,-0.076491,1,0.182707,0.083952,1.367439
30.500000,-0.000000,0.880554,-0.001212,0.007568,1,0.000020,33.645932,0.004759,1.368925,0.021964,0.862296,0.007571,2.652159,-10.217377,5.500000,14.245811,1,transitoire,-0.002521,0.000168,1,0.202643,0.004759,1.368925
30.600000,0.000009,0.868472,-0.000910,0.017831,4,0.000020,2.047294,0.015284,1.367475,0.022149,0.862300,0.016356,3.152058,310.069674,5.600000,14.290969,1,transitoire,-0.002381,0.002655,1,0.222096,0.015284,1.367475
30.700000,0.000000,0.869010,-0.000035,0.000000,4,0.000020,1554579.766818,0.000000,1.363293,0.021745,0.862117,0.007531,3.160165,-315.986377,5.700000,14.336414,1,transitoire,-0.002048,0.000000,1,0.240981,0.000000,1.363293
30.800000,0.000000,0.882722,0.000477,0,2,0.000021,496.848382,0.000000,1.356829,0.021625,0.868774,0.007155,3.160165,1000000,5.800000,14.437002,1,transitoire,-0.001945,0.000000,1,0.259218,0.000000,1.356829
30.900000,0,0.904370,-0.000000,0,4,0.000021,0.016422,0,1.348769,0.021554,0.871959,0.006797,11.148885,-1000000,5.900000,14.539012,1,chronique,-0.001848,0,1,0.276734,0,1.348769
31,0,0.926469,0.000000,0,0,0.000021,0.018110,0,1.339942,0.021485,0.871933,0.006457,11.148885,-4968.319601,6,14.550414,1,chronique,-0.001756,0,1,0.293459,0,1.339942
31.100000,0,0.943205,0,0,0,0.000021,0.018006,0,1.331227,0.021416,0.871893,0.006134,11.148885,0.016880,6.100000,14.561834,1,chronique,-0.001668,0,1,0.309334,0,1.331227
31.200000,0,0.952136,0,0,0,0.000021,0.016151,0,1.323459,0.021347,0.886049,0.005827,10.996486,-0.001037,6.200000,14.580876,1,chronique,-0.001584,0,1,0.324303,0,1.323459
31.300000,0,0.953688,0,0,0,0.000021,0.012751,0,1.317356,0.021279,0.894881,0.005536,10.996486,-0.018555,6.300000,14.599967,1,chronique,-0.001505,0,1,0.338318,0,1.317356
31.400000,0,0.949772,0,0,0,0.000021,0.008153,0,1.313467,0.021211,0.890987,0.005259,10.996486,-0.033997,6.400000,14.615244,1,chronique,-0.001430,0,1,0.351335,0,1.313467
31.500000,0,0.942661,0,0,0,0.000021,0.002802,0,1.312132,0.021144,0.864112,0.004996,10.996486,-0.045983,6.500000,14.630552,1,chronique,-0.001358,0,1,0.363320,0,1.312132
31.600000,0,0.934548,0,0,0,0.000021,0.002798,0,1.313467,0.021077,0.862933,0.004746,10.996486,-0.053513,6.600000,14.736676,1,chronique,-0.001290,0,1,0.374240,0,1.313467
31.700000,0,0.927558,0,0,0,0.000021,0.008127,0,1.317356,0.021010,0.877439,0.004509,10.848801,-0.000031,6.700000,14.844351,1,chronique,-0.001226,0,1,0.384069,0,1.317356
31.800000,0,0.923592,0,0,0,0.000021,0.012688,0,1.323459,0.020944,0.875158,0.004284,10.848801,0.053284,6.800000,14.928870,1,chronique,-0.001165,0,1,0.392784,0,1.323459
31.900000,0,0.923588,0,0,0,0.000021,0.016050,0,1.331227,0.020879,0.877520,0.004069,10.848801,0.045610,6.900000,15.014358,1,stable,-0.001106,0,1,0.400369,0,1.331227
32,0,0.926469,0,0,0,0.000021,0.017881,0,1.339942,0.020813,0.877902,0.003866,10.848801,0.033618,7,15.055460,1,stable,-0.001051,0,1,0.406809,0,1.339942
32.100000,0,0.928852,0,0,0,0.000021,0.017983,0,1.348769,0.020749,0.879669,0.003673,10.848801,0.018313,7.100000,15.096788,1,stable,-0.000999,0,1,0.412092,0,1.348769
32.200000,0,0.926365,0,0,0,0.000021,0.016318,0,1.356829,0.020684,0.879049,0.003489,10.705428,0.001025,7.200000,15.281298,1,stable,-0.000949,0,1,0.416209,0,1.356829
32.300000,0,0.916137,0,0,0,0.000021,0.013020,0,1.363293,0.020620,0.850344,0.003315,10.705428,-0.016654,7.300000,15.470374,1,stable,-0.000901,0,1,0.419154,0,1.363293
32.400000,0,0.899078,0,0,0,0.000021,0.008396,0,1.367475,0.020557,0.846134,0.003149,10.705428,-0.032982,7.400000,15.497287,1,stable,-0.000856,0,1,0.420923,0,1.367475
32.500000,0,0.880554,0,0,0,0.000021,0.002901,0,1.368921,0.020493,0.846241,0.002991,10.705428,-0.046241,7.500000,15.524293,1,stable,-0.000813,0,1,0.421513,0,1.368921
32.600000,0,0.868472,0,0,0,0.000021,0.002905,0,1.367475,0.020430,0.845316,0.002842,10.705428,-0.054944,7.600000,15.618589,1,stable,-0.000773,0,1,0.420923,0,1.367475
32.700000,0,0.869010,0,0,0,0.000021,0.008423,0,1.363293,0.020368,0.857080,0.002700,10.566042,0.000033,7.700000,15.714038,1,stable,-0.000734,0,1,0.419154,0,1.363293
32.800000,0,0.882722,0,0,0,0.000021,0.013086,0,1.356829,0.020306,0.858359,0.002565,10.566042,0.055185,7.800000,15.908161,1,stable,-0.000697,0,1,0.416209,0,1.356829
32.900000,0,0.904370,0,0,0,0.000021,0.016422,0,1.348769,0.020244,0.866024,0.002437,10.566042,0.046627,7.900000,16.107141,1,stable,-0.000662,0,1,0.412092,0,1.348769
33,0,0.926469,0,0,0,0.000021,0.018110,0,1.339942,0.020183,0.865683,0.002315,10.566042,0.033362,8,16.185942,1,stable,-0.000629,0,1,0.406809,0,1.339942
33.100000,0,0.943205,0,0,0,0.000021,0.018006,0,1.331227,0.020122,0.865779,0.002199,10.566042,0.016880,8.100000,16.265518,1,stable,-0.000598,0,1,0.400369,0,1.331227
33.200000,0,0.952136,0,0,0,0.000022,0.016151,0,1.323459,0.020061,0.885834,0.002089,10.430483,-0.001037,8.200000,16.380036,1,stable,-0.000568,0,1,0.392784,0,1.323459
33.300000,0,0.953688,0,0,0,0.000021,0.012751,0,1.317356,0.020001,0.885715,0.001985,10.430483,-0.018555,8.300000,16.496178,1,stable,-0.000540,0,1,0.384069,0,1.317356
33.400000,0,0.949772,0,0,0,0.000020,0.008153,0,1.313467,0.019941,0.883393,0.001885,10.430483,-0.033997,8.400000,16.533241,1,stable,-0.000513,0,1,0.374240,0,1.313467
33.500000,0,0.942661,0,0,0,0.000021,0.002802,0,1.312132,0.019882,0.884518,0.001791,10.430483,-0.045983,8.500000,16.570471,1,stable,-0.000487,0,1,0.363320,0,1.312132
33.600000,0,0.934548,0,0,0,0.000021,0.002798,0,1.313467,0.019822,0.883031,0.001702,10.430483,-0.053513,8.600000,16.620043,1,stable,-0.000463,0,1,0.351335,0,1.313467
33.700000,0,0.927558,0,0,0,0.000021,0.008127,0,1.317356,0.019764,0.884916,0.001616,10.298590,-0.000031,8.700000,16.669912,1,stable,-0.000439,0,1,0.338318,0,1.317356
33.800000,0,0.923592,0,0,0,0.000021,0.012688,0,1.323459,0.019705,0.882924,0.001536,10.298590,0.053284,8.800000,17.191525,1,stable,-0.000418,0,1,0.324303,0,1.323459
33.900000,0,0.923588,0,0,0,0.000021,0.016050,0,1.331227,0.019647,0.868752,0.001459,10.298590,0.045610,8.900000,17.746836,1,stable,-0.000397,0,1,0.309334,0,1.331227
34,0,0.926469,0,0,0,0.000021,0.017881,0,1.339942,0.019589,0.877910,0.001386,10.298590,0.033618,9,17.776554,1,stable,-0.000377,0,1,0.293459,0,1.339942
34.100000,0,0.928852,0,0,0,0.000021,0.017983,0,1.348769,0.019532,0.909228,0.001317,10.298590,0.018313,9.100000,17.806372,1,stable,-0.000358,0,1,0.276734,0,1.348769
34.200000,0,0.926365,0,0,0,0.000021,0.016318,0,1.356829,0.019475,0.906564,0.001251,10.170488,0.001025,9.200000,17.988482,1,stable,-0.000340,0,1,0.259218,0,1.356829
34.300000,0,0.916137,0,0,0,0.000021,0.013020,0,1.363293,0.019418,0.936174,0.001188,10.170488,-0.016654,9.300000,18.174356,1,stable,-0.000323,0,1,0.240981,0,1.363293
34.400000,0,0.899078,0,0,0,0.000021,0.008396,0,1.367475,0.019361,0.957340,0.001129,10.170488,-0.032982,9.400000,18.250828,1,stable,-0.000307,0,1,0.222096,0,1.367475
34.500000,0,0.880554,0,0,0,0.000021,0.002901,0,1.368921,0.019305,0.958020,0.001072,10.170488,-0.046241,9.500000,18.327945,1,stable,-0.000292,0,1,0.202643,0,1.368921
34.600000,0,0.868472,0,0,0,0.000021,0.002905,0,1.367475,0.019249,0.958104,0.001019,10.170488,-0.054944,9.600000,18.483079,1,stable,-0.000277,0,1,0.182707,0,1.367475
34.700000,0,0.869010,0,0,0,0.000022,0.008423,0,1.363293,0.019194,0.958080,0.000968,10.045983,0.000033,9.700000,18.640861,1,stable,-0.000263,0,1,0.162379,0,1.363293
34.800000,0,0.882722,0,0,0,0.000022,0.013086,0,1.356829,0.019139,0.959644,0.000919,10.045983,0.055185,9.800000,18.878628,1,stable,-0.000250,0,1,0.141753,0,1.356829
34.900000,0,0.904370,0,0,0,0.000020,0.016422,0,1.348769,0.019084,0.959509,0.000873,10.045983,0.046627,9.900000,19.122537,1,stable,-0.000237,0,1,0.120927,0,1.348769
35,0,0.926469,0,0,0,0.000020,0.018110,0,1.339942,0.019029,0.973893,0.000830,10.045983,0.033362,10,19.258786,1,stable,-0.000226,0,1,0.100000,0,1.339942
35.100000,0,0.943205,0,0,0,0.000022,0.018006,0,1.331227,0.018975,0.981099,0.000788,10.045983,0.016880,10.100000,19.396991,1,stable,-0.000214,0,1,0.079073,0,1.331227
35.200000,0,0.952136,0,0,0,0.000021,0.016151,0,1.323459,0.018921,0.980955,0.000749,9.924773,-0.001037,10.200000,19.471185,1,stable,-0.000204,0,1,0.058247,0,1.323459
35.300000,0,0.953688,0,0,0,0.000021,0.012751,0,1.317356,0.018868,0.980959,0.000711,9.924773,-0.018555,10.300000,19.545949,1,stable,-0.000193,0,1,0.037621,0,1.317356
35.400000,0,0.949772,0,0,0,0.000021,0.008153,0,1.313467,0.018814,0.986071,0.000676,9.924773,-0.033997,10.400000,19.623569,1,stable,-0.000184,0,1,0.017293,0,1.313467
35.500000,0,0.942661,0,0,0,0.000021,0.002802,0,1.312132,0.018761,0.986120,0.000642,9.924773,-0.045983,10.500000,19.701807,1,stable,-0.000175,0,1,0.001000,0,1.312132
35.600000,0,0.934548,0,0,0,0.000022,0.002798,0,1.313467,0.018709,0.986103,0.000610,9.924773,-0.053513,10.600000,19.772930,1,stable,-0.000166,0,1,0.001000,0,1.313467
35.700000,0,0.927558,0,0,0,0.000022,0.008127,0,1.317356,0.018656,0.986103,0.000579,9.806624,-0.000031,10.700000,19.844568,1,stable,-0.000158,0,1,0.001000,0,1.317356
35.800000,0,0.923592,0,0,0,0.000021,0.012688,0,1.323459,0.018604,0,0.000551,9.806624,0.053284,10.800000,19.914365,1,stable,-0.000150,0,1,0.001000,0,1.323459
35.900000,0,0.923588,0,0,0,0.000021,0.016050,0,1.331227,0.018552,0,0.000523,9.806624,0.045610,10.900000,19.984655,1,stable,-0.000142,0,1,0.001000,0,1.331227
36,0,0.926469,0,0,0,0.000022,0.017881,0,1.339942,0.018501,0,0.000497,9.806624,0.033618,11,20.196767,1,stable,-0.000135,0,1,0.001000,0,1.339942
36.100000,0,0.928852,0,0,0,0.000021,0.017983,0,1.348769,0.018450,0,0.000472,9.806624,0.018313,11.100000,20.413430,1,stable,-0.000128,0,1,0.001000,0,1.348769
36.200000,0,0.926365,0,0,0,0.000021,0.016318,0,1.356829,0.018399,0,0.000448,9.691709,0.001025,11.200000,20.420319,1,stable,-0.000122,0,1,0.001000,0,1.356829
36.300000,0,0.916137,0,0,0,0.000021,0.013020,0,1.363293,0.018348,0,0.000426,9.691709,-0.016654,11.300000,20.427213,1,stable,-0.000116,0,1,0.001000,0,1.363293
36.400000,0,0.899078,0,0,0,0.000021,0.008396,0,1.367475,0.018298,0,0.000405,9.691709,-0.032982,11.400000,20.470649,1,stable,-0.000110,0,1,0.001000,0,1.367475
36.500000,0,0.880554,0,0,0,0.000021,0.002901,0,1.368921,0.018247,0,0.000384,9.691709,-0.046241,11.500000,20.514270,1,stable,-0.000105,0,1,0.001000,0,1.368921
36.600000,0,0.868472,0,0,0,0.000021,0.002905,0,1.367475,0.018198,0,0.000365,9.691709,-0.054944,11.600000,20.876174,1,stable,-0.000099,0,1,0.001000,0,1.367475
36.700000,0,0.869010,0,0,0,0.000021,0.008423,0,1.363293,0.018148,0,0.000347,9.579897,0.000033,11.700000,21.251077,1,stable,-0.000094,0,1,0.001000,0,1.363293
36.800000,0,0.882722,0,0,0,0.000021,0.013086,0,1.356829,0.018099,0,0.000330,9.579897,0.055185,11.800000,21.351466,1,stable,-0.000090,0,1,0.001000,0,1.356829
36.900000,0,0.904370,0,0,0,0.000021,0.016422,0,1.348769,0.018050,0,0.000313,9.579897,0.046627,11.900000,21.452809,1,stable,-0.000085,0,1,0.001000,0,1.348769
37,0,0.926469,0,0,0,0.000021,0.018110,0,1.339942,0.018001,0,0.000297,9.579897,0.033362,12,21.609038,1,stable,-0.000081,0,1,0.001000,0,1.339942
37.100000,0,0.943205,0,0,0,0.000021,0.018006,0,1.331227,0.017952,0,0.000283,9.579897,0.016880,12.100000,21.767559,1,stable,-0.000077,0,1,0.001000,0,1.331227
37.200000,0,0.952136,0,0,0,0.000021,0.016151,0,1.323459,0.017904,0,0.000268,9.471039,-0.001037,12.200000,21.874587,1,stable,-0.000073,0,1,0.001000,0,1.323459
37.300000,0,0.953688,0,0,0,0.000022,0.012751,0,1.317356,0.017856,0,0.000255,9.471039,-0.018555,12.300000,21.982673,1,stable,-0.000069,0,1,0.001000,0,1.317356
37.400000,0,0.949772,0,0,0,0.000022,0.008153,0,1.313467,0.017808,0,0.000242,9.471039,-0.033997,12.400000,22.016846,1,stable,-0.000066,0,1,0.001000,0,1.313467
37.500000,0,0.942661,0,0,0,0.000021,0.002802,0,1.312132,0.017761,0,0.000230,9.471039,-0.045983,12.500000,22.051126,1,stable,-0.000063,0,1,0.001000,0,1.312132
37.600000,0,0.934548,0,0,0,0.000021,0.002798,0,1.313467,0.017714,0,0.000219,9.471039,-0.053513,12.600000,22.059184,1,stable,-0.000059,0,1,0.001000,0,1.313467
37.700000,0,0.927558,0,0,0,0.000021,0.008127,0,1.317356,0.017667,0,0.000208,9.365040,-0.000031,12.700000,22.067247,1,stable,-0.000056,0,1,0.001000,0,1.317356
37.800000,0,0.923592,0,0,0,0.000021,0.012688,0,1.323459,0.017620,0,0.000197,9.365040,0.053284,12.800000,22.498327,1,stable,-0.000054,0,1,0.001000,0,1.323459
37.900000,0,0.923588,0,0,0,0.000022,0.016050,0,1.331227,0.017573,0,0.000187,9.365040,0.045610,12.900000,22.946584,1,stable,-0.000051,0,1,0.001000,0,1.331227
38,0,0.926469,0,0,0,0.000021,0.017881,0,1.339942,0.017527,0,0.000178,9.365040,0.033618,13,23.009531,1,stable,-0.000048,0,1,0.001000,0,1.339942
38.100000,0,0.928852,0,0,0,0.000021,0.017983,0,1.348769,0.017481,0,0.000169,9.365040,0.018313,13.100000,23.072824,1,stable,-0.000046,0,1,0.001000,0,1.348769
38.200000,0,0.926365,0,0,0,0.000021,0.016318,0,1.356829,0.017435,0,0.000161,9.261737,0.001025,13.200000,23.110746,1,stable,-0.000044,0,1,0.001000,0,1.356829
38.300000,0,0.916137,0,0,0,0.000022,0.013020,0,1.363293,0.017390,0,0.000153,9.261737,-0.016654,13.300000,23.148794,1,stable,-0.000042,0,1,0.001000,0,1.363293
38.400000,0,0.899078,0,0,0,0.000021,0.008396,0,1.367475,0.017345,0,0.000145,9.261737,-0.032982,13.400000,23.329910,1,stable,-0.000039,0,1,0.001000,0,1.367475
38.500000,0,0.880554,0,0,0,0.000021,0.002901,0,1.368921,0.017300,0,0.000138,9.261737,-0.046241,13.500000,23.513884,1,stable,-0.000037,0,1,0.001000,0,1.368921
38.600000,0,0.868472,0,0,0,0.000021,0.002905,0,1.367475,0.017255,0,0.000131,9.261737,-0.054944,13.600000,23.602073,1,stable,-0.000036,0,1,0.001000,0,1.367475
38.700000,0,0.869010,0,0,0,0.000022,0.008423,0,1.363293,0.017210,0,0.000124,9.161081,0.000033,13.700000,23.690926,1,stable,-0.000034,0,1,0.001000,0,1.363293
38.800000,0,0.882722,0,0,0,0.000021,0.013086,0,1.356829,0.017166,0,0.000118,9.161081,0.055185,13.800000,23.788623,1,stable,-0.000032,0,1,0.001000,0,1.356829
38.900000,0,0.904370,0,0,0,0.000021,0.016422,0,1.348769,0.017122,0,0.000112,9.161081,0.046627,13.900000,23.887130,1,stable,-0.000031,0,1,0.001000,0,1.348769
39,0,0.926469,0,0,0,0.000021,0.018110,0,1.339942,0.017078,0,0.000107,9.161081,0.033362,14,23.898331,1,stable,-0.000029,0,1,0.001000,0,1.339942
39.100000,0,0.943205,0,0,0,0.000021,0.018006,0,1.331227,0.017034,0,0.000101,9.161081,0.016880,14.100000,23.909543,1,stable,-0.000028,0,1,0.001000,0,1.331227
39.200000,0,0.952136,0,0,0,0.000021,0.016151,0,1.323459,0.016991,0,0.000096,9.062948,-0.001037,14.200000,24.009297,1,stable,-0.000026,0,1,0.001000,0,1.323459
39.300000,0,0.953688,0,0,0,0.000021,0.012751,0,1.317356,0.016947,0,0.000091,9.062948,-0.018555,14.300000,24.109886,1,stable,-0.000025,0,1,0.001000,0,1.317356
39.400000,0,0.949772,0,0,0,0.000021,0.008153,0,1.313467,0.016904,0,0.000087,9.062948,-0.033997,14.400000,24.261857,1,stable,-0.000024,0,1,0.001000,0,1.313467
39.500000,0,0.942661,0,0,0,0.000021,0.002802,0,1.312132,0.016862,0,0.000083,9.062948,-0.045983,14.500000,24.415756,1,stable,-0.000022,0,1,0.001000,0,1.312132
39.600000,0,0.934548,0,0,0,0.000021,0.002798,0,1.313467,0.016819,0,0.000078,9.062948,-0.053513,14.600000,24.437719,1,stable,-0.000021,0,1,0.017293,0,1.313467
39.700000,0,0.927558,0,0,0,0.000021,0.008127,0,1.317356,0.016777,0,0.000074,8.967204,-0.000031,14.700000,24.459721,1,stable,-0.000020,0,1,0.037621,0,1.317356
39.800000,0,0.923592,0,0,0,0.000021,0.012688,0,1.323459,0.016734,0,0.000071,8.967204,0.053284,14.800000,24.525624,1,stable,-0.000019,0,1,0.058247,0,1.323459
39.900000,0,0.923588,0,0,0,0.000021,0.016050,0,1.331227,0.016693,0,0.000067,8.967204,0.045610,14.900000,24.591882,1,stable,-0.000018,0,1,0.079073,0,1.331227
40,0,0.926469,0,0,0,0.000023,0.017881,0,1.339942,0.016651,0,0.000064,8.967204,0.033618,15,24.771672,1,stable,-0.000017,0,1,0.100000,0,1.339942
40.100000,0,0.928852,0,0,0,0.000021,0.017983,0,1.348769,0.016609,0,0.000061,8.967204,0.018313,15.100000,24.954110,1,stable,-0.000016,0,1,0.120927,0,1.348769
40.200000,0,0.926365,0,0,0,0.000022,0.016318,0,1.356829,0.016568,0,0.000058,8.873747,0.001025,15.200000,25.091004,1,stable,-0.000016,0,1,0.141753,0,1.356829
40.300000,0,0.916137,0,0,0,0.000021,0.013020,0,1.363293,0.016527,0,0.000055,8.873747,-0.016654,15.300000,25.229408,1,stable,-0.000015,0,1,0.162379,0,1.363293
40.400000,0,0.899078,0,0,0,0.000021,0.008396,0,1.367475,0.016486,0,0.000052,8.873747,-0.032982,15.400000,25.330972,1,stable,-0.000014,0,1,0.182707,0,1.367475
40.500000,0,0.880554,0,0,0,0.000022,0.002901,0,1.368921,0.016445,0,0.000049,8.873747,-0.046241,15.500000,25.433356,1,stable,-0.000013,0,1,0.202643,0,1.368921
40.600000,0,0.868472,0,0,0,0.000022,0.002905,0,1.367475,0.016405,0,0.000047,8.873747,-0.054944,15.600000,25.451155,1,stable,-0.000013,0,1,0.222096,0,1.367475
40.700000,0,0.869010,0,0,0,0.000021,0.008423,0,1.363293,0.016364,0,0.000045,8.782532,0.000033,15.700000,25.468979,1,stable,-0.000012,0,1,0.240981,0,1.363293
40.800000,0,0.882722,0,0,0,0.000021,0.013086,0,1.356829,0.016324,0,0.000042,8.782532,0.055185,15.800000,25.489803,1,stable,-0.000012,0,1,0.259218,0,1.356829
40.900000,0,0.904370,0,0,0,0.000021,0.016422,0,1.348769,0.016284,0,0.000040,8.782532,0.046627,15.900000,25.510660,1,stable,-0.000011,0,1,0.276734,0,1.348769
41,0,0.926469,0,0,0,0.000021,0.018110,0,1.339942,0.016245,0,0.000038,8.782532,0.033362,16,25.522607,1,stable,-0.000010,0,1,0.293459,0,1.339942
41.100000,0,0.943205,0,0,0,0.000021,0.018006,0,1.331227,0.016205,0,0.000036,8.782532,0.016880,16.100000,25.534564,1,stable,-0.000010,0,1,0.309334,0,1.331227
41.200000,0,0.952136,0,0,0,0.000021,0.016151,0,1.323459,0.016166,0,0.000035,8.693390,-0.001037,16.200000,25.535564,1,stable,-0.000009,0,1,0.324303,0,1.323459
41.300000,0,0.953688,0,0,0,0.000021,0.012751,0,1.317356,0.016127,0,0.000033,8.693390,-0.018555,16.300000,25.536563,1,stable,-0.000009,0,1,0.338318,0,1.317356
41.400000,0,0.949772,0,0,0,0.000021,0.008153,0,1.313467,0.016088,0,0.000031,8.693390,-0.033997,16.400000,25.548244,1,stable,-0.000008,0,1,0.351335,0,1.313467
41.500000,0,0.942661,0,0,0,0.000021,0.002802,0,1.312132,0.016049,0,0.000030,8.693390,-0.045983,16.500000,25.559935,1,stable,-0.000008,0,1,0.363320,0,1.312132
41.600000,0,0.934548,0,0,0,0.000021,0.002798,0,1.313467,0.016010,0,0.000028,8.693390,-0.053513,16.600000,25.970063,1,stable,-0.000008,0,1,0.374240,0,1.313467
41.700000,0,0.927558,0,0,0,0.000021,0.008127,0,1.317356,0.015972,0,0.000027,8.606363,-0.000031,16.700000,26.393568,1,stable,-0.000007,0,1,0.384069,0,1.317356
41.800000,0,0.923592,0,0,0,0.000021,0.012688,0,1.323459,0.015934,0,0.000025,8.606363,0.053284,16.800000,26.600989,1,stable,-0.000007,0,1,0.392784,0,1.323459
41.900000,0,0.923588,0,0,0,0.000020,0.016050,0,1.331227,0.015896,0,0.000024,8.606363,0.045610,16.900000,26.811696,1,stable,-0.000007,0,1,0.400369,0,1.331227
42,0,0.926469,0,0,0,0.000021,0.017881,0,1.339942,0.015858,0,0.000023,8.606363,0.033618,17,27.088295,1,stable,-0.000006,0,1,0.406809,0,1.339942
42.100000,0,0.928852,0,0,0,0.000021,0.017983,0,1.348769,0.015820,0,0.000022,8.606363,0.018313,17.100000,27.370661,1,stable,-0.000006,0,1,0.412092,0,1.348769
42.200000,0,0.926365,0,0,0,0.000021,0.016318,0,1.356829,0.015783,0,0.000021,8.521313,0.001025,17.200000,27.498117,1,stable,-0.000006,0,1,0.416209,0,1.356829
42.300000,0,0.916137,0,0,0,0.000021,0.013020,0,1.363293,0.015745,0,0.000020,8.521313,-0.016654,17.300000,27.626766,1,stable,-0.000005,0,1,0.419154,0,1.363293
42.400000,0,0.899078,0,0,0,0.000021,0.008396,0,1.367475,0.015708,0,0.000019,8.521313,-0.032982,17.400000,27.848408,1,stable,-0.000005,0,1,0.420923,0,1.367475
42.500000,0,0.880554,0,0,0,0.000020,0.002901,0,1.368921,0.015671,0,0.000018,8.521313,-0.046241,17.500000,28.073634,1,stable,-0.000005,0,1,0.421513,0,1.368921
42.600000,0,0.868472,0,0,0,0.000021,0.002905,0,1.367475,0.015635,0,0.000017,8.521313,-0.054944,17.600000,28.183216,1,stable,-0.000005,0,1,0.420923,0,1.367475
42.700000,0,0.869010,0,0,0,0.000021,0.008423,0,1.363293,0.015598,0,0.000016,8.438239,0.000033,17.700000,28.293656,1,stable,-0.000004,0,1,0.419154,0,1.363293
42.800000,0,0.882722,0,0,0,0.000021,0.013086,0,1.356829,0.015561,0,0.000015,8.438239,0.055185,17.800000,28.371412,1,stable,-0.000004,0,1,0.416209,0,1.356829
42.900000,0,0.904370,0,0,0,0.000021,0.016422,0,1.348769,0.015525,0,0.000014,8.438239,0.046627,17.900000,28.449597,1,stable,-0.000004,0,1,0.412092,0,1.348769
43,0,0.926469,0,0,0,0.000021,0.018110,0,1.339942,0.015489,0,0.000014,8.438239,0.033362,18,28.824593,1,stable,-0.000004,0,1,0.406809,0,1.339942
43.100000,0,0.943205,0,0,0,0.000021,0.018006,0,1.331227,0.015453,0,0.000013,8.438239,0.016880,18.100000,29.209607,1,stable,-0.000004,0,1,0.400369,0,1.331227
43.200000,0,0.952136,0,0,0,0.000021,0.016151,0,1.323459,0.015417,0,0.000012,8.357057,-0.001037,18.200000,29.356029,1,stable,-0.000003,0,1,0.392784,0,1.323459
43.300000,0,0.953688,0,0,0,0.000021,0.012751,0,1.317356,0.015382,0,0.000012,8.357057,-0.018555,18.300000,29.503928,1,stable,-0.000003,0,1,0.384069,0,1.317356
43.400000,0,0.949772,0,0,0,0.000021,0.008153,0,1.313467,0.015346,0,0.000011,8.357057,-0.033997,18.400000,29.514393,1,stable,-0.000003,0,1,0.374240,0,1.313467
43.500000,0,0.942661,0,0,0,0.000021,0.002802,0,1.312132,0.015311,0,0.000011,8.357057,-0.045983,18.500000,29.524867,1,stable,-0.000003,0,1,0.363320,0,1.312132
43.600000,0,0.934548,0,0,0,0.000021,0.002798,0,1.313467,0.015276,0,0.000010,8.357057,-0.053513,18.600000,30.105351,1,stable,-0.000003,0,1,0.351335,0,1.313467
43.700000,0,0.927558,0,0,0,0.000021,0.008127,0,1.317356,0.015241,0,0.000010,8.277686,-0.000031,18.700000,30.709119,1,stable,-0.000003,0,1,0.338318,0,1.317356
43.800000,0,0.923592,0,0,0,0.000021,0.012688,0,1.323459,0.015206,0,0.000009,8.277686,0.053284,18.800000,30.754744,1,stable,-0.000002,0,1,0.324303,0,1.323459
43.900000,0,0.923588,0,0,0,0.000021,0.016050,0,1.331227,0.015172,0,0.000009,8.277686,0.045610,18.900000,30.800504,1,stable,-0.000002,0,1,0.309334,0,1.331227
44,0,0.926469,0,0,0,0.000021,0.017881,0,1.339942,0.015137,0,0.000008,8.277686,0.033618,19,30.834373,1,stable,-0.000002,0,1,0.293459,0,1.339942
44.100000,0,0.928852,0,0,0,0.000021,0.017983,0,1.348769,0.015103,0,0.000008,8.277686,0.018313,19.100000,30.868317,1,stable,-0.000002,0,1,0.276734,0,1.348769
44.200000,0.007824,0.926365,0,0.192729,2,0.000020,3.816610,0.185998,1.356829,0.015069,0,0.139818,8.200041,0.001025,19.200000,30.894621,1,transitoire,-0.000002,0.137334,1,0.259218,0.185998,1.356829
44.300000,0.000000,0.916137,0,0.000037,2,0.000020,11352.934554,0.000016,1.363293,0.015807,0.986103,0.011314,8.227562,37.986268,19.300000,30.868317,1,transitoire,0.011108,0.000008,1,0.240981,0.000016,1.363293
44.400000,0.000207,0.899078,0.001308,0.043199,0,0.000020,1.010174,0.019370,1.367475,0.017234,0.986103,0.027476,135.773204,113491.179439,19.400000,30.894621,1,chronique,0.010554,0.016697,1,0.222096,0.019370,1.367475
44.500000,0.000000,0.880554,-0.000000,0.005941,0,0.000020,10.042234,0.004141,1.368920,0.015750,0.986127,0.010406,135.773204,-113519.243797,19.500000,30.920970,1,transitoire,0.011377,0.000970,1,0.202643,0.004141,1.368920
44.600000,0.000107,0.868472,-0.000872,0.049784,3,0.000020,2.267330,0.042306,1.367474,0.015427,0.986127,0.027669,135.870583,90.320594,19.600000,30.924691,1,transitoire,0.010886,0.032806,1,0.182707,0.042306,1.367474
44.700000,-0.000030,0.869010,0.000015,0.049608,3,0.000020,2.514854,0.033899,1.363291,0.015399,0.986201,0.017425,134.386103,-77.749041,19.700000,30.928413,1,transitoire,0.012996,0.000302,1,0.162379,0.033899,1.363291
44.800000,-0.001154,0.882722,0.000092,0.099161,1,0.000020,1.842347,0.076630,1.356812,0.015364,0.986227,0.043995,134.398747,2.475245,19.800000,30.999166,1,chronique,0.012371,-0.020189,1,0.141753,0.076630,1.356812
44.900000,0.000114,0.904370,0.000101,0.066120,1,0.000020,4.092070,0.047770,1.348723,0.015343,0.978540,0.018713,134.403916,-6.725075,19.900000,30.928413,1,transitoire,0.010119,0.017079,1,0.120927,0.047770,1.348723
45,-0.001964,0.926469,-0.001714,0.121971,4,0.000020,2.239710,0.097020,1.339995,0.015349,0.978327,0.055853,134.434015,22.497228,20,30.999166,1,transitoire,0.010995,-0.044859,1,0.100000,0.097020,1.339995
45.100000,-0.000012,0.943205,0.000906,0.045008,4,0.000020,5.317552,0.033728,1.331206,0.015351,0.960889,0.019323,134.443525,-18.523592,20.100000,30.928413,1,transitoire,0.006816,-0.006615,1,0.079073,0.033728,1.331206
45.200000,-0.000195,0.952136,-0.001943,0.103677,1,0.000021,2.536970,0.084505,1.323460,0.015350,0.960907,0.056359,133.024559,30.778418,20.200000,30.999166,1,transitoire,0.005940,-0.017538,1,0.058247,0.084505,1.323460
45.300000,-0.000058,0.953688,0.000031,0.025098,2,0.000020,10.262621,0.015930,1.317346,0.015231,0.960705,0.027136,133.037118,-27.805818,20.300000,31.070244,1,transitoire,0.004224,-0.014078,1,0.037621,0.015930,1.317346
45.400000,0.000501,0.949772,-0.002349,0.099389,2,0.000020,2.442016,0.074698,1.313465,0.015176,0.960789,0.045721,133.134540,77.256510,20.400000,31.143332,1,transitoire,0.002874,0.038038,1,0.017293,0.074698,1.313465
45.500000,-0.000133,0.942661,0.000018,0.067927,1,0.000020,3.454849,0.051276,1.312113,0.015143,0.959432,0.032467,133.145954,-78.206051,20.500000,31.070244,1,transitoire,0.005808,-0.021227,1,0.001000,0.051276,1.312113
45.600000,-0.000069,0.934548,-0.000057,0.099412,4,0.000020,2.530440,0.077197,1.313469,0.015120,0.959568,0.063433,133.168440,10.128326,20.600000,31.143332,1,transitoire,0.003800,-0.010592,1,0.001000,0.077197,1.313469
45.700000,0.000096,0.927558,0.000289,0.058114,2,0.000020,5.045921,0.036289,1.317216,0.015079,0.959760,0.028440,131.748462,-9.244087,20.700000,31.216765,1,transitoire,0.002753,0.008720,1,0.001000,0.036289,1.317216
45.800000,0.000442,0.923592,-0.001195,0.098495,2,0.000020,3.355169,0.084121,1.323506,0.015045,0.959600,0.052146,131.787976,25.154807,20.800000,31.642693,1,transitoire,0.003321,0.023693,1,0.001000,0.084121,1.323506
45.900000,0.000164,0.923588,0.001119,0.048681,2,0.000020,5.394315,0.035520,1.331256,0.015013,0.957623,0.033145,131.809112,-16.907521,20.900000,31.216765,1,transitoire,0.005072,0.024267,1,0.001000,0.035520,1.331256
46,0.000841,0.926469,-0.000690,0.104398,2,0.000020,3.034623,0.085337,1.339965,0.014983,0.957250,0.050954,131.852364,20.391462,21,31.642693,1,transitoire,0.006781,0.046731,1,0.001000,0.085337,1.339965
46.100000,0.000127,0.928852,0.000438,0.061161,2,0.000020,4.820950,0.054472,1.348763,0.014954,0.954535,0.042401,131.869963,-23.596922,21.100000,31.216765,1,transitoire,0.010223,0.027077,1,0.001000,0.054472,1.348763
46.200000,0.000188,0.926365,-0.000952,0.078595,2,0.000020,1.642645,0.065392,1.356864,0.014930,0.954214,0.043566,130.503844,17.863273,21.200000,31.642693,1,chronique,0.011902,0.015955,1,0.001000,0.065392,1.356864
46.300000,-0.000030,0.916137,0.000732,0.064692,2,0.000020,2.207508,0.056614,1.363307,0.014887,0.954273,0.026801,130.506264,-31.783052,21.300000,32.080405,1,transitoire,0.012598,0.002962,1,0.001000,0.056614,1.363307
46.400000,0.000101,0.899078,-0.000155,0.085664,2,0.000020,2.094367,0.083481,1.367418,0.014853,0.954319,0.031156,130.514755,5.648630,21.400000,32.476928,1,transitoire,0.012207,0.012893,1,0.001000,0.083481,1.367418
46.500000,-0.000761,0.880554,-0.001244,0.097263,4,0.000020,1.296291,0.089271,1.368932,0.014821,0.954256,0.061468,130.522027,-1.131408,21.500000,32.883375,1,chronique,0.012640,-0.040455,1,0.001000,0.089271,1.368932
46.600000,0.001068,0.868472,0.000423,0.092809,2,0.000020,2.020246,0.067241,1.367472,0.014798,0.953060,0.058922,130.522027,-7.980761,21.600000,32.476928,1,transitoire,0.008735,0.037236,1,0.001000,0.067241,1.367472
46.700000,-0.001039,0.869010,-0.000249,0.074574,2,0.000020,3.943657,0.057233,1.363384,0.014823,0.949278,0.064057,129.154987,7.239547,21.700000,32.080405,1,transitoire,0.011311,-0.049579,1,0.001000,0.057233,1.363384
46.800000,-0.001246,0.882722,0.001150,0.086983,4,0.000020,3.022625,0.064655,1.356845,0.014846,0.943671,0.062124,129.181621,19.234107,21.800000,31.642693,1,transitoire,0.006734,-0.055389,1,0.001000,0.064655,1.356845
46.900000,-0.000147,0.904370,0.000875,0.079102,4,0.000021,3.590702,0.059308,1.348713,0.014730,0.947718,0.047568,129.198296,-9.210312,21.800000,31.216765,1,transitoire,0.001917,-0.010330,1,0.001000,0.059308,1.348713
47,-0.000691,0.926469,-0.001180,0.097724,2,0.000020,3.073517,0.083974,1.339868,0.014717,0.947096,0.055202,129.220968,5.680766,21.800000,31.642693,1,transitoire,0.000985,-0.033518,1,0.001000,0.083974,1.339868
47.100000,0.000276,0.943205,-0.001218,0.073259,2,0.000020,3.233042,0.064864,1.331203,0.014680,0.945802,0.035118,129.238115,-5.171854,21.800000,31.216765,1,transitoire,-0.001776,0.023353,1,0.001000,0.064864,1.331203
47.200000,-0.001208,0.952136,-0.001231,0.112674,2,0.000020,2.119854,0.101254,1.323515,0.014645,0.945037,0.054612,127.911745,1.595252,21.800000,31.642693,1,transitoire,0.000202,-0.040916,1,0.001000,0.101254,1.323515
47.300000,0.001613,0.953688,0.001097,0.091299,2,0.000020,2.293132,0.077027,1.317373,0.014648,0.944232,0.071659,127.918443,-11.131873,21.800000,31.216765,1,transitoire,-0.003118,0.042738,1,0.001000,0.077027,1.317373
47.400000,0.000289,0.949772,0.000691,0.091335,2,0.000020,2.406661,0.069463,1.313593,0.014718,0.926701,0.049419,127.926729,1.732774,21.800000,31.143332,1,transitoire,0.000495,0.022417,1,0.001000,0.069463,1.313593
47.500000,0.001127,0.942661,0.003261,0.092825,4,0.000020,2.432378,0.083424,1.312111,0.014657,0.925087,0.059765,127.935962,1.135289,21.800000,31.216765,1,transitoire,0.002284,0.053136,1,0.001000,0.083424,1.312111
47.600000,0.001866,0.934548,0.000467,0.101708,4,0.000020,2.255733,0.080902,1.313566,0.014544,0.911858,0.066502,127.945306,0.257174,21.800000,31.143332,1,transitoire,0.006469,0.062756,1,0.001000,0.080902,1.313566
47.700000,-0.000288,0.927558,0.002496,0.088068,2,0.000020,2.976256,0.071074,1.317277,0.014494,0.901747,0.057730,126.636040,-1.766453,21.800000,31.070244,1,transitoire,0.011222,0.008096,1,0.001000,0.071074,1.317277
47.800000,-0.000829,0.923592,-0.001906,0.100395,2,0.000020,2.651675,0.087369,1.323360,0.014549,0.902668,0.046495,126.650920,7.205231,21.800000,31.143332,1,transitoire,0.011316,-0.023437,1,0.001000,0.087369,1.323360
47.900000,-0.001900,0.923588,-0.000743,0.108121,1,0.000020,1.551995,0.095213,1.331294,0.014467,0.901695,0.077105,126.662385,-3.245811,21.800000,31.070244,1,chronique,0.008854,-0.058771,1,0.001000,0.095213,1.331294
48,-0.000371,0.926469,0.000646,0.073702,2,0.000020,3.076954,0.062720,1.339845,0.014425,0.892680,0.042342,126.662385,-10.996800,21.800000,30.999166,1,transitoire,0.003657,-0.027724,1,0.001000,0.062720,1.339845
48.100000,-0.000226,0.928852,-0.001915,0.116041,2,0.000020,2.247045,0.105636,1.348861,0.014470,0.893565,0.048569,126.678179,15.249594,21.800000,31.070244,1,transitoire,0.001231,-0.028017,1,0.001000,0.105636,1.348861
48.200000,-0.000063,0.926365,0.001493,0.112425,1,0.000020,0.947372,0.103868,1.356772,0.014400,0.893058,0.030485,125.395384,-8.299095,21.800000,31.143332,1,chronique,-0.001097,-0.016309,1,0.001000,0.103868,1.356772
48.300000,-0.000709,0.916137,-0.000828,0.121468,3,0.000020,0.529459,0.116244,1.363373,0.014363,0.892966,0.061689,125.395384,-12.996729,21.800000,31.216765,1,chronique,-0.002362,-0.048504,1,0.001000,0.116244,1.363373
48.400000,0.000351,0.899078,0.001196,0.095808,4,0.000020,1.202001,0.089127,1.367455,0.014344,0.893566,0.045690,125.395384,-4.179129,21.800000,31.143332,1,chronique,-0.006167,0.016638,1,0.001000,0.089127,1.367455
48.500000,0.000362,0.880554,-0.000556,0.102592,4,0.000020,1.161662,0.098282,1.368864,0.014331,0.899098,0.051730,125.395384,6.725425,21.800000,31.216765,1,chronique,-0.004513,0.022230,1,0.001000,0.098282,1.368864
48.600000,0.000439,0.868472,-0.001303,0.111851,2,0.000020,0.756716,0.103294,1.367430,0.014287,0.896595,0.058288,125.395384,-0.403396,21.800000,31.642693,1,chronique,-0.002489,0.055799,1,0.001000,0.103294,1.367430
48.700000,0.001779,0.869010,-0.000938,0.106255,4,0.000020,0.653101,0.098913,1.363318,0.014253,0.900576,0.074072,124.131765,-4.049455,21.800000,31.216765,1,chronique,0.002150,0.073545,1,0.001000,0.098913,1.363318
48.800000,0.000025,0.882722,0.000449,0.090446,2,0.000020,1.558256,0.080926,1.356764,0.014240,0.896590,0.064854,124.131765,-1.036155,21.800000,31.143332,1,stable,0.007992,0.015633,1,0.001000,0.080926,1.356764
48.900000,0.000496,0.904370,-0.001391,0.099999,2,0.000020,1.415344,0.096791,1.348680,0.014274,0.896710,0.052662,124.131765,9.051554,21.800000,31.216765,1,stable,0.008857,0.053471,1,0.001000,0.096791,1.348680
49,-0.001558,0.926469,-0.001603,0.105037,3,0.000020,0.568625,0.102451,1.339977,0.014202,0.896543,0.085252,124.131765,-1.429125,21.800000,31.143332,1,stable,0.012740,-0.042404,1,0.001000,0.102451,1.339977
49.100000,-0.000461,0.943205,0.000425,0.085546,1,0.000020,1.490276,0.076655,1.331261,0.014190,0.899688,0.053325,124.131765,-8.467190,21.800000,31.070244,1,stable,0.008672,-0.021306,1,0.001000,0.076655,1.331261
49.200000,-0.002012,0.952136,0.000469,0.114708,2,0.000020,1.568894,0.107205,1.323343,0.014187,0.901988,0.080969,122.893648,9.216516,21.800000,30.999166,1,stable,0.006515,-0.012168,1,0.001000,0.107205,1.323343
49.300000,0.000390,0.953688,-0.002559,0.087085,2,0.000020,1.618079,0.079449,1.317340,0.014133,0.866206,0.035483,122.893756,0.786177,21.800000,30.928413,1,stable,0.005205,0.018276,1,0.001000,0.079449,1.317340
49.400000,-0.000314,0.949772,0.000152,0.122051,2,0.000020,1.630769,0.113810,1.313308,0.014181,0.868470,0.064802,122.894335,0.491851,21.800000,30.999166,1,stable,0.006423,-0.002839,1,0.001000,0.113810,1.313308
49.500000,-0.000152,0.942661,-0.002080,0.097965,4,0.000020,1.727525,0.095716,1.312002,0.014100,0.866833,0.036944,122.894960,0.126901,21.800000,31.070244,1,stable,0.005872,-0.014457,1,0.001000,0.095716,1.312002
49.600000,0.001950,0.934548,-0.002848,0.129357,4,0.000020,1.078979,0.122637,1.313422,0.014025,0.868673,0.117413,122.896518,0.967555,21.800000,31.143332,1,stable,0.004409,0.016617,1,0.017293,0.122637,1.313422
49.700000,0.000091,0.927558,-0.001188,0.068408,4,0.000020,3.217217,0.064818,1.317464,0.014038,0.833103,0.057564,121.683286,-6.485460,21.800000,31.070244,1,transitoire,0.005533,-0.010668,1,0.037621,0.064818,1.317464
49.800000,-0.000412,0.923592,0.003018,0.123888,4,0.000020,1.873179,0.116648,1.323543,0.014087,0.832556,0.085355,121.699725,21.382386,21.800000,31.143332,1,chronique,0.004393,-0.005267,1,0.058247,0.116648,1.323543
49.900000,-0.002441,0.923588,0.001585,0.106573,4,0.000020,1.552409,0.099771,1.330946,0.013974,0.808859,0.073120,121.702460,-13.440385,21.800000,31.216765,1,chronique,0.003748,-0.069373,1,0.079073,0.099771,1.330946
