t,S(t),C(t),A_spiral(t),E(t),L(t),cpu_step(t),effort(t),A_mean(t),f_mean(t),variance_d2S,entropy_S,mean_abs_error,mean_high_effort,d_effort_dt,t_retour,max_median_ratio,effort_status
0,0.011444,0.926469,0,0.156540,2,0.000039,0,0.150413,1.320000,0,0.100000,0.493788,0,0,0,1,stable
0.100000,0.436788,0.928852,0,0.131406,2,0.000044,1.802656,0.126466,1.320000,0,0.174126,0.000000,1.802656,0,0,1,stable
0.200000,0.348500,0.926365,0.000000,0.107149,2,0.000043,1.944523,0.103235,1.320000,0,0.171210,0.000000,1.944523,18.026555,0,1,stable
0.300000,0.072814,0.916137,0.000000,0.114831,1,0.000043,1.360294,0.110715,1.320000,0.000000,0.100000,0.000000,1.360294,1.418673,0,1,stable
0.400000,-0.026179,0.899078,0.000000,0.127414,1,0.000045,1.481858,0.122900,1.320000,60.770565,0.100000,0.000000,1.481858,-5.842291,0,1,stable
0.500000,0.063227,0.880554,0.000000,0.139947,2,0.000046,1.447818,0.135019,1.320000,250.566202,0.100000,0.000000,1.447818,1.215641,0,1,stable
0.600000,0.014771,0.868472,-0.000000,0.151977,2,0.000045,1.408353,0.146637,1.320000,327.802460,0.100000,0.000000,1.408353,-0.340402,0,1,stable
0.700000,-0.020682,0.869010,0.000000,0.163269,2,0.000045,1.369882,0.157528,1.320000,222.563241,0.100000,0.000000,1.369882,-0.394644,0,1,stable
0.800000,0.197579,0.882722,0.000000,0.173663,2,0.000045,1.333689,0.167536,1.320000,208.406680,0.166464,0.000000,1.333689,-0.384708,0,1,stable
0.900000,0.339567,0.904370,0.000000,0.183067,2,0.000045,1.300597,0.176575,1.320000,260.970115,0.170921,0.000000,1.300597,-0.361935,0,1,stable
1,0.197737,0.926469,0.000000,0.191451,2,0.000044,1.271036,0.184617,1.320000,205.938879,0.682293,0.000000,1.873589,-0.330918,0,6.421454,stable
1.100000,0.003527,0.943205,0.000000,0.198834,2,0.000044,1.245112,0.191682,1.320000,197.388326,0.673045,0.000000,1.743012,-0.295608,0,5.998707,stable
1.200000,-0.013827,0.952136,0.000000,0.205267,2,0.000046,1.222698,0.197822,1.320000,180.540224,0.611104,0.000000,1.743012,-0.259241,0,6.421454,stable
1.300000,-0.051422,0.953688,0.000000,0.210824,2,0.000045,1.203519,0.203111,1.320000,192.102846,0.600581,0.000000,1.743012,-0.224147,0,6.908302,stable
1.400000,-0.344013,0.949772,0.000000,0.215586,2,0.000045,1.187226,0.207632,1.320000,170.278552,0.464320,0.000000,1.743012,-0.191788,0,7.619630,stable
1.500000,-0.647063,0.942661,-0.000000,0.219639,2,0.000045,1.173443,0.211467,1.320000,161.347752,0.527764,0.000000,1.743012,-0.162929,0,6.908302,stable
1.600000,-0.466595,0.934548,-0.000000,0.223063,2,0.000045,1.161801,0.214700,1.320000,150.191733,0.622908,0.000000,1.669213,-0.137828,0,9.512816,stable
1.700000,0.144147,0.927558,-0.000000,0.225934,2,0.000045,1.151957,0.217403,1.320000,233.098207,0.575023,0.000000,1.669213,-0.116417,0,8.886555,stable
1.800000,0.410212,0.923592,-0.000000,0.228318,2,0.000045,1.143602,0.219643,1.320000,312.374283,0.629950,0.000000,1.669213,-0.098440,0,5.964791,stable
1.900000,-0.080997,0.923588,0.000000,0.230274,2,0.000044,1.136464,0.221477,1.320000,259.763256,0.643927,0.000000,1.669213,-0.083552,0,4.488906,stable
2,-0.733955,0.926469,0.000000,0.231851,2,0.000046,1.130306,0.222952,1.320000,407.405054,0.640074,0.000000,1.669213,-0.071382,0,5.747992,stable
2.100000,-0.685091,0.928852,-0.000000,0.233089,2,0.000045,1.124925,0.224109,1.320000,377.296341,0.716902,0.000000,1.617041,-0.061576,0,5.091713,stable
2.200000,-0.239096,0.926365,-0.000000,0.234019,2,0.000045,1.120141,0.224977,1.320000,459.280993,0.564889,0.000000,1.617041,-0.053817,0,4.295581,stable
2.300000,-0.147787,0.916137,-0.000000,0.234667,2,0.000045,1.115800,0.225581,1.320000,496.971713,0.599490,0.000000,1.617041,-0.047834,0,3.714749,stable
2.400000,-0.182865,0.899078,-0.000000,0.235049,2,0.000046,1.111762,0.225937,1.320000,445.846372,0.609870,0.000000,1.617041,-0.043411,0,4.250312,stable
2.500000,0.117002,0.880554,-0.000000,0.235176,2,0.000046,1.107900,0.226054,1.320000,427.530734,0.606014,0.000000,1.617041,-0.040380,0,4.013643,stable
2.600000,0.120974,0.868472,-0.000000,0.235049,2,0.000045,1.107901,0.225937,1.320000,425.848029,0.656133,0.000000,1.575848,-0.038626,0,4.439445,stable
2.700000,-0.272655,0.869010,0.000000,0.234667,2,0.000046,1.111774,0.225581,1.320000,398.978692,0.701601,0.000000,1.575848,0.000013,0,4.966315,stable
2.800000,-0.263345,0.882722,0.000000,0.234019,2,0.000045,1.115834,0.224977,1.320000,416.858197,0.679417,0.000000,1.575848,0.038730,0,4.439445,stable
2.900000,0.226011,0.904370,-0.000000,0.233089,2,0.000045,1.120211,0.224109,1.320000,402.147017,0.627634,0.000000,1.575848,0.040601,0,4.013643,stable
3,0.418092,0.926469,-0.000000,0.231851,2,0.000045,1.125049,0.222952,1.320000,448.316780,0.697964,0.000000,1.575848,0.043774,0,3.858417,stable
3.100000,0.176823,0.943205,0.000000,0.230274,2,0.000046,1.130511,0.221477,1.320000,406.160382,0.718733,0.000000,1.545055,0.048381,0,3.714749,stable
3.200000,0.097908,0.952136,0.000000,0.228318,2,0.000045,1.136782,0.219643,1.320000,427.249752,0.665945,0.000000,1.545055,0.054613,0,3.858417,stable
3.300000,0.498015,0.953688,0.000000,0.225934,2,0.000046,1.144082,0.217403,1.320000,400.146291,0.661812,0.000000,1.545055,0.062715,0,4.013643,stable
3.400000,0.800609,0.949772,0.000000,0.223063,2,0.000045,1.152666,0.214700,1.320000,431.805680,0.730124,0.000000,1.545055,0.072999,0,3.858417,stable
3.500000,0.424844,0.942661,0.000000,0.219639,2,0.000045,1.162832,0.211467,1.320000,400.855516,0.735465,0.000000,1.545055,0.085838,0,4.052100,stable
3.600000,-0.350705,0.934548,0.000000,0.215586,2,0.000045,1.174927,0.207632,1.320000,450.312665,0.657530,0.000000,1.518634,0.101663,0,4.050480,stable
3.700000,-0.675816,0.927558,0.000000,0.210824,2,0.000045,1.189343,0.203111,1.320000,471.234036,0.621867,0.000000,1.518634,0.120945,0,4.048860,stable
3.800000,-0.302467,0.923592,-0.000000,0.205267,2,0.000045,1.206517,0.197822,1.320000,457.697591,0.596656,0.000000,1.518634,0.144162,0,3.778705,stable
3.900000,0.086588,0.923588,-0.000000,0.198834,2,0.000045,1.226910,0.191682,1.320000,541.916299,0.643389,0.000000,1.518634,0.171738,0,3.542347,stable
4,-0.001612,0.926469,-0.000000,0.191451,2,0.000047,1.250982,0.184617,1.320000,506.966365,0.688579,0.000000,1.518634,0.203937,0,3.778705,stable
4.100000,-0.232035,0.928852,0.000000,0.183067,2,0.000045,1.279132,0.176575,1.320000,511.472331,0.701571,0.000000,1.494408,0.240714,0,4.048860,stable
4.200000,-0.201967,0.926365,-0.000000,0.173663,2,0.000046,1.311630,0.167536,1.320000,499.405310,0.698180,0.000000,1.494408,0.281506,0,3.778705,stable
4.300000,-0.244310,0.916137,-0.000000,0.163269,2,0.000046,1.348507,0.157528,1.320000,490.447235,0.709477,0.000000,1.495634,0.324978,0,3.964050,stable
4.400000,-0.458627,0.899078,-0.000000,0.151978,2,0.000045,1.389410,0.146638,1.320000,474.391441,0.689860,0.000000,1.499731,0.368768,0,3.741353,stable
4.500000,-0.334086,0.880554,-0.000000,0.139990,2,0.000045,1.432442,0.135061,1.320000,466.123806,0.638583,0.000000,1.505922,0.409029,0,3.542347,stable
4.600000,0.062078,0.868472,-0.000000,0.128135,2,0.000045,1.457657,0.123595,1.320000,464.442257,0.592715,0.000000,1.498574,0.430324,0,3.495759,stable
4.700000,0.109058,0.869010,-0.000000,0.120989,1,0.000045,1.330000,0.116653,1.320000,467.871595,0.641244,0.000000,1.509489,0.252148,0,3.542347,stable
4.800000,-0.155111,0.882722,0.000000,0.130409,2,0.000045,1.372673,0.125645,1.320000,455.073602,0.657024,0.000000,1.509489,-1.276569,0,3.741353,stable
4.900000,-0.213268,0.904370,0.000000,0.155202,2,0.000045,1.690302,0.149367,1.320000,459.323980,0.634528,0.000000,1.510727,0.426727,0,3.964050,stable
5,0.124944,0.926469,-0.000000,0.156540,2,0.000046,1.162999,0.150413,1.320000,445.091632,0.611823,0.000000,1.542769,3.176288,0,3.856173,stable
5.100000,0.179596,0.943205,-0.000000,0.117345,2,0.000046,2.305978,0.112505,1.320000,458.294375,0.609916,0.000000,1.527052,-5.273023,0,3.964050,transitoire
5.200000,-0.024939,0.952136,0.000000,0.075336,2,0.000046,3.070200,0.072023,1.320000,439.152075,0.633172,0.000000,1.612152,11.429784,0,4.006006,transitoire
5.300000,-0.095751,0.953688,0.000000,0.053035,2,0.000045,2.563446,0.050525,1.320000,438.428996,0.643562,0.000000,1.766472,7.642221,0,4.048860,transitoire
5.400000,-0.014013,0.949772,-0.000000,0.042674,2,0.000045,1.938122,0.040485,1.320000,426.921879,0.632334,0.000000,1.873203,-5.067533,0,4.050480,chronique
5.500000,0.084924,0.942661,-0.000000,0.035977,2,0.000045,1.736287,0.033970,1.320000,422.440213,0.632284,0.000000,1.921364,-6.253248,0,4.052100,chronique
5.600000,0.088572,0.934548,-0.000000,0.030566,2,0.000045,1.695755,0.028710,1.320000,414.396771,0.630724,0.000000,1.905941,-2.018345,0,4.208814,chronique
5.700000,0.029491,0.927558,0.000000,0.026023,2,0.000045,1.677635,0.024307,1.320000,407.172463,0.626105,0.000000,1.927883,-0.405318,0,4.378137,chronique
5.800000,-0.000116,0.923592,0.000000,0.022215,2,0.000045,1.657761,0.020629,1.320000,400.554435,0.623449,0.000000,1.947035,-0.181205,0,4.417621,chronique
5.900000,0.012781,0.923588,0.000000,0.019037,2,0.000045,1.634543,0.017572,1.320000,393.708275,0.631902,0.000000,1.963710,-0.198737,0,4.457823,chronique
6,0.016465,0.926469,0.000000,0.016392,2,0.000047,1.608553,0.015040,1.320000,387.493770,0.638446,0.000000,1.976434,-0.232182,0,4.492511,chronique
6.100000,-0.000107,0.928852,0.000000,0.014197,2,0.000045,1.580390,0.012948,1.320000,381.004221,0.634092,0.000000,1.948135,-0.259896,0,4.527743,chronique
6.200000,0.002176,0.926365,0.000000,0.012377,2,0.000045,1.550552,0.011223,1.320000,374.836827,0.634028,0.000000,1.948135,-0.281630,0,4.823910,chronique
6.300000,0.021515,0.916137,0.000000,0.010870,2,0.000045,1.519445,0.009802,1.320000,368.967219,0.633597,0.000000,1.948135,-0.298382,0,5.161534,chronique
6.400000,0.012566,0.899078,0.000000,0.009623,2,0.000045,1.487398,0.008632,1.320000,363.290876,0.631276,0.000000,1.948135,-0.311072,0,5.286337,chronique
6.500000,-0.016438,0.880554,0.000000,0.008594,2,0.000045,1.454675,0.007671,1.320000,357.622512,0.637053,0.000000,1.948135,-0.320473,0,5.417325,chronique
6.600000,-0.019762,0.868472,0.000000,0.007746,2,0.000045,1.421491,0.006882,1.320000,352.215676,0.667301,0.000000,1.921868,-0.327224,0,5.484866,chronique
6.700000,-0.004798,0.869010,-0.000000,0.007049,2,0.000045,1.388018,0.006237,1.320000,347.056632,0.667484,0.000000,1.921868,-0.331840,0,5.554111,chronique
6.800000,-0.005636,0.882722,-0.000000,0.006480,2,0.000045,1.354394,0.005712,1.320000,342.038486,0.680081,0.000000,1.921868,-0.334735,0,5.950457,chronique
6.900000,-0.017865,0.904370,-0.000000,0.006019,2,0.000045,1.320732,0.005289,1.320000,337.017368,0.682904,0.000000,1.921868,-0.336240,0,6.407716,stable
7,-0.018050,0.926469,-0.000000,0.005652,2,0.000045,1.287124,0.004953,1.320000,332.201266,0.691511,0.000000,1.921868,-0.336618,0,6.511174,stable
7.100000,-0.005604,0.943205,-0.000000,0.005367,2,0.000045,1.253645,0.004692,1.320000,327.566362,0.761805,0.000000,1.897114,-0.336080,0,6.618029,stable
7.200000,0.002522,0.952136,-0.000000,0.005154,2,0.000045,1.220355,0.004497,1.320000,323.068677,0.755226,0.000000,1.897114,-0.334794,0,6.728491,stable
7.300000,-0.000300,0.953688,-0.000000,0.005006,2,0.000045,1.187305,0.004363,1.320000,318.625915,0.756003,0.000000,1.897114,-0.332897,0,6.842704,stable
7.400000,-0.003797,0.949772,0.000000,0.004919,2,0.000045,1.154537,0.004284,1.320000,314.311676,0.771509,0.000000,1.897114,-0.330498,0,7.083164,stable
7.500000,0.001174,0.942661,0.000000,0.004891,2,0.000045,1.122083,0.004258,1.320000,310.129705,0.765847,0.000000,1.897114,-0.327687,0,7.341140,stable
7.600000,0.009068,0.934548,-0.000000,0.004919,2,0.000045,1.121991,0.004284,1.320000,306.080177,0.773420,0.000000,1.873509,-0.324536,0,7.736625,stable
7.700000,0.009976,0.927558,0.000000,0.005006,2,0.000047,1.153726,0.004363,1.320000,302.115025,0.764877,0.000000,1.873509,-0.000923,0,8.177147,stable
7.800000,0.006423,0.923592,0.000000,0.005154,2,0.000047,1.185073,0.004497,1.320000,298.232050,0.777485,0.000000,1.873509,0.317356,0,8.268227,stable
7.900000,0.009001,0.923588,0.000000,0.005367,2,0.000046,1.216012,0.004692,1.320000,294.458473,0.747952,0.000000,1.873509,0.313465,0,8.361359,stable
8,0.015533,0.926469,0.000000,0.005652,2,0.000047,1.246525,0.004953,1.320000,290.798908,0.772247,0.000000,1.873509,0.309389,0,8.687008,stable
8.100000,0.010265,0.928852,0.000000,0.006019,2,0.000045,1.276595,0.005289,1.320000,287.221690,0.766458,0.000000,1.850797,0.305135,0,9.039051,stable
8.200000,-0.004961,0.926365,0.000000,0.006480,2,0.000045,1.306201,0.005712,1.320000,283.703771,0.753777,0.000000,1.850797,0.300699,0,9.141444,stable
8.300000,-0.002697,0.916137,0.000000,0.007049,2,0.000045,1.335317,0.006237,1.320000,280.285678,0.757472,0.000000,1.850797,0.296055,0,9.246184,stable
8.400000,0.019356,0.899078,-0.000000,0.007746,2,0.000045,1.363910,0.006882,1.320000,276.997956,0.793586,0.000001,1.850797,0.291158,0,9.335878,stable
8.500000,0.025139,0.880554,-0.000000,0.008594,2,0.000045,1.391939,0.007671,1.320000,273.810985,0.791292,0.000001,1.850797,0.285937,0,9.427328,stable
8.600000,0.011154,0.868472,0.000000,0.009623,2,0.000045,1.419344,0.008632,1.320000,270.580591,0.733180,0.000001,1.830300,0.280285,0,9.650476,stable
8.700000,0.012422,0.869010,0.000000,0.010870,2,0.000045,1.446048,0.009802,1.320000,267.476900,0.797548,0.000001,1.830300,0.274053,0,9.884443,stable
8.800000,0.026105,0.882722,0.000000,0.012377,2,0.000046,1.471944,0.011223,1.320000,264.462911,0.843527,0.000002,1.830300,0.267038,0,10.410326,stable
8.900000,0.016930,0.904370,0.000000,0.014197,2,0.000046,1.496891,0.012948,1.320000,261.523806,0.784395,0.000003,1.830300,0.258964,0,10.995309,stable
9,-0.014845,0.926469,0.000001,0.016392,2,0.000045,1.520700,0.015040,1.320000,258.587588,0.783218,0.000006,1.831135,0.249471,0,11.770180,stable
9.100000,-0.032944,0.943205,0.000000,0.019037,2,0.000045,1.543123,0.017572,1.320000,255.764080,0.777791,0.000005,1.814797,0.238090,0,12.662546,stable
9.200000,-0.024909,0.952136,-0.000000,0.022215,2,0.000045,1.563842,0.020629,1.320000,252.999716,0.797160,0.000013,1.817730,0.224224,0,12.778560,stable
9.300000,-0.021046,0.953688,-0.000001,0.026025,2,0.000045,1.582557,0.024308,1.320000,250.369617,0.768326,0.000007,1.821253,0.207194,0,12.896719,stable
9.400000,-0.039988,0.949772,-0.000002,0.030585,2,0.000045,1.600037,0.028728,1.320000,247.676018,0.785923,0.000029,1.824575,0.187148,0,14.107641,stable
9.500000,-0.048284,0.942661,-0.000002,0.036161,2,0.000045,1.625576,0.034143,1.320000,245.065730,0.799554,0.000028,1.828751,0.174803,0,15.569524,chronique
9.600000,-0.020817,0.934548,-0.000004,0.043827,2,0.000045,1.703911,0.041579,1.320000,242.523510,0.710093,0.000054,1.818592,0.255387,0,16.059464,chronique
9.700000,-0.022068,0.927558,-0.000005,0.057305,2,0.000045,1.919786,0.054593,1.320000,240.155939,0.765461,0.000105,1.826631,0.783351,0,16.581242,chronique
9.800000,-0.149434,0.923592,-0.000003,0.083378,2,0.000046,2.203707,0.079712,1.319999,237.624407,0.781148,0.000137,1.845093,2.158752,0,18.139568,transitoire
9.900000,-0.294761,0.923588,-0.000006,0.122616,2,0.000046,2.248034,0.117559,1.319996,236.045785,0.782596,0.000301,1.877086,2.839207,0,16.581242,transitoire
10,0.009431,0.926469,-0.000039,0.156540,2,0.000045,1.891711,0.150413,1.319988,233.542940,0.829227,0.000508,1.910469,0.443273,0,16.059464,chronique
10.100000,0.539966,0.928852,-0.000091,0.162844,1,0.000047,1.246716,0.156722,1.320001,241.848721,0.803030,0.000914,1.909575,-3.563230,0,16.581242,chronique
10.200000,0.476653,0.926365,0.000005,0.146991,2,0.000045,1.493908,0.141621,1.320037,243.543347,0.884048,0.000546,1.909575,-6.449957,0,16.059464,chronique
10.300000,0.083474,0.916137,0.000276,0.133162,2,0.000045,1.481729,0.128390,1.320039,249.189478,0.840945,0.001467,1.909575,2.471927,0,15.569524,chronique
10.400000,-0.027186,0.899078,0.000317,0.132595,2,0.000045,1.119399,0.127897,1.320014,254.408426,0.811459,0.001508,1.909575,-0.121790,0,14.107641,chronique
10.500000,0.063340,0.880554,0.000095,0.140960,1,0.000045,1.312964,0.135997,1.320002,248.533849,0.810145,0.001410,1.909575,-3.623302,0,15.569524,chronique
10.600000,0.015680,0.868472,-0.000012,0.152119,2,0.000045,1.360891,0.146774,1.320016,248.988730,0.808560,0.002321,1.894612,1.935646,0,14.107641,chronique
10.700000,-0.019402,0.869010,0.000082,0.163284,2,0.000045,1.334516,0.157542,1.320018,244.998193,0.815582,0.003164,1.894612,0.479267,0,15.569524,chronique
10.800000,0.201751,0.882722,0.000065,0.173664,2,0.000045,1.292206,0.167537,1.320024,242.411127,0.811828,0.005094,1.894612,-0.263743,0,16.059464,chronique
10.900000,0.341554,0.904370,0.000073,0.183067,2,0.000046,1.248317,0.176575,1.320109,243.545162,0.842702,0.007059,1.894612,-0.423104,0,15.569524,stable
11,0.202201,0.926469,0.000606,0.191451,2,0.000046,1.204903,0.184617,1.320189,239.495546,0.802830,0.006071,1.894612,-0.438891,0,14.107641,stable
11.100000,0.005827,0.943205,0.001138,0.198834,2,0.000045,1.161353,0.191682,1.320131,241.074724,0.768500,0.013492,1.880231,-0.434139,0,12.896719,stable
11.200000,-0.012047,0.952136,0.000816,0.205267,2,0.000046,1.117781,0.197822,1.320013,238.545734,0.768473,0.015330,1.880231,-0.435498,0,14.107641,stable
11.300000,-0.048586,0.953688,0.000107,0.210824,2,0.000045,1.071868,0.203111,1.320002,237.209408,0.766739,0.023244,1.880231,-0.435716,0,15.569524,stable
11.400000,-0.337750,0.949772,0.000026,0.215586,2,0.000045,1.024049,0.207632,1.319882,234.430520,0.768143,0.014375,1.880231,-0.459129,0,16.010907,stable
11.500000,-0.625625,0.942661,-0.000508,0.219639,2,0.000045,0.973186,0.211467,1.319160,234.872004,0.793645,0.029716,1.880231,-0.478192,0,15.569524,stable
11.600000,-0.527207,0.934548,-0.003957,0.223063,2,0.000045,0.917508,0.214700,1.318195,231.890885,0.777147,0.029940,1.866494,-0.508629,0,14.107641,stable
11.700000,0.075706,0.927558,-0.008451,0.225934,2,0.000045,0.856064,0.217403,1.318188,236.489210,0.738859,0.050421,1.866494,-0.556788,0,12.896719,stable
11.800000,0.456327,0.923592,-0.008252,0.228318,2,0.000045,0.793001,0.219643,1.320217,252.582319,0.751301,0.043512,1.866494,-0.614439,0,12.778560,stable
11.900000,-0.102195,0.923588,0.001491,0.230274,2,0.000046,0.722985,0.221477,1.322178,243.156279,0.748344,0.095451,1.866494,-0.630624,0,12.662546,stable
12,-0.673110,0.926469,0.010435,0.231851,2,0.000047,0.651426,0.222952,1.319608,284.240836,0.763977,0.065691,1.866494,-0.700166,0,12.651217,stable
12.100000,-0.712422,0.928852,-0.001939,0.233089,2,0.000046,0.579676,0.224109,1.315892,269.122087,0.779751,0.065266,1.853560,-0.715592,0,12.639907,stable
12.200000,-0.450959,0.926365,-0.018734,0.234019,2,0.000045,0.501675,0.224977,1.314571,275.277589,0.724797,0.096593,1.853560,-0.717500,0,11.760391,stable
12.300000,-0.199231,0.916137,-0.023543,0.234667,2,0.000045,0.431293,0.225581,1.315538,279.440618,0.700733,0.124594,1.853560,-0.780003,0,10.995309,stable
12.400000,-0.263948,0.899078,-0.017747,0.235049,2,0.000045,0.365187,0.225937,1.317382,275.623780,0.694045,0.156800,1.853560,-0.703824,0,10.781214,stable
12.500000,0.235959,0.880554,-0.009321,0.235176,2,0.000045,0.305731,0.226054,1.317374,276.843357,0.699119,0.134976,1.853560,-0.661060,0,10.575297,stable
12.600000,0.332761,0.868472,-0.009943,0.235049,2,0.000045,0.257802,0.225937,1.321983,280.547683,0.721636,0.154729,1.840757,-0.594560,0,10.218206,stable
12.700000,-0.089248,0.869010,0.009244,0.234667,2,0.000045,0.216298,0.225581,1.322962,272.935685,0.714123,0.170516,1.840757,-0.479286,0,9.884443,stable
12.800000,-0.359257,0.882722,0.013407,0.234019,2,0.000045,0.181820,0.224977,1.319034,285.005805,0.720391,0.110882,1.840757,-0.415040,0,9.735561,stable
12.900000,0.083797,0.904370,-0.004308,0.233089,2,0.000046,0.152980,0.224109,1.316416,276.610389,0.705279,0.118447,1.840757,-0.344782,0,9.591096,stable
13,0.454646,0.926469,-0.016483,0.231851,2,0.000046,0.135589,0.222952,1.321741,297.126943,0.713678,0.138568,1.840757,-0.288398,0,9.572596,stable
13.100000,0.308400,0.943205,0.006319,0.230274,2,0.000046,0.118242,0.221477,1.326468,285.714423,0.709486,0.239267,1.828857,-0.173919,0,9.554168,stable
13.200000,0.284859,0.952136,0.026860,0.228318,2,0.000045,0.101002,0.219643,1.324661,292.421447,0.693321,0.116984,1.828857,-0.173462,0,9.490324,stable
13.300000,0.620194,0.953688,0.019428,0.225934,2,0.000045,0.094505,0.217403,1.324503,284.844231,0.702909,0.233214,1.828857,-0.172405,0,9.427328,stable
13.400000,0.413146,0.949772,0.018306,0.223063,2,0.000045,0.096509,0.214700,1.328627,287.984712,0.718044,0.207938,1.828857,-0.064971,0,9.335878,stable
13.500000,-0.040141,0.942661,0.037328,0.219639,2,0.000045,0.094895,0.211467,1.325912,288.063030,0.674449,0.140490,1.828857,0.020041,0,9.246184,stable
13.600000,-0.323171,0.934548,0.025663,0.215586,2,0.000045,0.106513,0.207632,1.320066,288.315112,0.680936,0.114106,1.817001,-0.016139,0,9.335878,stable
13.700000,-0.443280,0.927558,-0.000971,0.210824,2,0.000045,0.109890,0.203111,1.316875,284.475139,0.683623,0.077225,1.817001,0.116183,0,9.246184,stable
13.800000,-0.204501,0.923592,-0.016503,0.205267,2,0.000045,0.119596,0.197822,1.315188,283.866584,0.688492,0.150359,1.817001,0.033771,0,9.141444,stable
13.900000,0.159166,0.923588,-0.024683,0.198834,2,0.000045,0.138552,0.191682,1.317350,289.514030,0.686433,0.184558,1.817001,0.097060,0,9.039051,stable
14,0.044880,0.926469,-0.013149,0.191451,2,0.000047,0.163311,0.184617,1.320894,288.143361,0.691120,0.133678,1.817001,0.189558,0,9.004682,stable
14.100000,-0.132144,0.928852,0.007076,0.183067,2,0.000046,0.188095,0.176575,1.319759,291.069104,0.690621,0.130246,1.805860,0.247592,0,9.039051,stable
14.200000,0.032880,0.926365,0.001549,0.173664,2,0.000045,0.215082,0.167537,1.318268,287.179190,0.689163,0.193555,1.805860,0.247840,0,9.004682,stable
14.300000,-0.177763,0.916137,-0.007698,0.163284,2,0.000045,0.251881,0.157542,1.319793,287.771551,0.692257,0.151585,1.805860,0.269871,0,9.039051,stable
14.400000,-0.389186,0.899078,0.000720,0.152119,2,0.000045,0.289111,0.146774,1.318068,285.194732,0.690039,0.102948,1.805860,0.367987,0,9.004682,stable
14.500000,-0.388896,0.880554,-0.011198,0.140960,2,0.000046,0.307311,0.135997,1.316749,281.485016,0.665673,0.120417,1.805860,0.372303,0,8.970573,stable
14.600000,0.008556,0.868472,-0.021843,0.132595,1,0.000046,0.244602,0.127897,1.317225,280.756500,0.639912,0.145966,1.795244,0.181991,0,8.655259,stable
14.700000,0.119550,0.869010,-0.020395,0.133162,2,0.000045,0.036347,0.128390,1.320154,287.283379,0.641019,0.087336,1.795244,-0.627082,0,8.970573,stable
14.800000,-0.174946,0.882722,0.001152,0.146991,2,0.000045,0.351230,0.141621,1.320875,281.987566,0.638343,0.137319,1.795244,-2.082557,0,8.655259,stable
14.900000,-0.221700,0.904370,0.006499,0.162844,2,0.000045,0.361132,0.156722,1.318175,287.530221,0.637646,0.042095,1.795244,3.148836,0,8.361359,stable
15,0.129050,0.926469,-0.010678,0.156540,1,0.000045,0.153591,0.150413,1.317777,282.194286,0.641101,0.170083,1.795244,0.099016,0,8.268227,stable
15.100000,0.214146,0.943205,-0.014154,0.122616,2,0.000045,1.002104,0.117559,1.320754,287.499350,0.641203,0.114005,1.785135,-2.075413,0,8.177147,stable
15.200000,-0.037948,0.952136,0.007016,0.083378,2,0.000046,1.661493,0.079712,1.320964,282.136310,0.651271,0.083720,1.785135,8.485130,0,8.001976,transitoire
15.300000,-0.103067,0.953688,0.013221,0.057305,2,0.000045,1.578589,0.054593,1.319918,285.224338,0.656113,0.048402,1.790930,6.593893,0,8.177147,transitoire
15.400000,-0.015670,0.949772,-0.001885,0.043827,2,0.000046,1.050778,0.041579,1.319781,281.013019,0.652973,0.045675,1.793871,-0.829043,0,8.001976,stable
15.500000,0.085855,0.942661,-0.006005,0.036161,2,0.000046,0.716268,0.034143,1.319953,280.187268,0.652347,0.038934,1.793871,-5.278104,0,8.177147,stable
15.600000,0.089501,0.934548,-0.001158,0.030585,2,0.000046,0.607391,0.028728,1.320119,278.202144,0.650748,0.028318,1.784294,-3.345098,0,8.268227,stable
15.700000,0.029096,0.927558,0.004748,0.026025,2,0.000046,0.574021,0.024308,1.320119,276.556391,0.648822,0.029044,1.784294,-1.088772,0,8.361359,stable
15.800000,0.000051,0.923592,0.005211,0.022215,2,0.000046,0.552209,0.020629,1.320042,275.003642,0.648902,0.019678,1.784294,-0.333698,0,8.643466,stable
15.900000,0.012903,0.923588,0.001992,0.019037,2,0.000045,0.528718,0.017572,1.320005,273.200492,0.651940,0.017796,1.784294,-0.218126,0,8.945273,stable
16,0.016643,0.926469,0.000264,0.016392,2,0.000047,0.502663,0.015040,1.320008,271.583305,0.666613,0.006432,1.784294,-0.234910,0,8.957905,stable
16.100000,-0.000030,0.928852,0.000810,0.014197,2,0.000045,0.474458,0.012948,1.320008,269.856384,0.672846,0.015481,1.775129,-0.260551,0,8.970573,stable
16.200000,0.002223,0.926365,0.000958,0.012377,2,0.000045,0.444628,0.011223,1.320001,268.193989,0.672922,0.005851,1.775129,-0.282045,0,9.004682,stable
16.300000,0.021519,0.916137,0.000099,0.010870,2,0.000045,0.413495,0.009802,1.320004,266.555940,0.672889,0.008427,1.775129,-0.298303,0,9.039051,stable
16.400000,0.012532,0.899078,0.000257,0.009623,2,0.000045,0.381444,0.008632,1.320011,264.950965,0.673647,0.004465,1.775129,-0.311333,0,9.141444,stable
16.500000,-0.016468,0.880554,0.001214,0.008594,2,0.000045,0.348711,0.007671,1.320005,263.335133,0.685942,0.007343,1.775129,-0.320509,0,9.246184,stable
16.600000,-0.019746,0.868472,0.000634,0.007746,2,0.000045,0.315534,0.006882,1.319994,261.760971,0.709629,0.002674,1.766500,-0.327324,0,9.285469,stable
16.700000,-0.004797,0.869010,-0.000946,0.007049,2,0.000045,0.282036,0.006237,1.319993,260.206383,0.681238,0.005471,1.766500,-0.331771,0,9.325089,stable
16.800000,-0.005614,0.882722,-0.001161,0.006480,2,0.000047,0.248419,0.005712,1.319998,258.679441,0.690177,0.003187,1.766500,-0.334981,0,9.375930,stable
16.900000,-0.017853,0.904370,-0.000358,0.006019,2,0.000046,0.214748,0.005289,1.319999,257.133191,0.681494,0.005541,1.766500,-0.336169,0,9.427328,stable
17,-0.018035,0.926469,-0.000385,0.005652,2,0.000046,0.181142,0.004953,1.319996,255.622591,0.692038,0.003898,1.766500,-0.336708,0,9.490324,stable
17.100000,-0.005601,0.943205,-0.001094,0.005367,2,0.000045,0.147659,0.004692,1.319996,254.133173,0.763181,0.004718,1.758084,-0.336059,0,9.554168,stable
17.200000,0.002535,0.952136,-0.001144,0.005154,2,0.000045,0.114374,0.004497,1.319998,252.667946,0.785653,0.002922,1.758084,-0.334838,0,9.572596,stable
17.300000,-0.000294,0.953688,-0.000426,0.005006,2,0.000046,0.081323,0.004363,1.320001,251.201843,0.757214,0.004541,1.758084,-0.332851,0,9.591096,stable
17.400000,-0.003793,0.949772,0.000099,0.004919,2,0.000045,0.048555,0.004284,1.320000,249.758159,0.772707,0.002673,1.758084,-0.330505,0,9.735561,stable
17.500000,0.001177,0.942661,0.000006,0.004891,2,0.000047,0.016102,0.004258,1.320000,248.331207,0.753305,0.003303,1.758084,-0.327686,0,9.884443,stable
17.600000,0.009071,0.934548,-0.000161,0.004919,2,0.000046,0.016013,0.004284,1.320000,246.926107,0.778006,0.002412,1.749739,-0.324525,0,10.218206,stable
17.700000,0.009986,0.927558,0.000108,0.005006,2,0.000045,0.047753,0.004363,1.320002,245.532320,0.772792,0.002956,1.749739,-0.000890,0,10.575297,stable
17.800000,0.006429,0.923592,0.000536,0.005154,2,0.000045,0.079102,0.004497,1.320002,244.150634,0.784529,0.003961,1.749739,0.317397,0,10.781214,stable
17.900000,0.009019,0.923588,0.000608,0.005367,2,0.000045,0.110049,0.004692,1.320002,242.786766,0.777732,0.002633,1.749739,0.313496,0,10.995309,stable
18,0.015546,0.926469,0.000449,0.005652,2,0.000047,0.140570,0.004953,1.320003,241.441410,0.785472,0.004639,1.749739,0.309471,0,11.760391,stable
18.100000,0.010279,0.928852,0.000601,0.006019,2,0.000045,0.170654,0.005289,1.320004,240.109761,0.784729,0.002976,1.741764,0.305210,0,12.639907,stable
18.200000,-0.004947,0.926365,0.000926,0.006480,2,0.000045,0.200273,0.005712,1.320002,238.788078,0.772152,0.004888,1.741764,0.300833,0,12.651217,stable
18.300000,-0.002669,0.916137,0.000581,0.007049,2,0.000045,0.229413,0.006237,1.319998,237.485093,0.798223,0.003366,1.741764,0.296195,0,12.662546,stable
18.400000,0.019373,0.899078,-0.000267,0.007746,2,0.000045,0.258022,0.006882,1.319998,236.205208,0.794508,0.007195,1.741764,0.291397,0,12.778560,stable
18.500000,0.025168,0.880554,-0.000127,0.008594,2,0.000046,0.286097,0.007671,1.320007,234.952069,0.770740,0.004865,1.741764,0.286091,0,12.896719,stable
18.600000,0.011155,0.868472,0.001076,0.009623,2,0.000046,0.313533,0.008632,1.320012,233.674948,0.771071,0.006898,1.734029,0.280751,0,14.107641,stable
18.700000,0.012474,0.869010,0.001456,0.010870,2,0.000046,0.340288,0.009802,1.320007,232.434303,0.819011,0.006804,1.734029,0.274361,0,15.569524,stable
18.800000,0.026121,0.882722,0.000764,0.012377,2,0.000045,0.366247,0.011223,1.320007,231.199485,0.863914,0.007854,1.734029,0.267547,0,16.010907,stable
18.900000,0.016912,0.904370,0.000779,0.014197,2,0.000045,0.391286,0.012948,1.320016,229.985751,0.796070,0.010388,1.734029,0.259588,0,16.478046,stable
19,-0.014932,0.926469,0.001509,0.016392,2,0.000045,0.415199,0.015040,1.320014,228.770273,0.795229,0.011091,1.734029,0.250389,0,16.529483,stable
19.100000,-0.032698,0.943205,0.001093,0.019037,2,0.000045,0.437790,0.017572,1.319994,227.587487,0.769933,0.007855,1.726645,0.239136,0,16.581242,stable
19.200000,-0.024725,0.952136,-0.000647,0.022215,2,0.000045,0.458671,0.020629,1.319971,226.400356,0.767669,0.015666,1.726645,0.225905,0,17.187005,stable
19.300000,-0.020721,0.953688,-0.001826,0.026023,2,0.000045,0.477505,0.024307,1.319964,225.259264,0.767618,0.008213,1.726645,0.208810,0,17.838707,stable
19.400000,-0.039474,0.949772,-0.001675,0.030566,2,0.000045,0.493847,0.028710,1.319956,224.086293,0.764853,0.024822,1.726645,0.188340,0,18.833158,stable
19.500000,-0.047301,0.942661,-0.001627,0.035977,2,0.000045,0.508960,0.033970,1.319927,222.942741,0.811330,0.017990,1.726645,0.163424,0,19.945029,stable
19.600000,-0.017238,0.934548,-0.002548,0.042674,2,0.000046,0.540141,0.040485,1.319910,221.803303,0.742053,0.029243,1.719290,0.151131,0,18.833158,stable
19.700000,-0.017098,0.927558,-0.002769,0.053035,2,0.000046,0.680772,0.050525,1.319947,220.735043,0.761486,0.036142,1.719290,0.311812,0,19.945029,stable
19.800000,-0.131435,0.923592,-0.001175,0.075336,2,0.000046,1.043507,0.072023,1.319881,219.588851,0.774036,0.035601,1.719290,1.406302,0,19.983033,stable
19.900000,-0.303953,0.923588,-0.001563,0.117345,2,0.000045,1.282933,0.112505,1.319170,218.863525,0.784610,0.052699,1.719290,3.627351,0,19.945029,transitoire
20,-0.192787,0.926469,-0.008492,0.156540,2,0.000045,0.916164,0.150413,1.317760,217.903705,0.825514,0.060284,1.719290,2.394266,0,18.833158,stable
20.100000,0.423726,0.928852,-0.018260,0.155202,2,0.000047,0.059910,0.149367,1.318540,218.529965,0.867067,0.149000,1.712026,-3.667696,0,17.838707,stable
20.200000,0.380411,0.926365,-0.011527,0.130409,2,0.000045,0.712573,0.125645,1.322886,227.204251,0.909043,0.087320,1.712026,-8.562541,0,17.370285,stable
20.300000,0.008720,0.916137,0.025171,0.120989,2,0.000045,0.292171,0.116653,1.322512,226.292508,0.847014,0.120907,1.712026,6.526634,0,16.925834,stable
20.400000,-0.034716,0.899078,0.023397,0.128135,1,0.000045,0.217216,0.123595,1.320464,228.344982,0.842877,0.095832,1.712026,-4.204021,0,17.370285,stable
20.500000,0.032195,0.880554,0.002410,0.139990,2,0.000045,0.325020,0.135061,1.320007,225.431303,0.838498,0.061879,1.712026,-0.749551,0,17.838707,stable
20.600000,0.080609,0.868472,-0.001269,0.151978,2,0.000045,0.303360,0.146638,1.320361,224.361155,0.836139,0.123529,1.705058,1.078045,0,18.833158,stable
20.700000,0.056433,0.869010,0.001561,0.163269,2,0.000046,0.266121,0.157528,1.320970,223.079085,0.836568,0.100778,1.705058,-0.216608,0,17.838707,stable
20.800000,0.384386,0.882722,0.005374,0.173663,2,0.000046,0.230244,0.167536,1.321118,222.108417,0.835802,0.151123,1.705058,-0.372389,0,17.370285,stable
20.900000,0.344284,0.904370,0.005774,0.183067,2,0.000046,0.200261,0.176575,1.323596,223.762530,0.860182,0.111807,1.705058,-0.358765,0,16.925834,stable
21,0.333561,0.926469,0.022872,0.191451,2,0.000045,0.170033,0.184617,1.322619,222.189313,0.797360,0.153384,1.705058,-0.299831,0,16.751766,stable
21.100000,-0.049670,0.943205,0.017930,0.198834,2,0.000045,0.142017,0.191682,1.322733,219.797022,0.799369,0.205579,1.698158,-0.302279,0,16.581242,stable
21.200000,0.045979,0.952136,0.017991,0.205267,2,0.000045,0.124652,0.197822,1.319620,222.817972,0.801702,0.113304,1.698158,-0.280166,0,16.529483,stable
21.300000,-0.016043,0.953688,-0.001946,0.210824,2,0.000045,0.099390,0.203111,1.320231,222.711363,0.807270,0.172046,1.698158,-0.173642,0,16.581242,stable
21.400000,-0.314830,0.949772,0.002380,0.215586,2,0.000045,0.084065,0.207632,1.319415,218.825125,0.809016,0.124764,1.698158,-0.252624,0,16.751766,stable
21.500000,-0.399054,0.942661,-0.001921,0.219639,2,0.000045,0.074574,0.211467,1.316005,219.179598,0.839332,0.134008,1.698158,-0.153248,0,16.581242,stable
21.600000,-0.410082,0.934548,-0.021054,0.223063,2,0.000045,0.058383,0.214700,1.315130,217.611237,0.813902,0.191773,1.691198,-0.094908,0,16.529483,stable
21.700000,-0.197819,0.927558,-0.025991,0.225934,2,0.000046,0.051202,0.217403,1.315466,216.620979,0.794431,0.128878,1.691198,-0.161913,0,16.478046,stable
21.800000,0.467989,0.923592,-0.024267,0.228318,2,0.000046,0.043561,0.219643,1.317588,217.563243,0.785900,0.158800,1.691198,-0.071810,0,16.296287,stable
21.900000,-0.064236,0.923588,-0.011818,0.230274,2,0.000046,0.045605,0.221477,1.324874,223.934535,0.839724,0.366377,1.691198,-0.076407,0,16.118494,stable
22,-0.677459,0.926469,0.027653,0.231851,2,0.000047,0.035949,0.222952,1.320207,243.605928,0.845196,0.150953,1.691198,0.020432,0,15.839253,stable
22.100000,-0.518376,0.928852,-0.000524,0.233089,2,0.000045,0.033532,0.224109,1.313206,232.587311,0.834839,0.130632,1.684492,-0.096550,0,15.569524,stable
22.200000,-0.461878,0.926365,-0.037377,0.234019,2,0.000046,0.016712,0.224977,1.314437,240.257537,0.776512,0.199501,1.684492,-0.024170,0,14.846117,stable
22.300000,-0.275536,0.916137,-0.029843,0.234667,2,0.000046,0.017557,0.225581,1.314216,232.653967,0.768364,0.188662,1.684492,-0.168200,0,14.186948,stable
22.400000,-0.384483,0.899078,-0.028681,0.235049,2,0.000046,0.010361,0.225937,1.315874,232.245257,0.763030,0.250228,1.684492,0.008446,0,13.511101,stable
22.500000,-0.015296,0.880554,-0.018941,0.235176,2,0.000045,0.008943,0.226054,1.315639,232.483801,0.764081,0.156573,1.684492,-0.071962,0,12.896719,stable
22.600000,0.407438,0.868472,-0.021178,0.235049,2,0.000045,0.009843,0.225937,1.319451,233.747324,0.762998,0.243046,1.678047,-0.014180,0,13.511101,stable
22.700000,0.071281,0.869010,-0.001680,0.234667,2,0.000045,0.015830,0.225581,1.323688,231.375337,0.772022,0.244746,1.678047,0.009006,0,12.896719,stable
22.800000,-0.388834,0.882722,0.021017,0.234019,2,0.000045,0.019786,0.224977,1.321444,241.443344,0.768869,0.161388,1.678047,0.059869,0,12.778560,stable
22.900000,-0.068987,0.904370,0.006152,0.233089,2,0.000045,0.024206,0.224109,1.316649,238.083777,0.766866,0.127283,1.678047,0.039552,0,12.662546,stable
23,0.406286,0.926469,-0.020272,0.231851,2,0.000045,0.024961,0.222952,1.319485,246.689542,0.761697,0.162983,1.678047,0.044209,0,12.651217,stable
23.100000,0.306817,0.943205,-0.003511,0.230274,2,0.000045,0.035663,0.221477,1.324845,243.791771,0.768196,0.306541,1.671549,0.007543,0,12.639907,stable
23.200000,0.309591,0.952136,0.026424,0.228318,2,0.000045,0.033745,0.219643,1.323786,246.096553,0.756070,0.130388,1.671549,0.107022,0,12.551068,stable
23.300000,0.615179,0.953688,0.021161,0.225934,2,0.000046,0.040804,0.217403,1.323743,241.525345,0.757378,0.263848,1.671549,-0.019183,0,12.463470,stable
23.400000,0.244502,0.949772,0.020553,0.223063,2,0.000046,0.052592,0.214700,1.326595,242.390707,0.754910,0.179239,1.671549,0.070594,0,12.018994,stable
23.500000,0.044453,0.942661,0.038595,0.219639,2,0.000045,0.064646,0.211467,1.322840,246.638499,0.725952,0.131436,1.671549,0.117883,0,11.605130,stable
23.600000,-0.376883,0.934548,0.016335,0.215586,2,0.000045,0.072925,0.207632,1.320921,240.607636,0.724586,0.125787,1.665265,0.120533,0,12.018994,stable
23.700000,-0.363498,0.927558,0.004140,0.210824,2,0.000045,0.091082,0.203111,1.317210,240.418390,0.737151,0.083217,1.665265,0.082793,0,11.605130,stable
23.800000,-0.073674,0.923592,-0.019889,0.205267,2,0.000046,0.102125,0.197822,1.317361,242.012872,0.739791,0.182507,1.665265,0.181572,0,11.415346,stable
23.900000,0.197402,0.923588,-0.019777,0.198834,2,0.000045,0.126114,0.191682,1.319216,243.536514,0.740949,0.191623,1.665265,0.110433,0,11.231670,stable
24,0.034106,0.926469,-0.005435,0.191451,2,0.000047,0.151016,0.184617,1.320933,241.774850,0.742063,0.140179,1.665265,0.239880,0,11.112233,stable
24.100000,-0.116590,0.928852,0.009455,0.183067,2,0.000045,0.178264,0.176575,1.319756,244.615769,0.742297,0.127189,1.659114,0.249030,0,11.231670,stable
24.200000,0.077613,0.926365,0.000961,0.173663,2,0.000045,0.207888,0.167536,1.318877,242.065379,0.738301,0.190885,1.659114,0.272471,0,11.112233,stable
24.300000,-0.167408,0.916137,-0.006871,0.163269,2,0.000046,0.246170,0.157528,1.320140,243.211342,0.745728,0.157811,1.659114,0.296248,0,10.995309,stable
24.400000,-0.379824,0.899078,0.003249,0.151977,2,0.000046,0.287619,0.146637,1.318716,242.489188,0.745585,0.104958,1.659114,0.382816,0,10.930724,stable
24.500000,-0.390532,0.880554,-0.010621,0.139947,2,0.000046,0.329581,0.135019,1.317799,239.854915,0.726280,0.122427,1.659114,0.414487,0,10.866892,stable
24.600000,0.001665,0.868472,-0.021418,0.127414,2,0.000045,0.375454,0.122900,1.318150,239.537280,0.692726,0.145567,1.653150,0.419626,0,10.719112,stable
24.700000,0.104023,0.869010,-0.020527,0.114831,1,0.000045,0.418203,0.110715,1.320059,243.709976,0.694227,0.089540,1.653150,0.458729,0,10.866892,stable
24.800000,-0.126701,0.882722,0.000742,0.107149,1,0.000045,0.270827,0.103235,1.320365,240.712281,0.694433,0.111929,1.653150,0.427488,0,10.719112,stable
24.900000,-0.175223,0.904370,0.005643,0.131406,2,0.000045,0.678142,0.126466,1.319255,242.807085,0.694539,0.024774,1.653150,-1.473761,0,10.575297,transitoire
25,0.131486,0.926469,-0.007835,0.156540,2,0.000046,0.577753,0.150413,1.318845,240.344289,0.703149,0.133124,1.653150,4.073145,0,10.443713,transitoire
25.100000,0.167918,0.943205,-0.011161,0.097799,2,0.000045,2.154821,0.093765,1.320403,242.712183,0.699975,0.094328,1.647408,-1.003882,0.100000,10.315363,transitoire
25.200000,-0.023844,0.952136,0.007233,0.060230,2,0.000045,2.196785,0.057582,1.320331,240.241547,0.706940,0.065071,1.662987,15.770680,0.200000,10.120084,transitoire
25.300000,-0.089255,0.953688,0.010331,0.049667,2,0.000046,0.743913,0.047316,1.319973,240.679748,0.702502,0.033937,1.679377,0.419637,0.300000,10.315363,stable
25.400000,-0.015179,0.949772,-0.001156,0.042277,2,0.000046,0.603167,0.040108,1.319869,239.012433,0.702265,0.037344,1.679377,-14.528722,0.400000,10.120084,stable
25.500000,0.085335,0.942661,-0.005184,0.035948,2,0.000046,0.597221,0.033942,1.319969,238.599360,0.701234,0.037452,1.679377,-1.407460,0.500000,10.315363,stable
25.600000,0.089461,0.934548,-0.001115,0.030565,2,0.000045,0.587093,0.028709,1.320078,237.628389,0.696788,0.028069,1.673252,-0.059459,0.600000,10.120084,stable
25.700000,0.029048,0.927558,0.004721,0.026023,2,0.000046,0.571559,0.024307,1.320078,236.767526,0.696415,0.029036,1.673252,-0.101277,0.700000,9.932061,stable
25.800000,0.000050,0.923592,0.005210,0.022215,2,0.000045,0.551864,0.020629,1.320027,235.975363,0.696459,0.019673,1.673252,-0.155345,0.800000,10.120084,stable
25.900000,0.012908,0.923588,0.001990,0.019037,2,0.000045,0.528597,0.017572,1.320003,235.011971,0.680592,0.017790,1.673252,-0.196947,0.900000,10.315363,stable
26,0.016647,0.926469,0.000263,0.016392,2,0.000047,0.502583,0.015040,1.320005,234.158625,0.707551,0.006435,1.673252,-0.232668,1,10.443713,stable
26.100000,-0.000027,0.928852,0.000811,0.014197,2,0.000046,0.474403,0.012948,1.320005,233.238670,0.722543,0.015483,1.667347,-0.260137,1.100000,10.575297,stable
26.200000,0.002224,0.926365,0.000959,0.012377,2,0.000045,0.444577,0.011223,1.320001,232.352626,0.720336,0.005851,1.667347,-0.281802,1.200000,10.719112,stable
26.300000,0.021519,0.916137,0.000100,0.010870,2,0.000045,0.413459,0.009802,1.320002,231.470530,0.719903,0.008428,1.667347,-0.298261,1.300000,10.866892,stable
26.400000,0.012531,0.899078,0.000257,0.009623,2,0.000046,0.381414,0.008632,1.320007,230.604579,0.720965,0.004465,1.667347,-0.311184,1.400000,10.930724,stable
26.500000,-0.016468,0.880554,0.001214,0.008594,2,0.000046,0.348688,0.007671,1.320003,229.731624,0.717469,0.007343,1.667347,-0.320453,1.500000,10.995309,stable
26.600000,-0.019746,0.868472,0.000634,0.007746,2,0.000047,0.315511,0.006882,1.319996,228.877074,0.723815,0.002674,1.661552,-0.327253,1.600000,11.112233,stable
26.700000,-0.004797,0.869010,-0.000946,0.007049,2,0.000046,0.282024,0.006237,1.319996,228.024053,0.728302,0.005471,1.661552,-0.331771,1.700000,11.231670,stable
26.800000,-0.005614,0.882722,-0.001161,0.006480,2,0.000047,0.248406,0.005712,1.319999,227.185234,0.706806,0.003187,1.661552,-0.334869,1.800000,11.415346,stable
26.900000,-0.017853,0.904370,-0.000358,0.006019,2,0.000047,0.214740,0.005289,1.319999,226.332819,0.696937,0.005541,1.661552,-0.336178,1.900000,11.605130,stable
27,-0.018035,0.926469,-0.000385,0.005652,2,0.000046,0.181135,0.004953,1.319997,225.496473,0.702117,0.003898,1.661552,-0.336660,2,12.018994,stable
27.100000,-0.005601,0.943205,-0.001094,0.005367,2,0.000046,0.147654,0.004692,1.319997,224.665976,0.748960,0.004718,1.655860,-0.336055,2.100000,12.463470,stable
27.200000,0.002535,0.952136,-0.001144,0.005154,2,0.000046,0.114368,0.004497,1.319999,223.846451,0.781302,0.002922,1.655860,-0.334810,2.200000,12.551068,stable
27.300000,-0.000295,0.953688,-0.000426,0.005006,2,0.000046,0.081319,0.004363,1.320000,223.023459,0.770366,0.004541,1.655860,-0.332858,2.300000,12.639907,stable
27.400000,-0.003793,0.949772,0.000099,0.004919,2,0.000045,0.048551,0.004284,1.320000,222.210361,0.783411,0.002673,1.655860,-0.330492,2.400000,12.651217,stable
27.500000,0.001177,0.942661,0.000006,0.004891,2,0.000045,0.016100,0.004258,1.320000,221.402091,0.767363,0.003303,1.655860,-0.327675,2.500000,12.662546,stable
27.600000,0.009071,0.934548,-0.000161,0.004919,2,0.000045,0.016011,0.004284,1.320000,220.602552,0.765107,0.002412,1.650136,-0.324517,2.600000,12.778560,stable
27.700000,0.009986,0.927558,0.000108,0.005006,2,0.000045,0.047751,0.004363,1.320001,219.806639,0.780890,0.002956,1.650136,-0.000888,2.700000,12.896719,stable
27.800000,0.006429,0.923592,0.000536,0.005154,2,0.000046,0.079101,0.004497,1.320001,219.015056,0.772667,0.003961,1.650136,0.317399,2.800000,13.511101,stable
27.900000,0.009019,0.923588,0.000608,0.005367,2,0.000046,0.110048,0.004692,1.320001,218.230225,0.786073,0.002633,1.650136,0.313506,2.900000,14.186948,stable
28,0.015545,0.926469,0.000449,0.005652,2,0.000048,0.140569,0.004953,1.320002,217.452160,0.778830,0.004639,1.650136,0.309466,3,14.846117,stable
28.100000,0.010279,0.928852,0.000601,0.006019,2,0.000045,0.170652,0.005289,1.320002,216.679326,0.780296,0.002976,1.644599,0.305216,3.100000,15.569524,stable
28.200000,-0.004947,0.926365,0.000926,0.006480,2,0.000045,0.200271,0.005712,1.320001,215.910428,0.785006,0.004888,1.644599,0.300824,3.200000,15.839253,stable
28.300000,-0.002669,0.916137,0.000581,0.007049,2,0.000045,0.229409,0.006237,1.319999,215.149242,0.810197,0.003366,1.644599,0.296197,3.300000,16.118494,stable
28.400000,0.019372,0.899078,-0.000267,0.007746,2,0.000045,0.258021,0.006882,1.319999,214.396632,0.756889,0.007195,1.644599,0.291374,3.400000,16.296287,stable
28.500000,0.025168,0.880554,-0.000127,0.008594,2,0.000045,0.286089,0.007671,1.320004,213.658081,0.774602,0.004864,1.644599,0.286125,3.500000,16.478046,stable
28.600000,0.011158,0.868472,0.001076,0.009623,2,0.000045,0.313529,0.008632,1.320007,212.903587,0.772051,0.006898,1.639238,0.280681,3.600000,16.529483,stable
28.700000,0.012472,0.869010,0.001456,0.010870,2,0.000045,0.340283,0.009802,1.320004,212.168931,0.835917,0.006803,1.639238,0.274395,3.700000,16.581242,stable
28.800000,0.026121,0.882722,0.000764,0.012377,2,0.000045,0.366243,0.011223,1.320004,211.431313,0.847444,0.007855,1.639238,0.267542,3.800000,16.751766,stable
28.900000,0.016917,0.904370,0.000779,0.014197,2,0.000046,0.391277,0.012948,1.320009,210.705000,0.809973,0.010386,1.639238,0.259594,3.900000,16.925834,stable
29,-0.014921,0.926469,0.001509,0.016392,2,0.000046,0.415191,0.015040,1.320008,209.977166,0.808352,0.011092,1.639238,0.250347,4,17.165709,stable
29.100000,-0.032719,0.943205,0.001093,0.019037,2,0.000045,0.437767,0.017572,1.319997,209.266859,0.788608,0.007856,1.633997,0.239139,4.100000,17.412481,stable
29.200000,-0.024741,0.952136,-0.000646,0.022215,2,0.000046,0.458650,0.020629,1.319984,208.547181,0.783150,0.015670,1.633997,0.225759,4.200000,17.623017,stable
29.300000,-0.020725,0.953688,-0.001827,0.026023,2,0.000045,0.477471,0.024307,1.319980,207.854427,0.777080,0.008222,1.633997,0.208827,4.300000,17.838707,stable
29.400000,-0.039513,0.949772,-0.001676,0.030565,2,0.000045,0.493700,0.028709,1.319976,207.140207,0.783441,0.024827,1.633997,0.188210,4.400000,17.924089,stable
29.500000,-0.047305,0.942661,-0.001627,0.035948,2,0.000045,0.506785,0.033942,1.319960,206.443443,0.835751,0.017982,1.633997,0.162290,4.500000,18.010292,stable
29.600000,-0.017526,0.934548,-0.002550,0.042277,2,0.000045,0.515934,0.040108,1.319950,205.743235,0.745765,0.029333,1.628776,0.130855,4.600000,17.924089,stable
29.700000,-0.016624,0.927558,-0.002769,0.049641,2,0.000045,0.520346,0.047292,1.319972,205.085317,0.761353,0.035373,1.628776,0.091486,4.700000,18.010292,stable
29.800000,-0.102069,0.923592,-0.001191,0.058099,2,0.000045,0.519422,0.055545,1.319951,204.379030,0.770032,0.032337,1.628776,0.044120,4.800000,18.928350,stable
29.900000,-0.169114,0.923588,-0.001503,0.068476,2,0.000046,0.548616,0.065652,1.319784,203.845022,0.779849,0.041716,1.628776,-0.009235,4.900000,18.010292,stable
30,-0.089143,0.926469,-0.006590,0.156540,2,0.000046,2.042983,0.150413,1.319277,203.103082,0.776248,0.036775,1.628776,0.291941,5,17.924089,transitoire
30.100000,0.291560,0.928852,-0.010132,0.090477,2,0.000048,2.677232,0.087075,1.319812,202.843305,0.810346,0.087702,1.635566,14.943665,5.100000,17.838707,transitoire
30.200000,0.325501,0.926365,-0.005211,0.102016,1,0.000045,0.426929,0.098290,1.320671,204.496822,0.867380,0.039652,1.657804,6.342487,5.200000,17.623017,stable
30.300000,0.036413,0.916137,0.017297,0.114662,1,0.000046,0.418356,0.110553,1.321090,203.524352,0.852784,0.097422,1.657804,-22.503023,5.300000,17.412481,stable
30.400000,-0.024821,0.899078,0.019639,0.127412,1,0.000045,0.382436,0.122899,1.320321,205.434517,0.824429,0.096927,1.657804,-0.085728,5.400000,17.623017,stable
30.500000,0.040140,0.880554,0.003872,0.139947,2,0.000045,0.342919,0.135019,1.320041,203.605075,0.822881,0.063674,1.657804,-0.359200,5.500000,17.838707,stable
30.600000,0.069289,0.868472,-0.000699,0.151977,2,0.000046,0.303508,0.146637,1.320228,203.228669,0.820539,0.122955,1.652367,-0.395170,5.600000,17.924089,stable
30.700000,0.041310,0.869010,0.002014,0.163269,2,0.000045,0.265069,0.157528,1.320479,202.378143,0.822795,0.102012,1.652367,-0.394109,5.700000,17.838707,stable
30.800000,0.348282,0.882722,0.004777,0.173663,2,0.000046,0.229090,0.167536,1.320535,201.769481,0.821946,0.149812,1.652367,-0.384398,5.800000,17.924089,stable
30.900000,0.359802,0.904370,0.004924,0.183067,2,0.000046,0.197433,0.176575,1.321752,202.815429,0.863782,0.118378,1.652367,-0.359791,5.900000,17.838707,stable
31,0.302195,0.926469,0.020809,0.191451,2,0.000046,0.167562,0.184617,1.321492,201.501705,0.780791,0.150101,1.652367,-0.316562,6,17.623017,stable
31.100000,-0.015019,0.943205,0.019028,0.198834,2,0.000046,0.140711,0.191682,1.321274,200.647746,0.761522,0.196100,1.646980,-0.298714,6.100000,17.412481,stable
31.200000,0.024297,0.952136,0.015990,0.205267,2,0.000045,0.120404,0.197822,1.319964,201.736633,0.763349,0.123899,1.646980,-0.268507,6.200000,17.623017,stable
31.300000,-0.022787,0.953688,-0.000078,0.210824,2,0.000045,0.098066,0.203111,1.320057,201.467011,0.766051,0.171217,1.646980,-0.203073,6.300000,17.838707,stable
31.400000,-0.317132,0.949772,0.001372,0.215586,2,0.000045,0.082866,0.207632,1.319691,199.777977,0.767667,0.111674,1.646980,-0.223379,6.400000,17.924089,stable
31.500000,-0.449653,0.942661,-0.002195,0.219639,2,0.000045,0.071176,0.211467,1.317904,200.136081,0.814825,0.139150,1.646980,-0.152001,6.500000,17.838707,stable
31.600000,-0.517970,0.934548,-0.021170,0.223063,2,0.000045,0.057330,0.214700,1.317173,198.959109,0.786480,0.174054,1.641740,-0.116903,6.600000,17.623017,stable
31.700000,-0.203620,0.927558,-0.028833,0.225934,2,0.000045,0.048899,0.217403,1.317006,198.356094,0.761912,0.129502,1.641740,-0.138454,6.700000,17.412481,stable
31.800000,0.483722,0.923592,-0.030566,0.228318,2,0.000045,0.041082,0.219643,1.318675,200.962355,0.732549,0.164815,1.641740,-0.084315,6.800000,17.165709,stable
31.900000,-0.076589,0.923588,-0.012456,0.230274,2,0.000046,0.038696,0.221477,1.322630,204.252869,0.823802,0.346945,1.641740,-0.078166,6.900000,16.925834,stable
32,-0.658410,0.926469,0.028657,0.231851,2,0.000048,0.030240,0.222952,1.319949,220.832375,0.833243,0.109335,1.641740,-0.023862,7,16.925088,stable
32.100000,-0.612858,0.928852,-0.001843,0.233089,2,0.000046,0.025985,0.224109,1.316564,211.518380,0.843679,0.132882,1.636578,-0.084563,7.100000,16.924341,stable
32.200000,-0.503539,0.926365,-0.036455,0.234019,2,0.000046,0.015466,0.224977,1.316503,214.600415,0.783893,0.179108,1.636578,-0.042552,7.200000,16.751035,stable
32.300000,-0.258762,0.916137,-0.035895,0.234667,2,0.000045,0.012909,0.225581,1.316716,212.330259,0.756765,0.188353,1.636578,-0.105185,7.300000,16.581242,stable
32.400000,-0.343869,0.899078,-0.031507,0.235049,2,0.000045,0.008543,0.225937,1.317965,212.441441,0.746217,0.264836,1.636578,-0.025568,7.400000,16.529483,stable
32.500000,0.143142,0.880554,-0.017936,0.235176,2,0.000046,0.005754,0.226054,1.318033,212.754949,0.745636,0.181359,1.636578,-0.043660,7.500000,16.478046,stable
32.600000,0.379206,0.868472,-0.018418,0.235049,2,0.000045,0.007154,0.225937,1.320554,214.575225,0.759033,0.197177,1.631487,-0.027889,7.600000,16.296287,stable
32.700000,-0.046985,0.869010,0.006877,0.234667,2,0.000045,0.010561,0.225581,1.321746,211.233664,0.758790,0.226216,1.631487,0.013999,7.700000,16.118494,stable
32.800000,-0.400736,0.882722,0.019275,0.234019,2,0.000045,0.013978,0.224977,1.319907,218.732077,0.761984,0.135031,1.631487,0.034066,7.800000,16.296287,stable
32.900000,0.027924,0.904370,-0.001842,0.233089,2,0.000046,0.017825,0.224109,1.318174,214.907801,0.756958,0.137863,1.631487,0.034169,7.900000,16.118494,stable
33,0.440300,0.926469,-0.021165,0.231851,2,0.000046,0.023646,0.222952,1.320380,223.629863,0.758646,0.157383,1.631487,0.038471,8,16.296287,stable
33.100000,0.309999,0.943205,0.003134,0.230274,2,0.000045,0.029247,0.221477,1.322653,219.292644,0.761029,0.273967,1.626423,0.058208,8.100000,16.118494,stable
33.200000,0.288761,0.952136,0.028320,0.228318,2,0.000045,0.032413,0.219643,1.321922,222.095665,0.742633,0.127216,1.626423,0.056016,8.200000,15.839253,stable
33.300000,0.621093,0.953688,0.020864,0.225934,2,0.000046,0.039688,0.217403,1.321814,219.109803,0.743296,0.245359,1.626423,0.031660,8.300000,15.569524,stable
33.400000,0.422844,0.949772,0.019320,0.223063,2,0.000045,0.049970,0.214700,1.323401,220.376939,0.745837,0.213035,1.626423,0.072744,8.400000,14.846117,stable
33.500000,-0.032809,0.942661,0.038781,0.219639,2,0.000045,0.059035,0.211467,1.322344,220.662323,0.701723,0.146262,1.626423,0.102820,8.500000,14.186948,stable
33.600000,-0.330070,0.934548,0.026990,0.215586,2,0.000046,0.073691,0.207632,1.320058,221.204992,0.706990,0.116979,1.621434,0.090655,8.600000,14.846117,stable
33.700000,-0.459020,0.927558,-0.000585,0.210824,2,0.000046,0.086026,0.203111,1.318772,219.725938,0.714314,0.078224,1.621434,0.146553,8.700000,14.186948,stable
33.800000,-0.222471,0.923592,-0.017262,0.205267,2,0.000046,0.101911,0.197822,1.318105,219.664157,0.728488,0.153125,1.621434,0.123358,8.800000,13.511101,stable
33.900000,0.145944,0.923588,-0.026041,0.198834,2,0.000046,0.122984,0.191682,1.318919,222.228331,0.727799,0.182288,1.621434,0.158851,8.900000,12.896719,stable
34,0.043944,0.926469,-0.014438,0.191451,2,0.000047,0.148256,0.184617,1.320270,221.918475,0.732718,0.130899,1.621434,0.210729,9,12.778560,stable
34.100000,-0.140433,0.928852,0.006302,0.183067,2,0.000046,0.175881,0.176575,1.319904,223.233146,0.733254,0.131346,1.616528,0.252720,9.100000,12.896719,stable
34.200000,0.006702,0.926365,0.001462,0.173663,2,0.000045,0.207030,0.167536,1.319334,222.007715,0.731387,0.196835,1.616528,0.276245,9.200000,12.778560,stable
34.300000,-0.184809,0.916137,-0.008225,0.163269,2,0.000046,0.244447,0.157528,1.319839,222.199419,0.732920,0.148457,1.616528,0.311487,9.300000,12.896719,stable
34.400000,-0.395989,0.899078,-0.000750,0.151977,2,0.000045,0.285433,0.146637,1.319277,221.249986,0.728442,0.103063,1.616528,0.374176,9.400000,12.778560,stable
34.500000,-0.380777,0.880554,-0.011638,0.139947,2,0.000046,0.328687,0.135019,1.318815,220.072879,0.701624,0.119663,1.616528,0.409862,9.500000,12.662546,stable
34.600000,0.019793,0.868472,-0.022242,0.127412,2,0.000045,0.374748,0.122899,1.319061,219.956895,0.669351,0.147242,1.611708,0.432540,9.600000,12.651217,stable
34.700000,0.104774,0.869010,-0.020003,0.114662,1,0.000046,0.422420,0.110553,1.320070,222.702183,0.672027,0.090339,1.611708,0.460603,9.700000,12.662546,stable
34.800000,-0.120120,0.882722,0.001737,0.102016,1,0.000046,0.465281,0.098290,1.320180,220.843507,0.670864,0.108340,1.611708,0.476723,9.800000,12.651217,stable
34.900000,-0.117079,0.904370,0.005634,0.089793,1,0.000046,0.506355,0.086417,1.319750,222.161153,0.670398,0.052491,1.611708,0.428606,9.900000,12.639907,stable
35,0.131315,0.926469,-0.007467,0.156540,2,0.000045,1.542034,0.150413,1.319584,220.621160,0.674240,0.091659,1.611708,0.410746,10,12.551068,transitoire
35.100000,0.109941,0.943205,-0.007531,0.067661,2,0.000045,4.697391,0.064870,1.320138,221.220683,0.675427,0.073203,1.610727,10.356791,10.100000,12.463470,transitoire
35.200000,-0.020370,0.952136,0.007363,0.058099,2,0.000045,0.586978,0.055545,1.320090,220.247473,0.682871,0.045382,1.658871,31.553571,10.200000,12.018994,stable
35.300000,-0.089162,0.953688,0.006710,0.049641,2,0.000045,0.597971,0.047292,1.319987,219.740328,0.684845,0.032480,1.658871,-41.104131,10.300000,12.463470,stable
35.400000,-0.014635,0.949772,-0.000948,0.042277,2,0.000045,0.601060,0.040108,1.319930,218.974686,0.685375,0.037444,1.658871,0.109926,10.400000,12.018994,stable
35.500000,0.085347,0.942661,-0.005174,0.035948,2,0.000045,0.597121,0.033942,1.319984,218.746274,0.684900,0.037428,1.658871,0.030895,10.500000,12.463470,stable
35.600000,0.089385,0.934548,-0.001083,0.030565,2,0.000045,0.586986,0.028709,1.320042,218.090369,0.681127,0.028068,1.653597,-0.039394,10.600000,12.018994,stable
35.700000,0.029220,0.927558,0.004720,0.026023,2,0.000046,0.571520,0.024307,1.320042,217.528683,0.680480,0.028990,1.653597,-0.101349,10.700000,11.605130,stable
35.800000,0.000057,0.923592,0.005204,0.022215,2,0.000046,0.551815,0.020629,1.320015,217.012730,0.680682,0.019693,1.653597,-0.154665,10.800000,12.018994,stable
35.900000,0.012881,0.923588,0.001999,0.019037,2,0.000046,0.528574,0.017572,1.320002,216.368900,0.675173,0.017820,1.653597,-0.197048,10.900000,12.463470,stable
36,0.016624,0.926469,0.000264,0.016392,2,0.000047,0.502572,0.015040,1.320003,215.803019,0.688626,0.006427,1.653597,-0.232407,11,12.551068,stable
36.100000,-0.000047,0.928852,0.000809,0.014197,2,0.000045,0.474399,0.012948,1.320003,215.189346,0.697643,0.015480,1.648433,-0.260025,11.100000,12.639907,stable
36.200000,0.002218,0.926365,0.000957,0.012377,2,0.000045,0.444568,0.011223,1.320000,214.598613,0.696958,0.005853,1.648433,-0.281723,11.200000,12.651217,stable
36.300000,0.021517,0.916137,0.000098,0.010870,2,0.000048,0.413455,0.009802,1.320001,214.007439,0.696949,0.008425,1.648433,-0.298315,11.300000,12.662546,stable
36.400000,0.012543,0.899078,0.000257,0.009623,2,0.000046,0.381409,0.008632,1.320004,213.426789,0.698081,0.004462,1.648433,-0.311132,11.400000,12.778560,stable
36.500000,-0.016464,0.880554,0.001214,0.008594,2,0.000045,0.348685,0.007671,1.320002,212.841243,0.700757,0.007346,1.648433,-0.320461,11.500000,12.896719,stable
36.600000,-0.019746,0.868472,0.000634,0.007746,2,0.000045,0.315505,0.006882,1.319998,212.266869,0.715838,0.002676,1.643333,-0.327239,11.600000,13.511101,stable
36.700000,-0.004797,0.869010,-0.000945,0.007049,2,0.000046,0.282024,0.006237,1.319998,211.690290,0.714170,0.005471,1.643333,-0.331800,11.700000,14.186948,stable
36.800000,-0.005615,0.882722,-0.001161,0.006480,2,0.000046,0.248404,0.005712,1.319999,211.123256,0.685844,0.003188,1.643333,-0.334808,11.800000,14.846117,stable
36.900000,-0.017854,0.904370,-0.000358,0.006019,2,0.000046,0.214740,0.005289,1.319999,210.546048,0.672765,0.005541,1.643333,-0.336204,11.900000,15.569524,stable
37,-0.018034,0.926469,-0.000385,0.005652,2,0.000045,0.181133,0.004953,1.319999,209.978668,0.679615,0.003898,1.643333,-0.336639,12,15.839253,stable
37.100000,-0.005599,0.943205,-0.001094,0.005367,2,0.000045,0.147653,0.004692,1.319998,209.413258,0.733637,0.004718,1.638137,-0.336062,12.100000,16.118494,stable
37.200000,0.002535,0.952136,-0.001144,0.005154,2,0.000045,0.114367,0.004497,1.319999,208.854617,0.770916,0.002922,1.638137,-0.334799,12.200000,16.296287,stable
37.300000,-0.000295,0.953688,-0.000426,0.005006,2,0.000045,0.081318,0.004363,1.320000,208.292654,0.753320,0.004541,1.638137,-0.332870,12.300000,16.478046,stable
37.400000,-0.003793,0.949772,0.000099,0.004919,2,0.000045,0.048551,0.004284,1.320000,207.736663,0.771252,0.002673,1.638137,-0.330488,12.400000,16.529483,stable
37.500000,0.001176,0.942661,0.000006,0.004891,2,0.000047,0.016099,0.004258,1.320000,207.182423,0.750032,0.003303,1.638137,-0.327672,12.500000,16.581242,stable
37.600000,0.009071,0.934548,-0.000161,0.004919,2,0.000046,0.016010,0.004284,1.320000,206.632990,0.767430,0.002412,1.633043,-0.324515,12.600000,16.751035,stable
37.700000,0.009986,0.927558,0.000108,0.005006,2,0.000046,0.047750,0.004363,1.320001,206.085159,0.763979,0.002956,1.633043,-0.000889,12.700000,16.924341,stable
37.800000,0.006429,0.923592,0.000536,0.005154,2,0.000046,0.079101,0.004497,1.320001,205.539505,0.771286,0.003962,1.633043,0.317398,12.800000,16.925088,stable
37.900000,0.009018,0.923588,0.000608,0.005367,2,0.000046,0.110047,0.004692,1.320001,204.997368,0.769303,0.002633,1.633043,0.313510,12.900000,16.925834,stable
38,0.015545,0.926469,0.000449,0.005652,2,0.000047,0.140569,0.004953,1.320001,204.458591,0.771070,0.004639,1.633043,0.309462,13,16.982630,stable
38.100000,0.010280,0.928852,0.000601,0.006019,2,0.000046,0.170651,0.005289,1.320001,203.922567,0.768050,0.002976,1.628046,0.305218,13.100000,17.039807,stable
38.200000,-0.004947,0.926365,0.000926,0.006480,2,0.000046,0.200271,0.005712,1.320001,203.388725,0.760546,0.004888,1.628046,0.300819,13.200000,17.224129,stable
38.300000,-0.002669,0.916137,0.000581,0.007049,2,0.000045,0.229407,0.006237,1.319999,202.859188,0.795714,0.003366,1.628046,0.296197,13.300000,17.412481,stable
38.400000,0.019372,0.899078,-0.000267,0.007746,2,0.000045,0.258021,0.006882,1.319999,202.333877,0.799043,0.007195,1.628046,0.291362,13.400000,17.623017,stable
38.500000,0.025168,0.880554,-0.000127,0.008594,2,0.000046,0.286086,0.007671,1.320003,201.817928,0.761754,0.004864,1.628046,0.286143,13.500000,17.838707,stable
38.600000,0.011160,0.868472,0.001076,0.009623,2,0.000046,0.313527,0.008632,1.320004,201.290173,0.764531,0.006898,1.623157,0.280648,13.600000,17.924089,stable
38.700000,0.012470,0.869010,0.001456,0.010870,2,0.000046,0.340281,0.009802,1.320003,200.775856,0.822763,0.006802,1.623157,0.274412,13.700000,18.010292,stable
38.800000,0.026121,0.882722,0.000764,0.012377,2,0.000046,0.366241,0.011223,1.320003,200.257039,0.891247,0.007856,1.623157,0.267539,13.800000,18.114015,stable
38.900000,0.016921,0.904370,0.000779,0.014197,2,0.000045,0.391274,0.012948,1.320006,199.745839,0.810958,0.010385,1.623157,0.259598,13.900000,18.218939,stable
39,-0.014914,0.926469,0.001509,0.016392,2,0.000045,0.415188,0.015040,1.320005,199.233480,0.819037,0.011093,1.623157,0.250329,14,18.781801,stable
39.100000,-0.032730,0.943205,0.001093,0.019037,2,0.000045,0.437758,0.017572,1.319998,198.732860,0.794305,0.007857,1.618390,0.239140,14.100000,19.380550,stable
39.200000,-0.024749,0.952136,-0.000646,0.022215,2,0.000045,0.458641,0.020629,1.319989,198.222996,0.791164,0.015672,1.618390,0.225700,14.200000,19.658738,stable
39.300000,-0.020727,0.953688,-0.001828,0.026023,2,0.000045,0.477459,0.024307,1.319986,197.732057,0.789601,0.008226,1.618390,0.208838,14.300000,19.945029,stable
39.400000,-0.039527,0.949772,-0.001677,0.030565,2,0.000046,0.493689,0.028709,1.319983,197.225031,0.806695,0.024828,1.618390,0.188178,14.400000,19.945149,stable
39.500000,-0.047318,0.942661,-0.001627,0.035948,2,0.000046,0.506762,0.033942,1.319972,196.730408,0.860659,0.017979,1.618390,0.162303,14.500000,19.945269,stable
39.600000,-0.017630,0.934548,-0.002551,0.042277,2,0.000046,0.515908,0.040108,1.319965,196.231025,0.758877,0.029339,1.613724,0.130725,14.600000,19.945149,stable
39.700000,-0.016710,0.927558,-0.002770,0.049641,2,0.000046,0.520327,0.047292,1.319980,195.761627,0.790731,0.035366,1.613724,0.091460,14.700000,19.945269,stable
39.800000,-0.102106,0.923592,-0.001197,0.058099,2,0.000046,0.519369,0.055545,1.319964,195.257269,0.752250,0.032345,1.613724,0.044195,14.800000,19.983154,stable
39.900000,-0.166925,0.923588,-0.001509,0.067661,2,0.000046,0.512221,0.064870,1.319843,194.882358,0.758749,0.041820,1.613724,-0.009586,14.900000,19.945269,stable
40,-0.087245,0.926469,-0.006592,0.156540,2,0.000046,2.061535,0.150413,1.319468,194.345966,0.790532,0.036455,1.613724,-0.071475,15,19.945149,transitoire
40.100000,0.289673,0.928852,-0.010001,0.089793,2,0.000046,2.725361,0.086417,1.319863,194.161952,0.764799,0.086694,1.619252,15.493134,15.100000,19.945029,transitoire
40.200000,0.325466,0.926365,-0.005095,0.102016,1,0.000046,0.451436,0.098290,1.320505,195.382301,0.865502,0.039468,1.637527,6.638264,15.200000,19.658738,stable
40.300000,0.035744,0.916137,0.017184,0.114662,1,0.000046,0.418173,0.110553,1.320835,194.677980,0.853586,0.097547,1.637527,-22.739248,15.300000,19.380550,stable
40.400000,-0.025047,0.899078,0.019639,0.127412,1,0.000046,0.382057,0.122899,1.320248,196.176200,0.824441,0.097080,1.637527,-0.332637,15.400000,19.658738,stable
40.500000,0.039006,0.880554,0.003837,0.139947,2,0.000045,0.342695,0.135019,1.320032,194.801469,0.822774,0.063429,1.637527,-0.361152,15.500000,19.945029,stable
40.600000,0.071867,0.868472,-0.000712,0.151977,2,0.000046,0.303272,0.146637,1.320178,194.528565,0.820403,0.123273,1.632742,-0.393625,15.600000,19.945149,stable
40.700000,0.045137,0.869010,0.001950,0.163269,2,0.000045,0.264836,0.157528,1.320393,193.918327,0.822289,0.101835,1.632742,-0.394232,15.700000,19.945029,stable
40.800000,0.358883,0.882722,0.004914,0.173663,2,0.000046,0.228814,0.167536,1.320447,193.483048,0.821050,0.150264,1.632742,-0.384354,15.800000,19.658738,stable
40.900000,0.356023,0.904370,0.005138,0.183067,2,0.000045,0.196974,0.176575,1.321480,194.327332,0.863085,0.116862,1.632742,-0.360222,15.900000,19.380550,stable
41,0.312947,0.926469,0.021418,0.191451,2,0.000046,0.167166,0.184617,1.321220,193.418767,0.780220,0.152216,1.632742,-0.318400,16,18.781801,stable
41.100000,-0.026621,0.943205,0.018749,0.198834,2,0.000046,0.140426,0.191682,1.321123,192.628438,0.764014,0.199021,1.627852,-0.298086,16.100000,18.218939,stable
41.200000,0.032287,0.952136,0.016680,0.205267,2,0.000045,0.119974,0.197822,1.319923,193.749855,0.767610,0.120835,1.627852,-0.267391,16.200000,18.781801,stable
41.300000,-0.019212,0.953688,-0.000697,0.210824,2,0.000046,0.098139,0.203111,1.320069,193.611256,0.771423,0.170799,1.627852,-0.204522,16.300000,19.380550,stable
41.400000,-0.316821,0.949772,0.001735,0.215586,2,0.000045,0.082601,0.207632,1.319734,192.143354,0.772827,0.117905,1.627852,-0.218348,16.400000,19.658738,stable
41.500000,-0.418648,0.942661,-0.002041,0.219639,2,0.000046,0.070761,0.211467,1.318145,192.453173,0.819519,0.136123,1.627852,-0.155386,16.500000,19.380550,stable
41.600000,-0.460827,0.934548,-0.021158,0.223063,2,0.000045,0.056937,0.214700,1.317623,191.618759,0.788873,0.183663,1.623029,-0.118394,16.600000,18.781801,stable
41.700000,-0.215664,0.927558,-0.027095,0.225934,2,0.000046,0.048529,0.217403,1.317590,191.132703,0.763139,0.126228,1.623029,-0.138244,16.700000,18.218939,stable
41.800000,0.467030,0.923592,-0.027224,0.228318,2,0.000046,0.040304,0.219643,1.318739,192.159979,0.739052,0.165071,1.623029,-0.084079,16.800000,18.114015,stable
41.900000,-0.057849,0.923588,-0.013027,0.230274,2,0.000046,0.037976,0.221477,1.322348,195.479917,0.830075,0.360438,1.623029,-0.082254,16.900000,18.010292,stable
42,-0.668944,0.926469,0.027627,0.231851,2,0.000047,0.029837,0.222952,1.320108,206.262385,0.836040,0.138049,1.623029,-0.023275,17,17.924089,stable
42.100000,-0.548693,0.928852,-0.000342,0.233089,2,0.000045,0.026057,0.224109,1.316688,200.530106,0.848601,0.127452,1.618291,-0.081396,17.100000,17.838707,stable
42.200000,-0.477871,0.926365,-0.036931,0.234019,2,0.000045,0.015190,0.224977,1.317039,203.863965,0.789062,0.193713,1.618291,-0.037795,17.200000,17.787895,stable
42.300000,-0.279054,0.916137,-0.031742,0.234667,2,0.000046,0.013404,0.225581,1.316983,200.618763,0.765914,0.185848,1.618291,-0.108670,17.300000,17.737372,stable
42.400000,-0.380892,0.899078,-0.029700,0.235049,2,0.000046,0.008118,0.225937,1.317875,200.561376,0.753901,0.253535,1.618291,-0.017856,17.400000,17.573425,stable
42.500000,0.002922,0.880554,-0.019141,0.235176,2,0.000046,0.005619,0.226054,1.317773,200.780772,0.752810,0.159495,1.618291,-0.052863,17.500000,17.412481,stable
42.600000,0.406725,0.868472,-0.020938,0.235049,2,0.000045,0.006156,0.225937,1.319814,201.523911,0.752966,0.239042,1.613614,-0.024996,17.600000,17.573425,stable
42.700000,0.063191,0.869010,-0.000685,0.234667,2,0.000045,0.010940,0.225581,1.321947,200.116596,0.764444,0.242861,1.613614,0.005377,17.700000,17.412481,stable
42.800000,-0.396400,0.882722,0.020978,0.234019,2,0.000046,0.015056,0.224977,1.320719,205.690004,0.761404,0.159098,1.613614,0.047836,17.800000,17.224129,stable
42.900000,-0.078155,0.904370,0.005644,0.233089,2,0.000046,0.019588,0.224109,1.318141,203.955209,0.764961,0.127716,1.613614,0.041163,17.900000,17.039807,stable
43,0.403056,0.926469,-0.020744,0.231851,2,0.000045,0.022210,0.222952,1.319656,208.656068,0.758303,0.162442,1.613614,0.045313,18,16.982630,stable
43.100000,0.303637,0.943205,-0.004117,0.230274,2,0.000045,0.030785,0.221477,1.322668,207.302179,0.770649,0.310040,1.608934,0.026227,18.100000,16.925834,stable
43.200000,0.311370,0.952136,0.026273,0.228318,2,0.000045,0.032382,0.219643,1.322110,208.660683,0.755805,0.129790,1.608934,0.085744,18.200000,16.925088,stable
43.300000,0.610944,0.953688,0.021029,0.225934,2,0.000045,0.039561,0.217403,1.322134,206.219767,0.756477,0.267605,1.608934,0.015975,18.300000,16.924341,stable
43.400000,0.206971,0.949772,0.020666,0.223063,2,0.000045,0.050070,0.214700,1.323769,206.683721,0.754363,0.172055,1.608934,0.071786,18.400000,16.922073,stable
43.500000,0.070430,0.942661,0.038399,0.219639,2,0.000045,0.061687,0.211467,1.321439,209.599204,0.729364,0.134038,1.608934,0.105090,18.500000,16.919806,stable
43.600000,-0.390540,0.934548,0.014078,0.215586,2,0.000045,0.070463,0.207632,1.320703,206.025913,0.726526,0.139455,1.604343,0.116174,18.600000,16.748813,stable
43.700000,-0.333907,0.927558,0.005749,0.210824,2,0.000045,0.088442,0.203111,1.318258,206.220106,0.742395,0.081088,1.604343,0.087756,18.700000,16.581242,stable
43.800000,-0.004541,0.923592,-0.020701,0.205267,2,0.000046,0.101658,0.197822,1.318610,207.273144,0.741867,0.196329,1.604343,0.179790,18.800000,16.529483,stable
43.900000,0.219350,0.923588,-0.017776,0.198834,2,0.000046,0.124362,0.191682,1.319890,207.971478,0.742251,0.196382,1.604343,0.132159,18.900000,16.581242,stable
44,0.027097,0.926469,-0.001263,0.191451,2,0.000047,0.148657,0.184617,1.320680,206.836779,0.743036,0.142224,1.604343,0.227042,19,16.529483,stable
44.100000,-0.107353,0.928852,0.010806,0.183067,2,0.000045,0.176189,0.176575,1.319827,208.674664,0.743195,0.121430,1.599840,0.242954,19.100000,16.581242,stable
44.200000,0.114507,0.926365,0.000624,0.173663,2,0.000045,0.206917,0.167536,1.319329,207.234936,0.740084,0.185965,1.599840,0.275318,19.200000,16.529483,stable
44.300000,-0.155427,0.916137,-0.006348,0.163269,2,0.000045,0.244775,0.157528,1.320245,208.199285,0.749265,0.161967,1.599840,0.307279,19.300000,16.478046,stable
44.400000,-0.370128,0.899078,0.005356,0.151977,2,0.000045,0.286244,0.146637,1.319218,208.162534,0.749251,0.104965,1.599840,0.378579,19.300000,16.296287,stable
44.500000,-0.394793,0.880554,-0.009897,0.139947,2,0.000046,0.329001,0.135019,1.318579,206.480909,0.727250,0.123951,1.599840,0.414689,19.300000,16.118494,stable
44.600000,-0.012095,0.868472,-0.020914,0.127412,2,0.000045,0.374936,0.122899,1.318750,206.330848,0.694790,0.143405,1.595278,0.427567,19.300000,15.839253,stable
44.700000,0.103380,0.869010,-0.020759,0.114662,1,0.000045,0.422925,0.110553,1.320001,208.748757,0.695212,0.087764,1.595278,0.459355,19.300000,16.118494,stable
44.800000,-0.120589,0.882722,-0.000018,0.102016,1,0.000046,0.465455,0.098290,1.320240,207.115776,0.695363,0.112622,1.595278,0.479885,19.300000,15.839253,stable
44.900000,-0.118992,0.904370,0.005650,0.090477,1,0.000047,0.475012,0.087075,1.319667,208.400710,0.695146,0.048972,1.595278,0.425302,19.300000,15.569524,stable
45,0.131762,0.926469,-0.007445,0.156540,2,0.000046,1.526321,0.150413,1.319430,207.100010,0.698382,0.085600,1.595278,0.095568,19.300000,14.846117,transitoire
45.100000,0.115737,0.943205,-0.007645,0.068476,2,0.000046,4.599518,0.065652,1.320188,207.601471,0.700619,0.082085,1.594521,10.513094,19.300000,14.186948,transitoire
45.200000,-0.021872,0.952136,0.007313,0.058099,2,0.000046,0.636270,0.055545,1.320132,206.851670,0.706992,0.045263,1.631995,30.731966,19.300000,14.011141,stable
45.300000,-0.089439,0.953688,0.007088,0.049641,2,0.000045,0.598073,0.047292,1.319979,206.552845,0.704854,0.032687,1.631995,-39.632472,19.300000,14.186948,stable
45.400000,-0.015953,0.949772,-0.001039,0.042277,2,0.000045,0.601106,0.040108,1.319901,205.960019,0.705098,0.037077,1.631995,-0.381971,19.300000,14.011141,stable
45.500000,0.085308,0.942661,-0.005194,0.035948,2,0.000045,0.597165,0.033942,1.319976,205.802649,0.704601,0.037484,1.631995,0.030324,19.300000,14.186948,stable
45.600000,0.089566,0.934548,-0.001160,0.030565,2,0.000045,0.587041,0.028709,1.320060,205.327323,0.701115,0.028072,1.627184,-0.039410,19.300000,14.011141,stable
45.700000,0.028789,0.927558,0.004720,0.026023,2,0.000045,0.571539,0.024307,1.320061,204.917544,0.700275,0.029104,1.627184,-0.101239,19.300000,13.839638,stable
45.800000,0.000039,0.923592,0.005218,0.022215,2,0.000046,0.551840,0.020629,1.320021,204.544250,0.700268,0.019645,1.627184,-0.155020,19.300000,14.011141,stable
45.900000,0.012954,0.923588,0.001975,0.019037,2,0.000046,0.528586,0.017572,1.320002,204.066024,0.685602,0.017743,1.627184,-0.196982,19.300000,14.186948,stable
46,0.016686,0.926469,0.000262,0.016392,2,0.000047,0.502579,0.015040,1.320004,203.648927,0.708963,0.006447,1.627184,-0.232542,19.300000,14.846117,stable
46.100000,0.000009,0.928852,0.000813,0.014197,2,0.000045,0.474402,0.012948,1.320004,203.195106,0.723661,0.015488,1.622454,-0.260077,19.300000,15.569524,stable
46.200000,0.002236,0.926365,0.000961,0.012377,2,0.000047,0.444574,0.011223,1.320000,202.758551,0.722438,0.005848,1.622454,-0.281770,19.300000,15.839253,stable
46.300000,0.021524,0.916137,0.000102,0.010870,2,0.000045,0.413457,0.009802,1.320002,202.320185,0.722179,0.008433,1.622454,-0.298280,19.300000,16.118494,stable
46.400000,0.012505,0.899078,0.000258,0.009623,2,0.000045,0.381412,0.008632,1.320006,201.889633,0.723425,0.004472,1.622454,-0.311162,19.300000,16.296287,stable
46.500000,-0.016478,0.880554,0.001215,0.008594,2,0.000045,0.348687,0.007671,1.320003,201.455360,0.721242,0.007336,1.622454,-0.320455,19.300000,16.478046,stable
46.600000,-0.019744,0.868472,0.000632,0.007746,2,0.000046,0.315509,0.006882,1.319997,201.028869,0.733284,0.002671,1.617824,-0.327249,19.300000,16.529483,stable
46.700000,-0.004796,0.869010,-0.000946,0.007049,2,0.000046,0.282024,0.006237,1.319996,200.599293,0.733811,0.005472,1.617824,-0.331777,19.300000,16.581242,stable
46.800000,-0.005611,0.882722,-0.001161,0.006480,2,0.000046,0.248406,0.005712,1.319999,200.176872,0.711203,0.003184,1.617824,-0.334850,19.300000,16.748813,stable
46.900000,-0.017853,0.904370,-0.000358,0.006019,2,0.000046,0.214740,0.005289,1.319999,199.746390,0.698977,0.005541,1.617824,-0.336185,19.300000,16.919806,stable
47,-0.018037,0.926469,-0.000385,0.005652,2,0.000046,0.181135,0.004953,1.319998,199.322834,0.703210,0.003897,1.617824,-0.336654,19.300000,16.922073,stable
47.100000,-0.005605,0.943205,-0.001094,0.005367,2,0.000046,0.147654,0.004692,1.319997,198.899829,0.756372,0.004718,1.613268,-0.336056,19.300000,16.924341,stable
47.200000,0.002536,0.952136,-0.001144,0.005154,2,0.000046,0.114368,0.004497,1.319999,198.481633,0.789347,0.002922,1.613268,-0.334809,19.300000,16.925088,stable
47.300000,-0.000292,0.953688,-0.000426,0.005006,2,0.000045,0.081319,0.004363,1.320000,198.060503,0.779869,0.004541,1.613268,-0.332860,19.300000,16.925834,stable
47.400000,-0.003791,0.949772,0.000099,0.004919,2,0.000045,0.048551,0.004284,1.320000,197.643547,0.788930,0.002672,1.613268,-0.330491,19.300000,16.982630,stable
47.500000,0.001177,0.942661,0.000006,0.004891,2,0.000045,0.016100,0.004258,1.320000,197.227194,0.765820,0.003303,1.613268,-0.327675,19.300000,17.039807,stable
47.600000,0.009070,0.934548,-0.000161,0.004919,2,0.000045,0.016011,0.004284,1.320000,196.813946,0.766042,0.002412,1.608702,-0.324517,19.300000,17.224129,stable
47.700000,0.009986,0.927558,0.000108,0.005006,2,0.000045,0.047751,0.004363,1.320001,196.401513,0.775645,0.002956,1.608702,-0.000888,19.300000,17.412481,stable
47.800000,0.006429,0.923592,0.000536,0.005154,2,0.000045,0.079101,0.004497,1.320001,195.990375,0.768137,0.003961,1.608702,0.317399,19.300000,17.573425,stable
47.900000,0.009021,0.923588,0.000608,0.005367,2,0.000046,0.110048,0.004692,1.320001,195.581386,0.786407,0.002633,1.608702,0.313505,19.300000,17.737372,stable
48,0.015547,0.926469,0.000449,0.005652,2,0.000047,0.140569,0.004953,1.320002,195.174343,0.779501,0.004639,1.608702,0.309466,19.300000,17.787895,stable
48.100000,0.010274,0.928852,0.000601,0.006019,2,0.000046,0.170652,0.005289,1.320003,194.769002,0.784894,0.002978,1.604215,0.305216,19.300000,17.838707,stable
48.200000,-0.004948,0.926365,0.000926,0.006480,2,0.000046,0.200272,0.005712,1.320001,194.365088,0.794696,0.004887,1.604215,0.300825,19.300000,17.924089,stable
48.300000,-0.002670,0.916137,0.000581,0.007049,2,0.000045,0.229409,0.006237,1.319998,193.963970,0.816936,0.003365,1.604215,0.296196,19.300000,18.010292,stable
48.400000,0.019375,0.899078,-0.000267,0.007746,2,0.000045,0.258021,0.006882,1.319999,193.565254,0.756390,0.007196,1.604215,0.291378,19.300000,18.114015,stable
48.500000,0.025168,0.880554,-0.000127,0.008594,2,0.000045,0.286091,0.007671,1.320005,193.173512,0.777485,0.004867,1.604215,0.286120,19.300000,18.218939,stable
48.600000,0.011141,0.868472,0.001076,0.009623,2,0.000046,0.313530,0.008632,1.320008,192.772419,0.769688,0.006900,1.599713,0.280696,19.300000,18.781801,stable
48.700000,0.012488,0.869010,0.001456,0.010870,2,0.000046,0.340284,0.009802,1.320005,192.381448,0.839308,0.006809,1.599713,0.274390,19.300000,19.380550,stable
48.800000,0.026120,0.882722,0.000763,0.012377,2,0.000045,0.366244,0.011223,1.320005,191.985843,0.834654,0.007848,1.599713,0.267542,19.300000,19.658738,stable
48.900000,0.016881,0.904370,0.000780,0.014197,2,0.000045,0.391280,0.012948,1.320011,191.595922,0.822410,0.010399,1.599713,0.259594,19.300000,19.945029,stable
49,-0.014998,0.926469,0.001508,0.016392,2,0.000047,0.415193,0.015040,1.320010,191.205139,0.827145,0.011082,1.599713,0.250360,19.300000,19.945149,stable
49.100000,-0.032581,0.943205,0.001091,0.019037,2,0.000046,0.437774,0.017572,1.319996,190.823099,0.812325,0.007850,1.595300,0.239138,19.300000,19.945269,stable
49.200000,-0.024632,0.952136,-0.000651,0.022215,2,0.000046,0.458657,0.020629,1.319979,190.432667,0.804424,0.015643,1.595300,0.225808,19.300000,19.983154,stable
49.300000,-0.020700,0.953688,-0.001818,0.026023,2,0.000045,0.477481,0.024307,1.319974,190.056608,0.788655,0.008166,1.595300,0.208824,19.300000,20.021183,stable
49.400000,-0.039247,0.949772,-0.001668,0.030565,2,0.000046,0.493711,0.028709,1.319968,189.667919,0.800518,0.024793,1.595300,0.188244,19.300000,20.137190,stable
49.500000,-0.047042,0.942661,-0.001625,0.035948,2,0.000045,0.506810,0.033942,1.319947,189.288672,0.861367,0.018025,1.595300,0.162295,19.300000,20.254549,stable
49.600000,-0.014845,0.934548,-0.002537,0.042277,2,0.000045,0.515970,0.040108,1.319934,188.904805,0.781837,0.029166,1.590965,0.130994,19.300000,20.137190,stable
49.700000,-0.013744,0.927558,-0.002755,0.049667,2,0.000046,0.521845,0.047316,1.319967,188.546521,0.784320,0.035535,1.590965,0.091601,19.300000,20.254549,stable
49.800000,-0.104025,0.923592,-0.001032,0.060230,2,0.000045,0.623289,0.057582,1.319937,188.157397,0.749002,0.032120,1.590965,0.058750,19.300000,20.258287,stable
49.900000,-0.258144,0.923588,-0.001328,0.097799,2,0.000045,1.375076,0.093765,1.319563,187.884925,0.754947,0.040575,1.590965,1.014438,19.300000,20.254549,stable
