t,p_state0,p_state1,p_state2,p_state3,confidence,curiosity_learned,boredom_learned,satisfaction_learned,fatigue_learned
0.0,0.250739649243597,0.2500986354239821,0.2504909566196128,0.24867075871255734,3.703651352493509e-06,0.21152537028202612,0.7725135457372834,0.6338171378606544,0.8827709607958738
0.1,0.2507333145418031,0.2500978067468881,0.25048676060966596,0.24868211810164287,3.640565239604321e-06,0.21467611656605315,0.7493137000862754,0.6533228722850901,0.8543078011759063
0.2,0.25071864963949464,0.25009590689632744,0.2504770569500238,0.24870838651415408,3.4967280083675334e-06,0.22315402443553084,0.666585826452459,0.6410384597708766,0.878349918075101
0.3,0.25070479091597625,0.2500941107081922,0.25046788630578637,0.24873321207004503,3.3634595791864896e-06,0.2278517015753302,0.6128234849163064,0.6399011772006555,0.8610244359013793
0.4,0.2506887899999249,0.2500920290483186,0.2504572938456883,0.24876188710606817,3.212763600379809e-06,0.230990821626118,0.5659214716784566,0.6391569004911382,0.802147636940625
0.5,0.2506751248170054,0.25009024812539316,0.25044824590593934,0.24878638115166216,3.086782071504146e-06,0.23517843026749893,0.5370558384281406,0.646160470253999,0.8049287907745943
0.6,0.25066173549272425,0.2500885079394621,0.2504393832328075,0.24881037333500614,2.965819738465214e-06,0.23970387997173703,0.48462197629919446,0.6388516294540187,0.7979910595611623
0.7,0.25064499236283255,0.25008632106622924,0.25042829470761624,0.24884039186332207,2.817897135298786e-06,0.24342028823013429,0.4554422059618464,0.6410669707591873,0.7704005452201792
0.8,0.2506401608778709,0.2500856977235323,0.2504250991534609,0.24884904224513588,2.7759626295420503e-06,0.24413709343751008,0.422282222086332,0.6321245581003249,0.7714209069286313
0.9,0.25066934816875525,0.2500895528710982,0.25044445253385095,0.24879664642629562,3.0346496019406644e-06,0.23707445033048627,0.33671141633553187,0.585355431625216,0.7549235598294427
1.0,0.2506809938153675,0.25009104628666773,0.2504521499264557,0.24877580997150903,3.1407944218742045e-06,0.24296545930814883,0.968500758716649,1.0,1.0
1.1,0.25062594179881953,0.2500838314745824,0.2504156771933489,0.2488745495332491,2.6541860623785496e-06,0.27856404753609293,0.5665092093797663,0.886111246376431,0.0
1.2,0.2504877924471095,0.25006575728429664,0.25032416819535763,0.24912228207323614,1.613574420966657e-06,0.34378261940404486,0.3538727001518713,0.8212252811710055,0.9387251992514685
1.3,0.2505206581342254,0.2500701775450162,0.2503460039033804,0.24906316041737794,1.8383600837168501e-06,0.3237723519771318,0.22998078522539395,0.7254191610308837,0.8223175973966802
1.4,0.2505721213375381,0.2500769942511901,0.2503801384065217,0.24897074600475014,2.2192343592797314e-06,0.29536431627178356,0.19593691329263385,0.6500549871366792,0.9526108355059048
1.5,0.2505229409995582,0.25007050998828134,0.25034753445379404,0.24905901455836643,1.8546442027700394e-06,0.3229409272972237,0.1770091839678215,0.7084120178781134,0.8485513366504874
1.6,0.2505053297204209,0.25006815343171046,0.250335840246778,0.2490906766010906,1.7318757709050558e-06,0.3197916230685882,0.2319548459554554,0.738563459006523,0.8026498247654588
1.7,0.2506198116663697,0.2500831804292412,0.25041169901219634,0.24888530889219262,2.6034302837985024e-06,0.2551810894343142,0.20228749029565096,0.5968886052060868,0.8365561801388576
1.8,0.25070795831102305,0.25009473297682394,0.2504700976543045,0.24872721105784845,3.3951080485872254e-06,0.21901764682853078,0.15981445729234706,0.5049708615475529,0.9204056369684012
1.9,0.25070360503548206,0.2500941411832225,0.2504672019190767,0.24873505186221884,3.3534023060610707e-06,0.2371351685521477,0.17555288091447233,0.5519559283639861,0.8611987744693421
2.0,0.25080589092243977,0.2501072603160108,0.25053481145433587,0.24855203730721354,4.395522561928544e-06,0.18430755546214964,1.0,0.9334806395133792,0.8213819835758703
2.1,0.25082007770024684,0.25010911071617553,0.2505442055655654,0.24852660601801219,4.551430805244117e-06,0.1612951350681238,0.6218211701921252,0.7120749412732447,0.06253425501305844
2.2,0.25093417120726325,0.25012402065567024,0.2506197708499003,0.24832203728716637,5.904446082172221e-06,0.1310996278486177,0.20975440414437335,0.37054165258542293,0.783464171324659
2.3,0.2508676690795407,0.25011540990941217,0.2505757694793992,0.24844115153164795,5.095067106664075e-06,0.15963742447450863,0.25745806282771067,0.43662505785972977,0.8670192209156129
2.4,0.25091518813922586,0.25012158800887924,0.2506072244652896,0.2483559993866051,5.667538398590466e-06,0.1436598056439233,0.30580357510803097,0.4250092572818793,0.8324477741466768
2.5,0.2508723222401221,0.25011602976062225,0.2505788577322694,0.24843279026698614,5.149900121126372e-06,0.1559907474124608,0.25041259010248623,0.44348294029567364,0.8475990586155085
2.6,0.2510153619013512,0.25013454596298007,0.250673497856795,0.24817659427887376,6.973674285704057e-06,0.08611930985990429,0.24316291389941028,0.29784172376467355,0.8280994766591647
2.7,0.25108124083559497,0.2501430454353443,0.25071707015748357,0.2480586435715771,7.9062829204668e-06,0.05768503825909503,0.27591687369019496,0.24601869297108278,0.8864176058860498
2.8,0.2509950184858465,0.2501318597672551,0.2506600090683776,0.2482131126785208,6.696943291251145e-06,0.10327712186561468,0.38896734821048334,0.402582753329384,0.8940454536796917
2.9,0.2511685689711968,0.25015419344218953,0.2507747639722631,0.24790247361435055,9.23154198551046e-06,0.021336313188285088,0.5419047850889724,0.27709295654736465,0.9252556093171214
3.0,0.25113425151775653,0.25014968004553856,0.25075201941625264,0.2479640490204522,8.697069365903864e-06,0.04377185789576365,0.8647629654514589,0.5953331893456097,0.9102467289150967
3.1,0.25115035172414985,0.25015177324157695,0.2507626768166559,0.24793519821761728,8.945567503082508e-06,0.03270496388508233,0.6450651402899005,0.4668574241787155,0.27930764690195614
3.2,0.25108392701714494,0.25014329298023014,0.2507187925853614,0.24805398741726353,7.944535811654774e-06,0.07581064515803372,0.29187020573697686,0.33036454800703446,0.7032130933662546
3.3,0.25104927282938716,0.25013886682324765,0.2506958968367359,0.24811596351062937,7.445874641298644e-06,0.08578457247545179,0.3052323667575328,0.34525300891659577,0.811842406629247
3.4,0.25121151910954204,0.2501597512736841,0.2508031801932555,0.2478255494235183,9.921908893262277e-06,0.0,0.2786689640266306,0.14885527666423654,0.8496627444219638
3.5,0.25108931637499327,0.2501440153103884,0.2507223718898989,0.24804429642471945,8.023891582165099e-06,0.06269737892897655,0.2794067154761745,0.29173709924086116,0.8960417179751669
3.6,0.2510500426291054,0.2501389441777325,0.2506963939759237,0.2481146192172383,7.4565675410864785e-06,0.09009681867592138,0.5096098662897965,0.42705612670852483,0.8775861706320769
3.7,0.25109045576009964,0.2501441905154011,0.25072314092540393,0.24804221279909522,8.040951534948881e-06,0.07134306551464831,0.39757163483106606,0.32408103458025267,0.8798078882530911
3.8,0.2510220077927097,0.2501353478931668,0.25067786307876244,0.2481647812353609,7.064561803882263e-06,0.09414254295180824,0.37575047598796557,0.37555153699680527,0.904405362500002
3.9,0.2510321820087667,0.250136656014888,0.25068458982678343,0.24814657214956182,7.20562989753315e-06,0.08702162072887033,0.4723674745394998,0.39628798601381604,0.8616111540123179
4.0,0.2510574830299926,0.25013981552147,0.2507012665967595,0.24810143485177782,7.561552660129145e-06,0.07258819313394509,0.8400259796152644,0.6525117161815133,0.8310831050600545
4.1,0.2510946249726767,0.25014463870340414,0.25072584934030134,0.24803488698361778,8.101530582060867e-06,0.053396292761963705,0.5278835853447027,0.464557028545546,0.20746491424997374
4.2,0.25106107208364076,0.2501403951133125,0.25070370413409065,0.24809482866895605,7.614058132654478e-06,0.08206691630157632,0.18819969239925444,0.29065949633442617,0.7792588173943439
4.3,0.2510010301287339,0.25013264359529,0.2506639896320177,0.24820233664395833,6.778040899213522e-06,0.09416266821116444,0.2993209190597534,0.36313380104905507,0.8609269223012892
4.4,0.2510352441483,0.25013705473064585,0.25068661710248485,0.24814108401856932,7.248409625737473e-06,0.08132728971474024,0.4447052403323723,0.3913964994012486,0.8342970271116306
4.5,0.2510075910695422,0.25013348963766047,0.25066832880470136,0.248190590488096,6.867016842937446e-06,0.09310107102381047,0.3520056991597308,0.3703254466734783,0.869616860442429
4.6,0.25099385043708144,0.2501317137742189,0.25065923906977206,0.24821519671892756,6.681302024524882e-06,0.09858544837138686,0.3896470582346909,0.3955045851497433,0.8581762891379207
4.7,0.2509787085717988,0.25012975888343486,0.25064922352346264,0.2482423090213036,6.4796199469308036e-06,0.10703443677687757,0.3839264205291562,0.40955610396507264,0.8577597716913147
4.8,0.2509716697691802,0.250128846398385,0.25064456567870785,0.24825491815372694,6.386885846199064e-06,0.10547810363412835,0.4016503160763648,0.41968530857016884,0.8590223645964209
4.9,0.25099758278127693,0.250132183277915,0.25066170107150665,0.2482085328693015,6.731373718871225e-06,0.09196189176552784,0.4836845405081253,0.4167169471103799,0.867697988046772
5.0,0.25099554517024686,0.2501319230447979,0.2506603548518479,0.24821217693310732,6.703977867061894e-06,0.09111088250178483,0.3985031080192181,0.39304514808842705,0.8930405840318062
5.1,0.25099451824800084,0.25013178157706484,0.2506596707354006,0.24821402943953372,6.690094826344861e-06,0.09721725872613393,0.493401395690593,0.44040228947642773,0.8579946641242137
5.2,0.2509814499995453,0.25013009553540255,0.2506510273889721,0.24823742707608,6.515744363944087e-06,0.10277854257288668,0.4472007056860914,0.4289137783969597,0.8519730709953417
5.3,0.250949507845386,0.2501259712452574,0.250629899100116,0.24829462180924058,6.099260222769409e-06,0.12090024973624104,0.40687831914350747,0.448182193021177,0.8573790678462156
5.4,0.2509119632333367,0.250121115679721,0.25060506071776445,0.24836186036917782,5.627263914398384e-06,0.14150970218385203,0.3917638244259191,0.47322234332638796,0.8436035349173793
5.5,0.25087451500441976,0.2501162743758717,0.2505802870770924,0.2484289235426161,5.175448186567344e-06,0.14778431111096635,0.32741343483134194,0.4735084872742297,0.8675054148407466
5.6,0.2508799950898962,0.25011697894755136,0.2505839102547532,0.2484191157077992,5.24035113069754e-06,0.14514211192993168,0.42430475597141304,0.49806588124312395,0.8423676952487033
5.7,0.25087263594670994,0.2501160265168889,0.2505790412918305,0.2484322962445706,5.153235040578075e-06,0.14483745738367135,0.360638512304339,0.4686269409538895,0.8520500855818632
5.8,0.250861761714503,0.2501146152649667,0.2505718445401781,0.24845177848035227,5.025814364012504e-06,0.15013974845487735,0.3678915371128347,0.48366412230558564,0.8422757337402784
5.9,0.2507535682549749,0.2501005536476419,0.2505002291841967,0.24864564891318644,3.844866370283917e-06,0.22469112765801177,0.276639737715589,0.5796678426601036,0.8208795005494566
6.0,0.25069719115708994,0.250093219864557,0.25046290847467506,0.248746680503678,3.292098941676258e-06,0.2341116154843801,0.2548482991024625,0.5883506562760769,0.8178317973270578
6.1,0.25071092515090193,0.25009502972747477,0.2504720128761038,0.24872203224551936,3.422961142085512e-06,0.21995428429608052,0.2639339025664078,0.5536405278793523,0.8084271398481798
6.2,0.2506522004911786,0.25008736292678685,0.25043312301689735,0.24882731356513715,2.8817343235010284e-06,0.2506752006963765,0.17534390885154202,0.5768417453959834,0.8025829795269872
6.3,0.2506262197750279,0.2500839658661593,0.2504159147118881,0.24887389964692477,2.6571206394043756e-06,0.2544260004756608,0.22051731052547732,0.6033899457908519,0.8026504698342225
6.4,0.25061132013201765,0.2500820159457352,0.2504060449941342,0.24890061892811294,2.5324118207992186e-06,0.258717679586888,0.23176000383777742,0.6109979867339058,0.8034393846608975
6.5,0.250625501064649,0.2500838824514292,0.25041544443612523,0.24887517204779663,2.6510992744421813e-06,0.25214254432255423,0.22465355624645356,0.5850499675890916,0.8044012611874435
6.6,0.25055944353780707,0.25007522521104736,0.25037168036435437,0.24899365088679126,2.121602359128616e-06,0.2908824223962311,0.15662570767331768,0.6259922053058494,0.7946103944055378
6.7,0.25049198963120733,0.25006636917712727,0.2503269825428635,0.2491146586488019,1.6416850628919732e-06,0.32238893786478534,0.14965468729089731,0.6780800759544193,0.7803088798134721
6.8,0.250462080114378,0.2500624525645887,0.2503071688078737,0.24916829851315966,1.4486084771725416e-06,0.32764231171561103,0.13069164761649796,0.675903863893271,0.7912351041683214
6.9,0.25045586765127054,0.25006164877108883,0.2503030586300204,0.24917942494762027,1.410062217543917e-06,0.33253104937261285,0.13336707810906048,0.6753940591900016,0.7762000629039186
7.0,0.2504533404642981,0.25006133198516184,0.25030139220401165,0.2491839353465284,1.394574487778577e-06,0.33181267567999284,0.072582455485851,0.641268292923434,0.7729116395344868
7.1,0.2504122080673596,0.25005590703471997,0.2502741226522418,0.24925776224567853,1.153476137716325e-06,0.34815259711081664,0.08129762579603693,0.6770459442048947,0.7844672626895403
7.2,0.2503949132101526,0.2500536179349389,0.25026265226098793,0.24928881659392055,1.0589031829155715e-06,0.3536210050575747,0.14470482862141434,0.7068478253680698,0.7858572564504919
7.3,0.25039003027813506,0.2500529774807833,0.2502594169506449,0.24929757529043683,1.0329560857780251e-06,0.3538332610254396,0.14694004504512573,0.6972853879817196,0.8006485325340483
7.4,0.25039913452676354,0.2500542008656947,0.2502654651418889,0.2492811994656529,1.0817047421118886e-06,0.3568722126200301,0.07262080114415542,0.6619321942555694,0.7898883666393158
7.5,0.25036809482261324,0.25005009621713997,0.2502448808291606,0.24933692813108616,9.203527110424048e-07,0.36861669604515496,0.08325839686506217,0.68333925054897,0.7908129840989224
7.6,0.2503396679318991,0.25004633505747503,0.25022602812764844,0.24938796888297735,7.840078845022802e-07,0.3791610888962779,0.09796167520550107,0.7071034948567003,0.7952240251707797
7.7,0.25032719631817224,0.25004468494969406,0.2502177569605327,0.24941036177160106,7.276392760546813e-07,0.3833391181486687,0.13197176404546354,0.7220255574339757,0.8029654652501643
7.8,0.25035706778349825,0.2500486499517207,0.2502375746246718,0.24935670764010934,8.662088269995039e-07,0.37280547176827705,0.11391333357027515,0.6795080053566376,0.8055433399591682
7.9,0.2503504281353044,0.2500477744886866,0.25023317286041985,0.24936862451558922,8.343841144675679e-07,0.3776361477129892,0.06901256735715353,0.6619108813095261,0.7965335263994974
8.0,0.2503056805365197,0.25004185253702277,0.25020349550934007,0.24944897141711758,6.353796074831664e-07,0.39856010865049063,0.08614180672035808,0.706144287670741,0.8174295751773708
8.1,0.2502804374922696,0.25003849887545193,0.2501867468193668,0.24949431681291165,5.350294478567719e-07,0.4074663661752994,0.14283372341487138,0.7386808446749046,0.8094235569209881
8.2,0.25026780116434116,0.2500368146693605,0.25017835969367835,0.2495170244726199,4.880203950952122e-07,0.40766953876585527,0.15100738726829788,0.7312854103806542,0.8019274714346972
8.3,0.25030212862046025,0.2500413909648374,0.25020114442689795,0.24945533598780437,6.207676777059135e-07,0.3965719685003022,0.07276317060704984,0.666205941800405,0.8103727471818053
8.4,0.25025918730322155,0.2500356783813993,0.2501726488315028,0.24953248548387627,4.5724372244038136e-07,0.413151781310038,0.10315645807404093,0.7061098360998299,0.8041362396484928
8.5,0.250253539598475,0.25003492543363676,0.25016890016430493,0.24954263480358327,4.3759001366883155e-07,0.4152369547435393,0.10693019631462607,0.7063372703462997,0.7835599648645278
8.6,0.2502495560247963,0.2500344118444024,0.25016626561969796,0.2495497665111034,4.240286185508424e-07,0.4177387123917148,0.10525775024635232,0.7045667906716155,0.8205437761546306
8.7,0.2502880888343588,0.2500395285399639,0.25019183059571065,0.2494805520299666,5.64571402184022e-07,0.40511525909146323,0.14417882458004883,0.6795707343411891,0.8173990804985088
8.8,0.2502612298503832,0.2500359726770422,0.25017401654179106,0.24952878093078362,4.6451250967916025e-07,0.41734887447292585,0.08637275472231878,0.6723278492451442,0.8365101193785761
8.9,0.25023218356127835,0.2500321098389997,0.25015474228133067,0.24958096431839136,3.672457365988535e-07,0.4306126620595351,0.10514826512674746,0.7000326565426813,0.8160585213880822
9.0,0.25020667361867915,0.25002872027752693,0.25013781627373005,0.2496267898300638,2.912434426960431e-07,0.43969316666275476,0.11245942812651619,0.7152491597883822,0.8270657514569002
9.1,0.2501902781236203,0.250026525280258,0.250126928751623,0.24965626784449868,2.4701364564894135e-07,0.44239193784515785,0.17472781465186418,0.7385516468521138,0.8194850892098264
9.2,0.2501965799160359,0.2500273619750702,0.250131109678714,0.24964494843018,2.6356995352916357e-07,0.43787578831437324,0.13419321368077694,0.7047136100359941,0.8016167979691382
9.3,0.25017906248697175,0.25002503337254356,0.250119486192307,0.24967641794817766,2.1887140144727368e-07,0.44426181869265463,0.13668683418486977,0.712240385025758,0.8231615246339515
9.4,0.25020068185074845,0.2500279240674304,0.2501338406348239,0.24963755344699728,2.7466866736602924e-07,0.43956753695432565,0.11316163716784622,0.6835401011801774,0.8183263922193308
9.5,0.25017614990058024,0.25002465702727705,0.25011755948173825,0.2496816335904044,2.1186011378571123e-07,0.4504788955475219,0.10497887398940657,0.6991578740907081,0.8153676617354243
9.6,0.25019179508964434,0.2500267266847189,0.25012793517065957,0.24965354305497717,2.509499656966341e-07,0.4431560101969108,0.1318710063272667,0.6904644521152545,0.7785908734200043
9.7,0.2501847918154046,0.25002578095057343,0.2501232801692745,0.24966614706474752,2.330092017110985e-07,0.43987774146629594,0.13934741769313594,0.681335136594145,0.7855645674466565
9.8,0.2502064277466955,0.25002866552401154,0.25013764106832165,0.24962726566097135,2.9051037053751116e-07,0.43224310219796835,0.1165020432369371,0.6512447491929326,0.7895601528356989
9.9,0.2502036004204811,0.25002829887563494,0.2501357700394445,0.24963233066443954,2.8265628138068877e-07,0.43628662169768717,0.0903801269169574,0.6449408649691561,0.7961740999866392
10.0,0.2501928275117299,0.2500268562896432,0.25012861605553727,0.24965170014308968,2.5363307176728966e-07,0.44068172586020743,0.11266306167172957,0.6591251462220474,0.7809858956323686
10.1,0.25025768141106247,0.25003549486621623,0.2501716586441275,0.24953516507859383,4.520031767762944e-07,0.41634428301707815,0.058884638469162906,0.5821287841439426,0.7943931999347238
10.2,0.25019960246028833,0.2500277790987422,0.2501331236053155,0.249639494835654,2.7173151184722855e-07,0.44399619086408837,0.08145615893192834,0.6488188573171204,0.839204250199218
10.3,0.25017846839572094,0.25002495648171286,0.2501190931019796,0.2496774820205865,2.1743177003319403e-07,0.453363622098452,0.16339203025525836,0.6986927964958553,0.812845917826465
10.4,0.25025290613356105,0.25003487212514747,0.250168496613635,0.2495437251276565,4.3548719996788776e-07,0.42139473198309363,0.06296234001765696,0.5853927512423448,0.8177089636882018
10.5,0.2502921039026562,0.25004009363924035,0.2501945117883108,0.2494732906697927,5.804599403358424e-07,0.4091973933766804,0.01413885715835116,0.5408119460495951,0.8336415783709833
10.6,0.25029266188902716,0.2500401718380835,0.25019488421739355,0.24947228205549582,5.826845419498738e-07,0.4130313796375002,0.021337986194092676,0.5557021953926286,0.8373665237652298
10.7,0.25023451418920134,0.2500324258142267,0.25015629204343803,0.24957676795313394,3.7464229640793434e-07,0.4338630219832526,0.09595066914011842,0.639982798078439,0.8457971520618899
10.8,0.2502548634489383,0.25003510837838516,0.25016978227670533,0.24954024589597124,4.4217359873588435e-07,0.4213899071183393,0.2063485746371498,0.6552467040564638,0.8385494722236476
10.9,0.2503134801432921,0.25004289103543076,0.250208671615219,0.24943495720605824,6.681361505167516e-07,0.3941840669758841,0.09811269189043906,0.5544027232117759,0.841201266997429
11.0,0.2503591088721937,0.25004893384747184,0.25023893565973193,0.24935302162060244,8.761616681063344e-07,0.37805376467903634,0.061096860756545114,0.5115793382429603,0.8351283075777773
11.1,0.2504974731666344,0.2500671716594838,0.2503306610353244,0.2491046941385575,1.678791233361565e-06,0.3212466133274955,0.0,0.3765065480644316,0.7937700239407187
11.2,0.25041232624982435,0.25005590308256626,0.25027419012268354,0.2492575805449258,1.1540590767467052e-06,0.35223308661334896,0.10254273823262154,0.49955226896688093,0.8381839620833594
11.3,0.2503956056284934,0.25005367888024016,0.25026309451373263,0.24928762097753385,1.0624959680960444e-06,0.35801074393714727,0.21777350362848125,0.563325437355229,0.8320219010002943
11.4,0.2504096437159804,0.25005553329885594,0.2502724029492218,0.2492624200359419,1.139064075394991e-06,0.34852983945926463,0.19741113086453604,0.5370203474938985,0.8362940359495096
11.5,0.2505035913796134,0.2500679264678344,0.2503346887676051,0.24909379338494705,1.7200118279658838e-06,0.3125329128950473,0.11661209418520112,0.4326166875657351,0.8181521530712919
11.6,0.25062321103208934,0.25008362775803583,0.25041395188075694,0.24887920932911792,2.632023683890594e-06,0.25881009629134155,0.052124349648170476,0.30896693276006065,0.8040168612505455
11.7,0.2505510390343282,0.2500741213868686,0.2503661107768768,0.24900872880192637,2.0584498604536705e-06,0.2908734849985499,0.14089091479146176,0.4292751196766132,0.8293028027499784
11.8,0.2506287423759838,0.25008431542258197,0.2504175961285047,0.24886934607292954,2.6786463522832094e-06,0.2589531150461094,0.20519314399477095,0.3938010591766641,0.8183763725442768
11.9,0.2506555881680108,0.25008783234482185,0.25043538110945707,0.24882119837771044,2.9118577653530764e-06,0.2464796752479291,0.1314647150759216,0.3475676042186758,0.8145508285127495
12.0,0.250608437665797,0.25008163411798345,0.25040413291596175,0.2489057953002578,2.5086047964473224e-06,0.26869145249154597,0.19550792229000963,0.4288724974828407,0.812390503017734
12.1,0.2506404842792861,0.25008584497905534,0.2504253702553238,0.24884830048633488,2.7793980017509767e-06,0.2546498215042539,0.17138057621368946,0.39937384180682983,0.8003670189881711
12.2,0.2506209581421927,0.25008328252586515,0.25041243204297997,0.24888332728896206,2.6127687514643227e-06,0.26248295139686517,0.1558867181767613,0.4155755469278181,0.798979477201124
12.3,0.25079231745687813,0.25010565162982845,0.25052591169949817,0.24857611921379513,4.250113196935246e-06,0.1803400383379826,0.11598029659433284,0.24216376919890756,0.7920331919401611
12.4,0.250737464638822,0.25009849142199064,0.2504895865324212,0.2486744574067661,3.6828215905782002e-06,0.20962167746614802,0.11855990086882869,0.3187642592072764,0.8158970207758484
12.5,0.25070385988248217,0.25009409532281995,0.25046732727625265,0.24873471751844517,3.355299029728087e-06,0.2277385862742867,0.23802042089411693,0.414183458019279,0.8171350526750888
12.6,0.25076594214257975,0.2501022066749103,0.25050844407075396,0.248623407111756,3.97224802095586e-06,0.1974591483647721,0.20962964972049988,0.34963346693284514,0.7942358514522981
12.7,0.25071736547247736,0.2500958720059914,0.25047627859737703,0.24871048392415426,3.485161686356264e-06,0.2251288226012057,0.14536740588542132,0.38521164231588356,0.7980010815691602
12.8,0.25082119047855234,0.2501094290173289,0.25054503693434504,0.2485243435697737,4.565121011879114e-06,0.17944671148776148,0.07926418667237475,0.27416993181991195,0.7719074488840741
12.9,0.2507800600744585,0.2501040568979368,0.2505177974330421,0.24859808559456262,4.119858002415988e-06,0.19226669373183533,0.10145906572768229,0.32161660177278406,0.791822677345696
13.0,0.25075743143430435,0.25010109565975247,0.25050280802905767,0.24863866487688566,3.8845981433777155e-06,0.20006583021073984,0.19626010155153661,0.3917219343059487,0.8068310946043983
13.1,0.2507651572319951,0.2501020926763849,0.25050791802461125,0.24862483206700872,3.964040093729082e-06,0.19292043037309226,0.25389905767777227,0.41224520174581,0.8112555445191761
13.2,0.2507564734756335,0.2501009729835197,0.25050217495521054,0.24864037858563628,3.8748107528130404e-06,0.21283509809160034,0.21484709100156768,0.4319869319566108,0.7764755844008654
13.3,0.25092009742622184,0.2501222579627264,0.2506104913645475,0.24834715324650428,5.728695743667522e-06,0.12831705956624828,0.0549658675869205,0.2036083448092496,0.7745119955165177
13.4,0.25084994556217777,0.2501131407698254,0.250564056614873,0.24847285705312389,4.8896416158239475e-06,0.16200784164152196,0.07146914149521823,0.297011863160881,0.8074342082218324
13.5,0.25083621576170245,0.2501113432781128,0.2505549614437071,0.24849747951647772,4.733100373521815e-06,0.1686266631540805,0.22990000928325324,0.39008565203180934,0.7999293183352343
13.6,0.25083153533221464,0.2501107306741725,0.25055186103036015,0.24850587296325272,4.6803200874911965e-06,0.16580687311601003,0.2671508166634783,0.4057708168518232,0.8368066995356843
13.7,0.2508669146805409,0.25011532793728775,0.2505752788200896,0.24844247856208174,5.0863564081682355e-06,0.15725134644755526,0.2643517022792623,0.38535131611871387,0.7938845717390995
13.8,0.25085562401218314,0.2501138698163398,0.2505678103933673,0.2484626957781097,4.955013671037456e-06,0.15993274160380064,0.1654147422258617,0.35392163567562807,0.7976683927387145
13.9,0.25083971841728936,0.25011180360026186,0.25055728272153466,0.24849119526091418,4.772807978059568e-06,0.16677403780352845,0.175904933769291,0.37773155120871416,0.7897801076766832
14.0,0.25083185675763303,0.25011078080783544,0.2505520783734431,0.24850528406108838,4.683998900745223e-06,0.16780496183175592,0.20959442194642697,0.3985530321104766,0.8036453968919479
14.1,0.25082138062324644,0.2501094189283072,0.25054514384508814,0.24852405660335816,4.5669612444010355e-06,0.1700245630930021,0.2270186864668462,0.42012330199930825,0.8262865749083081
14.2,0.2508478702532784,0.2501128607382642,0.250562677306468,0.24847659170198938,4.865749437921174e-06,0.16479974232372702,0.2589079919735676,0.41750444848347673,0.7879034610729048
14.3,0.2508236428457932,0.250109720153625,0.2505466451896597,0.24851999181092208,4.592164618899552e-06,0.17093225753040223,0.17582908958216492,0.39831110556835536,0.8237484612788387
14.4,0.25081995582573086,0.2501092354658175,0.2505442016706145,0.2485266070378371,4.5511717446933275e-06,0.17445060688873393,0.22804750077247424,0.428181322813768,0.8015384290215661
14.5,0.2508205328212969,0.25010930738560344,0.25054458192128065,0.24852557787181895,4.557544199923491e-06,0.1685774434940986,0.24272030996358016,0.4244567011073143,0.8300091753978841
14.6,0.25083968209125773,0.25011178348791996,0.25055725025728093,0.24849128416354138,4.772273286435258e-06,0.16232805276124443,0.29528795236293237,0.429116372376382,0.8057858605672167
14.7,0.2508381815648167,0.25011159196191207,0.25055625894029154,0.2484939675329797,4.755288408708758e-06,0.15831230111004724,0.2505031783382986,0.40486092934423096,0.8412930489416731
14.8,0.2508023897642714,0.2501069378595364,0.25053256636368254,0.24855810601250966,4.358483912891842e-06,0.19284157671798305,0.2666070846966917,0.4682142306493346,0.8040612258818666
14.9,0.2507788349743365,0.2501038805237542,0.2505169771837174,0.2486003073181919,4.106825712169027e-06,0.19155744513746936,0.22673776330997666,0.4459389776594969,0.8332067082844522
15.0,0.2507719078888553,0.25010297515943924,0.25051238923077335,0.24861272772093215,4.034196642965782e-06,0.19417118878382758,0.27197399576375675,0.46632339710856885,0.822841752222057
15.1,0.2507679599471402,0.2501024566834834,0.2505097730725712,0.24861981029680524,3.993075405883673e-06,0.1926048751757205,0.2927616588398074,0.46568961466234515,0.8427726830260643
15.2,0.25077586321895695,0.2501034794815922,0.2505150019965107,0.24860565530294018,4.0754950153543135e-06,0.19067759668966883,0.3333370407424818,0.46727916391941615,0.8339789652228262
15.3,0.25071422530031756,0.2500954527401963,0.25047419400057197,0.24871612795891415,3.454705690963955e-06,0.22990725162628997,0.24159612019442947,0.4949900945296318,0.8422603899530886
15.4,0.2506955019053447,0.2500930058299926,0.25046179324019563,0.24874969902446709,3.2762354836846086e-06,0.23275541020892043,0.2936844172832238,0.5068947539079991,0.8166295919172717
15.5,0.2506795903915615,0.2500909291174541,0.2504512563190658,0.24877822417191867,3.128308897815124e-06,0.22997816179899194,0.2642582305275954,0.4845111730451955,0.8449718101559511
15.6,0.250680695586257,0.2500910658472539,0.25045198407672137,0.24877625448976773,3.1384246201859867e-06,0.23134910478082837,0.3385096074160195,0.5044325281152996,0.8385529142141991
15.7,0.2506642156449069,0.2500889109329348,0.25044106852963555,0.24880580489252285,2.98854883273858e-06,0.24050559987049874,0.3137385128980897,0.4956437210741487,0.8462828331589818
15.8,0.2505279744664345,0.2500710588766685,0.25035080850479785,0.24905015815209927,1.889881142136396e-06,0.33480633139129207,0.19920010835627946,0.6029740288220999,0.8122495865091754
15.9,0.25046755928046005,0.2500631423452093,0.25031078324404626,0.2491585151302844,1.482951231923657e-06,0.33855551961681823,0.18676553399242452,0.591597010505283,0.8264229015345506
16.0,0.25043982233323675,0.25005949333499305,0.2502923994994291,0.24920828483234114,1.3125809814606981e-06,0.3426631426455091,0.24223832655833172,0.6044793757606273,0.818270180241281
16.1,0.2504263913300798,0.2500577248442775,0.2502834967336713,0.2492323870919714,1.2338134289802127e-06,0.3449550127097595,0.2104073754583653,0.5767351086889474,0.8039065023853904
16.2,0.2503856295976425,0.2500523472890351,0.2502564721049149,0.2493055510084074,1.009653318950754e-06,0.3663491390505246,0.19567701538984833,0.5901971139866725,0.7995716937964692
16.3,0.2503332467907543,0.25004542922303336,0.25022173878750675,0.24939958519870567,7.545450001478216e-07,0.39045375924418085,0.17291561114639095,0.6078418619403065,0.7963962212387008
16.4,0.25029604143857537,0.2500405169276487,0.25019706986123624,0.2494663717725397,5.958882081102956e-07,0.40374031293106954,0.17201144070925548,0.6150126353874849,0.8138027617867503
16.5,0.25028364590999086,0.25003887557159515,0.25018884842062145,0.24948863009779257,5.471720005978398e-07,0.4094907549113575,0.21264453686538173,0.6153887798933532,0.7986901014399196
16.6,0.25025371049384504,0.25003490658325533,0.25016899077043886,0.2495423921524607,4.380778667600893e-07,0.41964125432408284,0.15182587387430063,0.589120342055979,0.7940284395904285
16.7,0.2502100058908798,0.2500291045945919,0.2501399952950533,0.24962089421947506,3.005546317380592e-07,0.4459113624213737,0.16807820630727793,0.6228058486480558,0.7799540466648175
16.8,0.2501722827898811,0.25002408345480553,0.25011496097237085,0.2496886727829425,2.0260622379808524e-07,0.4542455711226633,0.18161737941426448,0.6212333466706971,0.7762906580999881
16.9,0.25013079352196477,0.25001856477852774,0.2500874293532185,0.24976321234628893,1.171182854031727e-07,0.47220473979382016,0.14999924205686155,0.6194766385689273,0.7804406213343719
17.0,0.2501098683639863,0.2500157788731818,0.2500735423425148,0.24980081042031702,8.283339369974385e-08,0.4788655020812224,0.17079244027570892,0.6159683758845609,0.7777424407514155
17.1,0.2500657660351394,0.25000990568730713,0.2500442729569288,0.24988005532062466,2.9971152448737826e-08,0.5030746164278038,0.13215583062845174,0.6233991961247235,0.786901816100704
17.2,0.2500295565646115,0.25000506076975265,0.25002022935200996,0.24994515331362582,6.231377969179164e-09,0.5145524310700423,0.1855618932534812,0.6451165659204822,0.7788784370226997
17.3,0.24999674898878305,0.25000068192653324,0.24999845059577727,0.25000411848890647,4.7459924878978654e-11,0.5305322750337318,0.15093620989404244,0.6336259260715248,0.784133207713212
17.4,0.24996657762663727,0.2499966417476599,0.24997841465678072,0.25005836596892217,7.218011743859165e-09,0.5421733331445344,0.14376569343258877,0.6297442997123112,0.7752307654174638
17.5,0.24993136589408851,0.24999192155757427,0.24995502878204245,0.25012168376629473,3.1170728442830864e-08,0.5547814379883123,0.1736659289173853,0.6436309533101343,0.7944180468861514
17.6,0.249941220197619,0.24999326632269808,0.24996158645826388,0.25010392702141904,2.2763107732082233e-08,0.5556540420334067,0.12364577151249877,0.5974199169410571,0.7854275193358111
17.7,0.24990142649650834,0.249987925635613,0.24993515406101752,0.25017549380686116,6.472296021353685e-08,0.5749089468082751,0.11564179443465225,0.6113742077513731,0.7878203081461008
17.8,0.24986583374101348,0.24998313403943093,0.24991150404585027,0.2502395281737054,1.2043425234864458e-07,0.5873074901462175,0.189311095437064,0.6450721152998098,0.7976965448630146
17.9,0.2498856281094146,0.24998582576888215,0.2499246713025584,0.2502038748191449,8.730464362560753e-08,0.5845530889159471,0.11880724191398201,0.5817937472757275,0.7999748918453358
18.0,0.24982622254724735,0.249977829878977,0.24988519940709444,0.25031074816668114,2.0256197752477334e-07,0.6109264105086781,0.12408195527943187,0.6179243139197358,0.8178607346891453
18.1,0.24978656642999955,0.24997247329055045,0.24985883965188252,0.2503821206275674,3.061383545555074e-07,0.6250473431421629,0.20344984260204846,0.6588920914743458,0.8099071748782979
18.2,0.24981638210546106,0.24997651574068114,0.2498786665565694,0.25032843559728835,2.2625027173983625e-07,0.6133053485812311,0.1366307808926009,0.5824613411141086,0.8119965119851043
18.3,0.2497683074426978,0.2499700174078447,0.2498467084264992,0.25041496672295827,3.609692531547637e-07,0.6317979161109021,0.14285371526031562,0.6051366155097457,0.804496317367717
18.4,0.2497635256182916,0.24996938303835708,0.2498435362004429,0.2504235551429085,3.7605501024273735e-07,0.6358671825909914,0.1287616650464815,0.5963539172634404,0.8011970749613704
18.5,0.2497850484045971,0.249972292284934,0.24985784364511565,0.2503848156653533,3.104782417828744e-07,0.6260966395503565,0.2053551127137744,0.5857782777984937,0.8317839144672119
18.6,0.2497415970499257,0.24996641273969944,0.24982895555182405,0.2504630346585508,4.4933816878423016e-07,0.6440964243032413,0.16028223108051856,0.5868401112597936,0.815164058521906
18.7,0.24970476971218958,0.24996143397273715,0.24980447379214668,0.2505293225229266,5.870476690317261e-07,0.6576207957345341,0.18334826107775506,0.6139354515039886,0.828432900286689
18.8,0.24968474282620814,0.24995870642823456,0.24979114954767354,0.2505654011978838,6.697063895666489e-07,0.6625413825576364,0.2584687483540937,0.6404557985372912,0.8138581799892648
18.9,0.2497337104104073,0.24996534897031433,0.2498237140360012,0.25047722658327726,4.772768003036276e-07,0.6440070230030072,0.16892153447261418,0.5471253307904724,0.819213737946636
19.0,0.24967938631273678,0.2499579947433478,0.24978759547170615,0.2505750234722093,6.926831729314742e-07,0.6675055606273882,0.1661970418839592,0.5890066039408136,0.825273748462931
19.1,0.24965451271627156,0.2499546129701833,0.24977104982807574,0.2506198244854694,8.047043728032222e-07,0.6744717854375721,0.25470756222104185,0.6293715626013847,0.8208430603345152
19.2,0.24963763208422543,0.2499523216960157,0.24975982308009131,0.2506502231396675,8.854935522606411e-07,0.6774551281069141,0.2318790922049664,0.6189905893757306,0.815439410749516
19.3,0.24962277154191434,0.24995031182660354,0.24974994375487325,0.25067697287660895,9.597855746834583e-07,0.6822093192537,0.22904548179285902,0.6206783238101119,0.8273627929449745
19.4,0.24961957549886266,0.24994987997077206,0.24974781923488018,0.25068272529548513,9.761528366736272e-07,0.6844907456760192,0.22737809082415733,0.6185692550456975,0.8194261050936632
19.5,0.24963374554442644,0.2499518055518382,0.24975724446715988,0.25065720443657563,9.046019021630158e-07,0.6791698569073336,0.21164625060118497,0.595833070796528,0.8153755620502321
19.6,0.24962194833722412,0.24995021089085795,0.2497494021530763,0.2506784386188416,9.63951427346288e-07,0.6848003994644667,0.20422312034403106,0.607510249365813,0.8272890103705568
19.7,0.24966193815685048,0.24995562986918377,0.24977599312973003,0.2506064388442358,7.703613762455319e-07,0.6699814729935185,0.21539623322353163,0.5791874220677593,0.8060375081496486
19.8,0.2496697751637193,0.24995669619575417,0.2497812066638197,0.25059232197670683,7.349483525098677e-07,0.6654473566438422,0.18195602156858018,0.5568647103854514,0.8225751463504141
19.9,0.24965967909710382,0.24995531598031442,0.24977448675633213,0.25061051816624963,7.807448576535592e-07,0.669611525246885,0.1985546819038256,0.5778736489483894,0.8026325179220328
20.0,0.2496847822846885,0.2499587156857405,0.2497911778758249,0.25056532415374616,6.695267565914875e-07,0.6574430330148274,0.19409290798250892,0.5556992580461263,0.8046314788476283
20.1,0.24966571245702043,0.2499561302153268,0.24977849679412994,0.25059966053352284,7.532439622037757e-07,0.6650228087880886,0.19735388697993841,0.582712072079632,0.8158835267785685
20.2,0.24970097975766353,0.24996090397250847,0.2498019446899913,0.25053617157983665,6.023118889197931e-07,0.6515647361260724,0.2219594013751269,0.5680848888177834,0.8110371857385632
20.3,0.2498343036458572,0.2499789008062517,0.24989055957468118,0.2502962359732099,1.841010203174065e-07,0.5950282443415053,0.10136052937374314,0.4124452054244377,0.8049984230568137
20.4,0.24979993640238077,0.24997428006067085,0.2498677270796418,0.25035805645730663,2.6883560089174807e-07,0.6151791594714032,0.12771976754710518,0.47774063771313635,0.8571753411246291
20.5,0.24975221248553112,0.24996782591387892,0.24983600037643908,0.25044396122415086,4.131062342205283e-07,0.6381231794041972,0.2179210791820693,0.5795255300573596,0.8481559550330945
20.6,0.24986810534990592,0.2499834412052307,0.24991301398162338,0.25023543946324006,1.1636453822738702e-07,0.5844889889343642,0.19071928794629706,0.47041091978477495,0.8277378646779283
20.7,0.24985882595158487,0.24998218571547476,0.2499068447788883,0.25025214355405206,1.3343155036427135e-07,0.5879142190937016,0.14417686073739436,0.47389928891432187,0.8218713859958025
20.8,0.2499018191760266,0.24998795890104908,0.2499354040972959,0.25017481782562834,6.42221005264787e-08,0.5675915686034151,0.1996763866112296,0.4724808092604494,0.8278158340178008
20.9,0.2500089181993546,0.2500023283720957,0.2500065407771473,0.24998221265140258,6.443556799240469e-10,0.5246075705132983,0.1258002715622343,0.3683202570613563,0.8381842439938959
21.0,0.24998062354227557,0.2499985140730182,0.24998773726863524,0.250033125116071,2.348370831128932e-09,0.5385620764027027,0.1482276757112826,0.43078993374003927,0.8146703639481003
21.1,0.2499971635850321,0.2500007141215777,0.24999871297315807,0.250003409320232,3.510824964081394e-11,0.5257073219485379,0.2321918980141732,0.4625163666103097,0.8218190509486554
21.2,0.2500153172310329,0.2500031494299694,0.25001077069299654,0.24997076264600124,1.7570495058905067e-09,0.5203954422205497,0.1928541102398404,0.45129315323830665,0.8244597590547523
21.3,0.2501263775672421,0.25001798003989706,0.2500845001777876,0.24977114221507327,1.093933958973281e-07,0.47260880467779565,0.11782859082382824,0.34399749103250915,0.7922105770479678
21.4,0.25017628100993855,0.2500246285793866,0.2501176211189515,0.24968146929172322,2.120967002028351e-07,0.44901372294627057,0.1198100407889729,0.3212702861345437,0.8238831242945702
21.5,0.2501512888128703,0.25002128163961646,0.2501010243788862,0.24972640516862696,1.5642433714990744e-07,0.4649620252079696,0.18679399498741178,0.40214543958063137,0.827423603428595
21.6,0.25012519987974946,0.2500177880594112,0.2500836994533218,0.24977331260751742,1.0733482447289333e-07,0.47257387616046903,0.23731421471664332,0.46486975297493555,0.823381963798891
21.7,0.2503405269488834,0.25004633893311423,0.2502265374802843,0.24938659663771812,7.876122171124322e-07,0.3686668337233011,0.1855016476699499,0.2548149718869222,0.8111804481862575
21.8,0.25034208968482,0.25004656801863073,0.25022758607950407,0.2493837562170452,7.949126841211296e-07,0.3767721183559859,0.12711519818383876,0.2714249155587095,0.8293862530739703
21.9,0.2503561243604832,0.25004842011514,0.2502368912439348,0.24935856428044195,8.612934131457806e-07,0.37605052152587937,0.2230679511521706,0.33228819921068886,0.8194689681633637
22.0,0.250503406204439,0.2500678348824483,0.25033452910331155,0.249094229809801,1.7184281493332065e-06,0.3040350102562589,0.17536624310617538,0.192668691654439,0.813393976181065
22.1,0.2504243331660827,0.25005740044489433,0.25028210307632404,0.24923616331269896,1.2217430370720095e-06,0.3483671865026748,0.19012880007973113,0.3159015401445024,0.8427511530361629
22.2,0.25042167261107323,0.2500570371110174,0.25028033243333425,0.24924095784457498,1.2064526869748349e-06,0.34645582409404097,0.34922774527536454,0.40000935953387495,0.8374212622777513
22.3,0.2506257016043371,0.25008382439974236,0.2504155308457315,0.24887494315018904,2.6522949346796665e-06,0.2458014057234067,0.2532302737669576,0.17701702311171186,0.8054592231012969
22.4,0.2507057840720665,0.2500943281062074,0.25046859125373994,0.2487312965679861,3.3735130755552234e-06,0.22000007135741348,0.1353335429586452,0.09612799564992877,0.8113519361100849
22.5,0.2506462470136609,0.25008652020417804,0.25042914425830515,0.24883808852385586,2.82906344140077e-06,0.2499231751714251,0.2632135383530402,0.2373866847587215,0.8460599520889597
22.6,0.2506744312666616,0.25009022451408197,0.25044782252655806,0.24878752169269833,3.080878822947497e-06,0.24770754059868375,0.2905785650032275,0.25659208962574415,0.814426130208254
22.7,0.25062932882749894,0.25008431583801394,0.25041794276770346,0.24886841256678366,2.6831806535509983e-06,0.26003170218285104,0.23195332111169867,0.27767512689439483,0.818419641133978
22.8,0.25071952986767865,0.2500961163573854,0.2504776908698671,0.24870666290506888,3.505926603697418e-06,0.21699188265704597,0.251858567692683,0.21113814493302163,0.8047150559172856
22.9,0.25068572009897494,0.2500916950781454,0.2504552967186134,0.24876728810426632,3.1846684588332508e-06,0.23198041096004765,0.21867679414895438,0.24476908692211805,0.8238392261319798
23.0,0.2506317042525161,0.2500846338955825,0.2504195202512126,0.24886414160068882,2.7034817291493596e-06,0.2684515877607596,0.2417082540368483,0.33530660261686057,0.8081429063608215
23.1,0.25062723695148403,0.2500840505949588,0.2504165617947303,0.2488721506588269,2.665454946093604e-06,0.2591029915328454,0.26164394813713426,0.33688285288784947,0.8001760473732225
23.2,0.25072865163735936,0.25009733569440323,0.2504837472781694,0.24869026539006803,3.595430535630051e-06,0.21422678461030928,0.15223213837947489,0.2082029844153484,0.7896200078071628
23.3,0.2506762826023821,0.2500904877140476,0.25044906040441306,0.24878416927915717,3.097923649386658e-06,0.2361805955563394,0.17500031562381427,0.27813283000257305,0.8463080135024161
23.4,0.25067708566159125,0.25009057524664713,0.2504495827559108,0.24878275633585087,3.1051607657373026e-06,0.23839146634605662,0.3136364281839896,0.34890775561248255,0.8112275184692146
23.5,0.25068304894518906,0.25009136379292324,0.2504535373601858,0.2487720499017019,3.160062652551865e-06,0.23623935945607177,0.2126792642412752,0.3058658425351589,0.7939202014794544
23.6,0.25066976328189083,0.25008962715626026,0.2504447378978871,0.2487958716639617,3.0385328992910132e-06,0.23978145807832923,0.20604745180356254,0.3126418870688141,0.7969776619383547
23.7,0.25066044786100306,0.2500884125180513,0.2504385696981512,0.2488125699227945,2.9547620566949817e-06,0.23852593004621692,0.2587046013120346,0.3388172510705949,0.8567385531740809
23.8,0.2507431976940576,0.25009921882460473,0.25049337157995016,0.24866421190138752,3.7400624701700025e-06,0.21015426915143273,0.2785523220248284,0.28781427360705236,0.796993753631504
23.9,0.2507121355446869,0.2500951587247758,0.2504727983501786,0.24871990738035873,3.4344095856120305e-06,0.21984172394796875,0.2105690818998352,0.28054499597606425,0.8283739893123906
24.0,0.25069985470214945,0.25009354659753374,0.25046466066372003,0.24874193803659675,3.3171164901535377e-06,0.22716077920928027,0.30248692273086253,0.3337595913396147,0.8362517604664106
24.1,0.2506775935285096,0.25009064045060053,0.2504499184899403,0.24878184753094942,3.109805248313613e-06,0.24093517101118703,0.3037791934063157,0.3578445451180302,0.8311672726620718
24.2,0.2506907809746079,0.25009238285429786,0.25045866306447234,0.24875817310662188,3.231943585757513e-06,0.24255080858560668,0.25017866829867225,0.32132057488828714,0.8026584707294592
24.3,0.250648208712613,0.2500868115398352,0.2504304627175515,0.2488345170300003,2.8464487891177725e-06,0.24993453472297553,0.22347919988986586,0.3227199610031075,0.8459620096400539
24.4,0.25066007076809815,0.2500883408096848,0.2504383076531895,0.24881328076902762,2.9512545349774655e-06,0.23667402712863214,0.3908866277999174,0.3643487296739186,0.8683215124766017
24.5,0.25069540849028515,0.25009296284190247,0.2504617143617427,0.2487499143060698,3.275153231618866e-06,0.23748216157938257,0.3655791219684497,0.33031324516663313,0.8217802458068606
24.6,0.2506389785996425,0.2500855847817551,0.25042433825511096,0.24885109836349156,2.765986121477937e-06,0.26088185342351783,0.25515017935834466,0.31490971754352187,0.8456333556742182
24.7,0.2506061446170745,0.2500812816493498,0.25040258523493764,0.24890998849863816,2.489466604194135e-06,0.2693787392193944,0.333932896776927,0.3596578920496686,0.8612879756324643
24.8,0.25055747401449074,0.2500748974860148,0.250370337189341,0.2489972913101535,2.106351617792157e-06,0.3043854758326593,0.3599934363224285,0.41574320554215194,0.8351551203060407
24.9,0.2505031751500676,0.2500677688215854,0.250334356583542,0.24909469944480497,1.7166843589988545e-06,0.325253127815574,0.3041835345426276,0.4078741839379908,0.8272514368065591
25.0,0.2504698484186305,0.2500633896610874,0.25031227085440244,0.24915449106587964,1.4972360349307934e-06,0.3321678266181994,0.29044722455197486,0.3949635107387113,0.8316703931367182
25.1,0.2504433062723611,0.2500598914496562,0.2502946755271977,0.24920212675078504,1.3331558311735492e-06,0.3382776390940329,0.33570071394495615,0.4081311022475786,0.8557684809744928
25.2,0.25044377342223023,0.2500599386423127,0.2502949773353686,0.24920131060008843,1.3359007954294455e-06,0.3365297345557935,0.4128486675796803,0.4123225729848709,0.8478202385712756
25.3,0.25040694424523857,0.25005508057680065,0.2502705603134758,0.249267414864485,1.1237619726989223e-06,0.3615948170289176,0.35499931617803343,0.40600808396989446,0.8252336520722068
25.4,0.25036741795230427,0.2500498659569322,0.2502443547377628,0.24933836135300091,9.164879093415124e-07,0.3722653584546,0.32362207483417027,0.39010333994906654,0.8496098495491967
25.5,0.25034993515975507,0.25004754854531225,0.2502327578134139,0.2493697584815189,8.315098507516439e-07,0.37797704003989846,0.38472406656798075,0.40276047774482526,0.8433477628462193
25.6,0.2503391009656391,0.2500461037142423,0.2502255663606447,0.24938922895947388,7.808958325528081e-07,0.37694374938854974,0.4242418028576757,0.39400355868255715,0.8607133780209101
25.7,0.25027302840656923,0.25003735351849793,0.2501817426301751,0.2495078754447576,5.067944383041478e-07,0.4290921571302353,0.40456138839597433,0.44216744961853155,0.8208682495490252
25.8,0.25021686506871893,0.25002991148644516,0.2501444890978569,0.24960873434697894,3.202145941738621e-07,0.43999909438452744,0.32412517126673823,0.40079198942411604,0.8370550416382309
25.9,0.2501791961174355,0.2500249079090748,0.25011949636583763,0.2496763996076522,2.1895204760369325e-07,0.4566060778611928,0.3607853865646415,0.4180601484108762,0.8268644286097996
26.0,0.2501359196730635,0.2500191481755941,0.2500907769883506,0.2497541551629918,1.2629197077007603e-07,0.4740055215834479,0.3727187543744716,0.42709426213664975,0.8363605436865539
26.1,0.25009788229010943,0.2500140719452834,0.2500655268611541,0.2498225189034531,6.575890476590018e-08,0.4921632360538555,0.4114707261966522,0.4383733470607362,0.8197910504846824
26.2,0.2500544587735361,0.25000827928429703,0.2500367025905609,0.24990055935160596,2.0592100802296898e-08,0.5058493349778922,0.3470399339542229,0.4059061237227345,0.8220330188719058
26.3,0.24996706171759256,0.2499965955044438,0.2499786752991243,0.25005766747883945,7.039063443237126e-09,0.5594865511432477,0.3061181365349557,0.45312260665879145,0.7939161040538711
26.4,0.24990112501617992,0.24998776763985314,0.24993488950104148,0.25017621784292543,6.523126061530604e-08,0.5772070940791696,0.2920455385263416,0.45400287269599887,0.8146773901649732
26.5,0.2498638879027898,0.24998276995898913,0.24991015521094304,0.25024318692727804,1.2410497784998142e-07,0.5883787425779357,0.3718885738423066,0.4772357047039503,0.8355715664197173
26.6,0.249847294370936,0.24998052948588007,0.24989912582725188,0.250273050315932,1.564049978419746e-07,0.5946692646003616,0.3994723230873042,0.4609559925894283,0.8078414245062281
26.7,0.2497657353243237,0.24996955644151195,0.24984493666256208,0.2504197715716023,3.6930927060918606e-07,0.642625149631547,0.2756219446812637,0.4645604351606434,0.7969396109019024
26.8,0.24972121577757667,0.24996356174205572,0.2498153544152285,0.2504998680651392,5.235308931927918e-07,0.6537595859626715,0.2722277133742744,0.4516895839282876,0.7959106928425026
26.9,0.2496731890035366,0.24995707301849815,0.24978342984310786,0.25058630813485744,7.200524493322646e-07,0.6724385065608376,0.2681770010044588,0.45894730770836656,0.7956467202956693
27.0,0.24959285194845185,0.24994619615021232,0.24973001541267426,0.2507309364886617,1.1186993708056647e-06,0.7175691694227071,0.28449986864302573,0.5207503726714728,0.7991112636019057
27.1,0.24954116981962854,0.2499391898694489,0.24969564811337175,0.25082399219755086,1.4214020492842039e-06,0.7338492325146193,0.3029392140961209,0.5232906358380768,0.8055910921632873
27.2,0.24948470860330899,0.2499315100894739,0.24965808889709326,0.25092569241012386,1.7935713448880009e-06,0.7527652334971611,0.26994808473551674,0.5170566879879404,0.800363122272126
27.3,0.24944221168710207,0.24992572432962254,0.24962981609527862,0.2510022478879968,2.102214932020452e-06,0.7688673406061716,0.28618440091679825,0.5279219408731728,0.8057708920713444
27.4,0.24945896259808656,0.2499280253340896,0.24964097143096234,0.25097204063686157,1.9775313185865784e-06,0.7661580314565677,0.23934172072572418,0.4705888461973377,0.7681153152590854
27.5,0.24943420485446552,0.24992464776389378,0.24962449656762026,0.2510166508140204,2.1630342540435166e-06,0.773069048817437,0.22965170024119458,0.45470806228410643,0.7764838869782603
27.6,0.2493811792928021,0.24991739424156187,0.2495892004740872,0.2511122259915488,2.588407511217028e-06,0.7933542867336368,0.26022510875524607,0.4871466831715109,0.7819229373455241
27.7,0.24935083220694343,0.24991324198366358,0.24956899960278653,0.2511669262066066,2.849013355676888e-06,0.8044986685794663,0.2746696970195096,0.4949152159623379,0.7714513173706695
27.8,0.24932014578370565,0.24990904895779714,0.249548575935588,0.2512222293229092,3.1251939459631117e-06,0.8185427566118538,0.28150636131692813,0.5025434206077037,0.7894286451881276
27.9,0.2492914270075952,0.2499051315564867,0.24952946552527352,0.2512739759106445,3.3951819609079337e-06,0.8317253316083066,0.3077577980882577,0.5189017217200965,0.8324098805045308
28.0,0.24927275219943412,0.24990256889601584,0.24951703035270142,0.25130764855184856,3.5768459849538914e-06,0.8414983096527274,0.3307049199137714,0.5242447909971258,0.8150627232721901
28.1,0.24930147714824968,0.24990653398535037,0.2495361703268653,0.25125581853953466,3.299221373542771e-06,0.8329028686945931,0.22629211133535748,0.4429574241154112,0.8070300604980705
28.2,0.2492663720402717,0.24990172315834455,0.2495127981213622,0.2513191066800215,3.639788902609631e-06,0.8493147946441969,0.2105657884715773,0.45756989612570487,0.8076613041851121
28.3,0.24921850681072177,0.24989513656932916,0.24948091577102716,0.25140544084892186,4.13126881992909e-06,0.8657824041229614,0.2543723057940004,0.5021000299987045,0.8027502682309198
28.4,0.2491968514548265,0.2498921514200346,0.24946648860075482,0.251444508524384,4.363877912694214e-06,0.8701633901709306,0.3073121762338357,0.5224681633885789,0.8083654314575335
28.5,0.2491790847914994,0.24988970947569136,0.24945465603056924,0.25147654970224004,4.559413851135119e-06,0.8763614005793677,0.30842775521900706,0.5246337098246641,0.8166968943720311
28.6,0.24915967634009265,0.2498870483897647,0.2494417335797714,0.25151154169037127,4.777859695437314e-06,0.8848879148976405,0.28266331353615953,0.5222944226783272,0.828654702775208
28.7,0.24914504430026138,0.24988503826159592,0.2494319892062315,0.25153792823191123,4.945953295476535e-06,0.8922175632096667,0.27848593308031366,0.5320256269771033,0.8227963131925516
28.8,0.24913876031036641,0.24988418024104228,0.2494278071751479,0.2515492522734434,5.018992407790357e-06,0.8948587935248192,0.3029580962365077,0.5477205878483581,0.8411050751438298
28.9,0.2491295287155228,0.24988291008413935,0.24942165822888251,0.2515659029714553,5.1273408608887294e-06,0.8993036051150317,0.33722011510246475,0.5685102822917181,0.8539775898018839
29.0,0.24913252436265337,0.2498833298857029,0.24942365770135516,0.2515604880502885,5.091992837047421e-06,0.8998858648184405,0.3076546717582358,0.5536378330899914,0.8458932024668651
29.1,0.24916011217516798,0.24988714817376573,0.2494420455211138,0.2515106941299526,4.77258164377492e-06,0.8895830338725595,0.23498102128452136,0.5047093366837136,0.8410973159087433
29.2,0.24915903724454955,0.2498870044752966,0.24944133182095427,0.2515126264591996,4.78479346166516e-06,0.8903486829619974,0.22060000489000506,0.5087157463257159,0.8382296841969049
29.3,0.24914435361715245,0.24988496742035518,0.2494315423078278,0.25153913665466454,4.953765879722738e-06,0.8939373949678131,0.2484071051411011,0.5375974064168333,0.821624463792946
29.4,0.2491370010233214,0.24988394163439598,0.24942663723396236,0.25155242010832024,5.039523429339887e-06,0.8911644683623576,0.27696872905302233,0.5561067223264322,0.8219214509369335
29.5,0.24913916781764736,0.2498842325078376,0.24942807654651805,0.2515485231279969,5.0142670318109595e-06,0.8874403739107113,0.2836740033230417,0.5628024095744112,0.8167068030023354
29.6,0.24916005718007836,0.2498871131701771,0.2494419940010596,0.2515108356486849,4.773424634119117e-06,0.8774464640543703,0.2651057851671658,0.5471279077582626,0.8206737555091852
29.7,0.2491836065643904,0.24989035131462858,0.24945767860993767,0.25146836351104346,4.509085544501801e-06,0.8679810555162976,0.24661772518704667,0.5361521270666832,0.8027872079043323
29.8,0.24919153930462504,0.24989144454359757,0.24946296339496998,0.2514540527568073,4.421716354174876e-06,0.8630887380177585,0.2586734469133163,0.5501962302948415,0.8254568993457065
29.9,0.2492055065517821,0.24989337161244768,0.2494722695564423,0.2514288522793278,4.269943420620592e-06,0.860525565799992,0.27194502770900153,0.5682346888131543,0.8367873689902793
30.0,0.2492168297832562,0.2498949267666713,0.24947981017543333,0.2514084332746391,4.148897210343172e-06,0.8559236191037308,0.29962877579189406,0.5886506074053343,0.8415794437949949
30.1,0.24926161414589162,0.24990106952395472,0.2495096295940385,0.25132768673611505,3.6872437286783466e-06,0.8368471588767554,0.27607037154113395,0.5580814474792648,0.811928668793949
30.2,0.24933438138155753,0.2499110532113707,0.2495580827241728,0.25119648268289896,2.9951147600959516e-06,0.8067431123335832,0.20405738623524725,0.4910570594827914,0.8188762988053331
30.3,0.2493933207464146,0.2499191242559972,0.24959731996079937,0.2510902350367889,2.487247526272718e-06,0.7872167322708108,0.14506567936501147,0.4506754780865469,0.8143986568914976
30.4,0.24939839671606107,0.24991981151860268,0.24960069489669856,0.25108109686863783,2.445756774771546e-06,0.7844093461824452,0.16739243851555638,0.48139818996933675,0.8137153730219209
30.5,0.2493960052213894,0.2499194745748394,0.24959909769163596,0.2510854225121352,2.4653360041204664e-06,0.7814239429120776,0.20394910355076482,0.5167050170234044,0.821163363445193
30.6,0.24943762302494518,0.24992517411951043,0.24962680384601452,0.25101039900952987,2.1366104950848452e-06,0.7673811467846405,0.15961161709789645,0.4935051256267923,0.8255501731862088
30.7,0.24957323577220653,0.24994363261628838,0.24971702322290978,0.2507661083885953,1.2289467690163036e-06,0.7088806911040484,0.07248337974493986,0.36684525422928455,0.8079988959620967
30.8,0.24975357740254958,0.2499680145314877,0.24983690974311526,0.25044149832284746,4.085424063493548e-07,0.6215166470744199,0.044425386697871876,0.21495904631980162,0.8204938330024918
30.9,0.2498930766520156,0.2499867691312679,0.24992958779965804,0.2501905664170584,7.628462184161577e-08,0.5630826681407022,0.06600724998979907,0.14200791155776615,0.8133245843742809
31.0,0.2499062253767552,0.2499885084757765,0.2499383078420725,0.25016695830539576,5.857983120804988e-08,0.5625430163005255,0.1783875425510297,0.22111683224446127,0.8294006467647085
31.1,0.24989746995350362,0.24998728736659603,0.24993246710494568,0.2501827755749546,7.016956593552948e-08,0.5667206646100951,0.2904715266179979,0.3076969638649879,0.8042946153969284
31.2,0.24989535994552717,0.24998697562726924,0.24993105001622032,0.2501866144109833,7.313601158021044e-08,0.5611528491045603,0.37997795214402125,0.36137781815147213,0.8183303070109598
31.3,0.2499335039931228,0.24999210366025776,0.24995639142311332,0.2501180009235061,2.9302305026845943e-08,0.5482916924943859,0.3160720703040257,0.3299802559849479,0.7988176931339185
31.4,0.24999952206065942,0.250000972235664,0.25000024751665445,0.24999925818702215,6.182276912625184e-12,0.5202019505429094,0.2163755079154235,0.25456293747207515,0.8008724176625579
31.5,0.25002236051582427,0.25000403066513033,0.25001541398747973,0.24995819483156573,3.6126232005884162e-09,0.5112491569761843,0.20978651748580912,0.25799414133974813,0.8018450448841125
31.6,0.2500331214837556,0.25000544484673876,0.25002254545226343,0.2499388882172421,7.750687092134001e-09,0.5056416314332678,0.25813660735810007,0.2931480261490532,0.77115703702712
31.7,0.25004893646820003,0.25000753820484295,0.2500330344399304,0.24991049088702666,1.667468274568762e-08,0.4918590142348389,0.3197861267898722,0.31636511762796915,0.7796190340188057
31.8,0.2501528680386046,0.25002140766353215,0.25010202631920014,0.24972369797866323,1.595671959009337e-07,0.44798825693786165,0.23037972503044654,0.21234383241275392,0.7677669103895909
31.9,0.25031351302410243,0.2500427396298488,0.2502086079835348,0.24943513936251405,6.678116106773047e-07,0.37520672526302207,0.13634276686900831,0.05139027558395435,0.7931843630257969
32.0,0.2504141140942906,0.2500560378731104,0.2502753198230682,0.2492545282095308,1.1636676687798442e-06,0.3387538542592091,0.13245258703091195,0.0,0.791731808271438
32.1,0.25046385042933905,0.25006257885223454,0.250308283300141,0.24916528741828536,1.459234022394007e-06,0.32793454424342594,0.17298132703050184,0.016372261224845044,0.7588368406988819
32.2,0.2504937125734654,0.25006649020047894,0.25032806617961234,0.2491117310464432,1.6526837953723117e-06,0.31356777964139715,0.24464060145870528,0.037381497986241324,0.7632323627832959
32.3,0.2505275522058758,0.2500709437773242,0.2503504956412223,0.24905100837557767,1.8865653320654374e-06,0.30204571171624617,0.21922784721114022,0.017350518671780505,0.7676977431327175
32.4,0.25047801995339947,0.250064427269409,0.2503176661689995,0.24913988660819208,1.549489953345251e-06,0.33423358446587953,0.19261594470955293,0.0786719801106238,0.7628082604619102
32.5,0.25038312752390196,0.25005189746926976,0.2502547474935007,0.2493102275133275,9.961895164334322e-07,0.37711715450204547,0.23002091764728186,0.18866701678364745,0.763589758453045
32.6,0.25033791242090697,0.2500459246354996,0.25022476612190286,0.24939139682169065,7.753739599269949e-07,0.38927280348871185,0.27910290841223,0.24065123631727325,0.7536413715026326
32.7,0.250337596470193,0.2500458952580225,0.2502245633742009,0.24939194489758362,7.739678027363084e-07,0.3817933798759696,0.23992160491138914,0.21507290743669913,0.7353803362906152
32.8,0.25031456941192964,0.2500428534631777,0.2502092945393565,0.24943328258553635,6.722307118733895e-07,0.3872221990959548,0.21152423956760857,0.21810542961437906,0.748884525472486
32.9,0.2502923429760609,0.2500399160571093,0.25019455583548256,0.24947318513134725,5.808262004691755e-07,0.39981084677735357,0.20939812437508257,0.24401298192698673,0.741174649080385
33.0,0.2503715709737445,0.25005043315050807,0.25024711858155485,0.24933087729419268,9.373407913182419e-07,0.3702779724316452,0.09985995095902526,0.13810772695984425,0.7097605485153323
33.1,0.2504646979329257,0.2500627459256951,0.25030887547328223,0.24916368066809697,1.4648054523780374e-06,0.3262683543219758,0.00278221475610782,0.009869009453594616,0.7341695092548493
33.2,0.2503962318884877,0.2500536852207117,0.25026346776642855,0.24928661512437195,1.0655671480730433e-06,0.3600119452800811,0.09905882003915217,0.11731678941431418,0.7616897102125817
33.3,0.25035311907034324,0.2500479702666397,0.250234869541609,0.249364041121408,8.466764911396751e-07,0.38080383382634375,0.21346222675919285,0.2052890640400661,0.7614648145287349
33.4,0.2503305338495695,0.2500449700377418,0.25021988449439114,0.24940461161829766,7.420260789148259e-07,0.3872560089121901,0.2596254004699561,0.23142169609016364,0.7478288423682073
33.5,0.250314762970824,0.25004287880648257,0.2502094227581062,0.2494329354645872,6.730553278044837e-07,0.3867927432807558,0.26130279906527704,0.22432542710427134,0.7749330265293617
33.6,0.2502923229491513,0.2500399078039939,0.25019453947684533,0.24947322977000944,5.807312657424291e-07,0.4070307306698661,0.27191036918192124,0.2551218693170902,0.7469241326308762
33.7,0.25030752840191045,0.2500419609907916,0.2502046462805072,0.24944586432679086,6.42663276040345e-07,0.4062452833240223,0.13644461904479716,0.17845879348644214,0.7240401101199282
33.8,0.2502331909697934,0.25003210712688595,0.25015533577122084,0.2495793661320998,3.701246025222815e-07,0.43436720137364115,0.12356015132659766,0.21321581959900238,0.7783778431107
33.9,0.25019377985349983,0.25002686564113896,0.25012918359794095,0.24965017090742028,2.559170986238257e-07,0.45102681050451154,0.2053265528870913,0.2664165517236586,0.7596376979266319
34.0,0.25016691958433523,0.25002329918782235,0.25011136300429665,0.24969841822354577,1.901318043007194e-07,0.4592090145119753,0.192875592211005,0.2586303096100362,0.7672837403795314
34.1,0.2501231500680423,0.2500174803145992,0.25008231995786145,0.24977704965949707,1.0382928017360626e-07,0.4795824807697633,0.19286262793121237,0.2795266554270985,0.8062990872178475
34.2,0.250098074605761,0.250014133525953,0.2500656740578815,0.24982211781040445,6.604933244780398e-08,0.4940725070009277,0.2695310664849006,0.32114243015401606,0.7895719945312201
34.3,0.25009361412821396,0.2500135307034033,0.25006270895035215,0.24983014621803054,6.021378429199586e-08,0.48585386209437215,0.29163149015581824,0.29453116515227623,0.8123394063005832
34.4,0.25007228891407346,0.25001067740002714,0.2500485487244879,0.2498684849614115,3.606413567780464e-08,0.5049953506969435,0.28270447104737556,0.3010174351977195,0.766273655146041
34.5,0.25001671794211655,0.2500032688441273,0.25001166354285614,0.24996834967089998,2.0637613840079894e-09,0.5299795709150881,0.18065767682250966,0.2770682534412399,0.7872894091429633
34.6,0.24998615023834195,0.2499991798702948,0.2499913667461393,0.2500233031452238,1.1722556259030625e-09,0.5323401057003676,0.25620678537598873,0.293634116065128,0.8420270324733267
34.7,0.24998387075248754,0.2499988554368687,0.24998984250884418,0.2500274313017996,1.615231504104031e-09,0.536806472254057,0.38937403529471887,0.3348605508111573,0.8257135108225488
34.8,0.24995855937610895,0.24999545881265267,0.24997302999109605,0.25007295182014233,1.1237729746760294e-08,0.5509509211139062,0.35182070635981505,0.3160454396293073,0.8182440555720584
34.9,0.2499339879520909,0.24999216178062764,0.24995670912444387,0.25011714114283756,2.887702021947547e-08,0.5609314559301624,0.3185069078546515,0.2911070078571146,0.7959644824632442
35.0,0.24990057720665576,0.249987686309877,0.24993452118015366,0.2501772153033135,6.596871360287082e-08,0.5691595189843565,0.3173620525423122,0.27850332128192734,0.8607064523731757
35.1,0.24989131579039575,0.24998642667119758,0.24992836030217944,0.2501938972362272,7.894408071695835e-08,0.5748710038265386,0.4281582086262757,0.31056459814995274,0.8507896109985981
35.2,0.24989887911968398,0.24998742039825123,0.24993337246870237,0.25018032801336243,6.829366228089384e-08,0.5639109581693222,0.48664664321413914,0.28674260992711653,0.8720538384649718
35.3,0.2499124351708419,0.24998922134818868,0.24994236680083493,0.2501559766801345,5.111855638784135e-08,0.563991831229417,0.4938106049175471,0.25730495182224017,0.8276508119379223
35.4,0.24989008312039648,0.24998621895660184,0.24992751837871466,0.250196179544287,8.080009195055027e-08,0.5710930109319675,0.430798069557018,0.21257554629480083,0.8585251476511712
35.5,0.2498313102478552,0.24997831474043986,0.24988847044354717,0.2503019045681578,1.9113659444069953e-07,0.608223903618877,0.47714665719245974,0.27490869401671447,0.8689794701991473
35.6,0.2497082037945479,0.24996171997637695,0.24980665915412295,0.2505234170749522,5.73919763491304e-07,0.6868206835856724,0.4311255283474363,0.3687436781901096,0.8304048426104136
35.7,0.24963317197340293,0.24995158697096578,0.249756786007772,0.2506584550478593,9.079316788396241e-07,0.7027437999963096,0.3911692879120322,0.35005978735635823,0.818245395153244
35.8,0.24959663231085494,0.24994664367271321,0.2497324936245077,0.2507242303919242,1.0982253048075208e-06,0.7076239339751412,0.37544854393638283,0.32089126027961584,0.8016910616640605
35.9,0.2495687177206018,0.24994285676286887,0.24971392968858996,0.2507744958279394,1.2558261011097471e-06,0.7105829072576966,0.40348834044828663,0.31210106600889026,0.8370372663886949
36.0,0.24957129474277573,0.24994319079136412,0.24971563496964572,0.2507698794962145,1.2408973065758389e-06,0.7108485554678897,0.4757988354843042,0.314545140440227,0.8025591335677563
36.1,0.24957642704518912,0.24994388555477878,0.24971904724913646,0.25076064015089566,1.2113136045321937e-06,0.7078913648922841,0.4064975851082189,0.24784643822427987,0.7788139216553316
36.2,0.24947605452829363,0.2499302403467193,0.24965228133608727,0.2509414237888998,1.8548916493887901e-06,0.7648338973029088,0.3472414176639923,0.30277759885211647,0.8070398889427007
36.3,0.24941958815192342,0.24992254664150293,0.24961471149786177,0.25104315370871194,2.277040087705906e-06,0.7841433363666127,0.4281393518415776,0.3483861406042945,0.7984573927866372
36.4,0.24937064841732173,0.24991586635025712,0.24958214290414538,0.2511313423282759,2.6779434812995717e-06,0.8013916759849543,0.3938968198813576,0.3389723954163331,0.7781360605116387
36.5,0.24930289658897503,0.24990660787945693,0.24953704957016087,0.25125344596140714,3.286595271045911e-06,0.8332848145923617,0.3427032282710919,0.3512145514110937,0.7776635345755905
36.6,0.24926369600877335,0.2499012435398585,0.24951095491091282,0.25132410554045526,3.667219341529915e-06,0.8423839715537019,0.3748064402668391,0.360201715624969,0.7939969109138775
36.7,0.2492492982887115,0.24989927191991482,0.24950137000136344,0.2513500597900102,3.812256247015533e-06,0.8478985140511243,0.384384651009796,0.3511914250987846,0.7731179469730594
36.8,0.24921517653483882,0.24989458534005324,0.24947864677764522,0.25141159134746277,4.167308960356664e-06,0.8584052362791926,0.35251123091896286,0.33678377722077135,0.7810813587408219
36.9,0.2491561369093198,0.24988647762943783,0.2494393303393779,0.25151805512186454,4.818927496264003e-06,0.893190314685824,0.34999656453953565,0.3823496204404383,0.7918567945311815
37.0,0.2490967997971027,0.24987831012775405,0.24939980549036667,0.25162508458477656,5.521607082115132e-06,0.9230537093688534,0.3314202053697201,0.41231473021806286,0.7582206192079046
37.1,0.24907899532427547,0.24987586851107685,0.24938795075406728,0.25165718541058035,5.741684830251614e-06,0.9213438327592341,0.2898083652294417,0.3731666436435266,0.7512353950782202
37.2,0.2490494572480474,0.24987179309200652,0.24936827000996878,0.25171047964997734,6.116495075314532e-06,0.9297373502627149,0.3078628640894931,0.38433553629396877,0.7746117427348475
37.3,0.24902842030837866,0.24986887772808025,0.24935424642605877,0.2517484555374823,6.3907678575780835e-06,0.9377345123971765,0.3561844706969998,0.4081406918756657,0.761351262710624
37.4,0.2489860809016356,0.24986303291471562,0.24932603463696687,0.2518248515466818,6.960770677411077e-06,0.9612570872862686,0.30087362515871635,0.4168112249087926,0.7683933524212804
37.5,0.24899214232493194,0.24986389068264392,0.24933008492197734,0.2518138820704469,6.877476855349229e-06,0.9566152283195423,0.29709006026352436,0.3956195594542651,0.7663139462699626
37.6,0.24900356321840666,0.24986548742077844,0.2493377058772214,0.2517932434835935,6.722078340626325e-06,0.9521666350606294,0.23733278264749524,0.35261805188263623,0.7626982464712971
37.7,0.24896312134220555,0.24985988117911265,0.24931074574944176,0.25186625172924004,7.279862223263933e-06,0.9692203298752957,0.27541212598882625,0.39880923192758977,0.7866894071907267
37.8,0.24892445242786918,0.24985451707112222,0.24928496555340846,0.2519360649476001,7.833990010031044e-06,0.9882160070992013,0.3346367664590225,0.4570530000443597,0.788436742514229
37.9,0.24889861951332526,0.2498509302270203,0.24926774118492778,0.2519827090747266,8.215519438414809e-06,0.9936618988218359,0.3152875351398943,0.4565542005996415,0.7805849749731076
38.0,0.24888840804169282,0.24984952857265472,0.24926094138164795,0.25200112200400443,8.368662339330868e-06,0.9979868452326776,0.29911001974701285,0.4575167725400197,0.8041334338956386
38.1,0.24890368817234834,0.24985165869819717,0.24927113418185645,0.25197351894759806,8.139690483854878e-06,0.9926967382697951,0.30379428011478365,0.4500288941566388,0.7910588489221237
38.2,0.24891780697475824,0.24985362412065637,0.24928055078953573,0.2519480181150497,7.930968821789897e-06,0.9864367108178056,0.24795054959393964,0.41578650493412955,0.779024969104641
38.3,0.24892107923891849,0.24985407853305372,0.2492827326441902,0.2519421095838376,7.882991808760842e-06,0.9844015014599278,0.25243609675017475,0.4189134434455256,0.7824174573654712
38.4,0.24890117256292518,0.2498513115954657,0.24926945807015347,0.2519780577714556,8.177131473718902e-06,0.9929998702062232,0.26480334096072194,0.44801574872731664,0.7860993748665666
38.5,0.24889423176817752,0.2498503493940629,0.24926483104821034,0.2519905877895492,8.280926676373923e-06,0.9932480269622231,0.2746445333362375,0.46089946001794446,0.7943348311681211
38.6,0.2488919079862605,0.24985003751883778,0.24926328750630036,0.2519947669886014,8.315716178985966e-06,0.9974437128734341,0.25077216416647524,0.46752537285440765,0.7922979579272711
38.7,0.24888905362171662,0.24984965926162636,0.24926139416481213,0.2519998929518449,8.358498138183457e-06,1.0,0.2472911699385504,0.48290084346233647,0.8254695152595503
38.8,0.248919579624239,0.24985390426344387,0.24928175123692575,0.25194476487539136,7.904614669818066e-06,0.9892530320328272,0.2720428906731889,0.4844637037908698,0.8118588447832771
38.9,0.24890296512428073,0.2498515926356111,0.24927067078222997,0.2519747714578781,8.150094564229882e-06,0.9933341343346345,0.24608949549144385,0.49551035428641593,0.8189940081441623
39.0,0.24890505347714756,0.24985188229223743,0.24927206305204405,0.251971001178571,8.11904235353822e-06,0.9912032668706132,0.29317830732273764,0.527922106995817,0.8334236702607233
39.1,0.24891493632395068,0.24985325823107962,0.2492786545659395,0.2519531508790302,7.972842064440933e-06,0.987117455835107,0.2814822880885671,0.5298546978495534,0.8312812339089275
39.2,0.24891606848888453,0.24985342632470256,0.24927941538721987,0.25195108979919295,7.956071233494733e-06,0.9875260085021633,0.24991362187240715,0.5345428500246792,0.8494261588789143
39.3,0.24892506909859186,0.24985466105752938,0.24928540849781916,0.25193486134605964,7.824401647815726e-06,0.9817719225883708,0.30750928412606426,0.5672462735749821,0.8270745131817205
39.4,0.24894247938116343,0.2498570760256395,0.24929701568861068,0.2519034289045864,7.572556328550029e-06,0.971394236553269,0.27849167906234096,0.5527687521103715,0.8349235854632128
39.5,0.24897624140777208,0.24986174857967886,0.249319518600952,0.25184249141159715,7.096004861817384e-06,0.9565825625942794,0.2737403813886217,0.5413090970500316,0.8119514531045029
39.6,0.24899756840739692,0.2498647087448527,0.249333738059404,0.25180398478834637,6.802863607546783e-06,0.9472665294438398,0.25112586358925687,0.5349580829574984,0.8389236704388485
39.7,0.24905948989997018,0.24987327422456354,0.2493750073635562,0.25169222851191014,5.9870038159326455e-06,0.9254195122073625,0.2585308769450054,0.5145933106480955,0.8235140230876068
39.8,0.24904533671482962,0.24987130567600052,0.2493655687394955,0.2517177888696744,6.168991493638032e-06,0.9271014546051818,0.24501733621957625,0.5330995668906687,0.8296694464078386
39.9,0.2490572274941326,0.24987294319326703,0.24937348972007556,0.2516963395925248,6.0160571336842494e-06,0.9215037821307327,0.26990880895350544,0.5551453780312275,0.8242965416219459
40.0,0.24912338435584494,0.24988208125061692,0.24941757458900846,0.25157695980452965,5.199959453805469e-06,0.8959544559723144,0.21653026985696247,0.5017497735888132,0.8086380519585162
40.1,0.24916650619017333,0.24988803304775112,0.24944630719843353,0.25149915356364205,4.700027752657654e-06,0.8803853524089664,0.1668262396078857,0.46988248965835,0.8099231239491741
40.2,0.24917746460473972,0.249889537214065,0.24945360439726216,0.251479393783933,4.577067641675647e-06,0.8757774207191383,0.18280716593471694,0.49036862519157454,0.807995623172594
40.3,0.24922995680175344,0.24989677169305174,0.24948857479441594,0.25138469671077884,4.010440268653603e-06,0.8552039970663001,0.15707579930009305,0.4584133848004916,0.8323710331018956
40.4,0.24938292625440112,0.2499177179314215,0.24959040929051862,0.2511089465236588,2.5732941812961485e-06,0.7882366053240115,0.08102838243839079,0.3166375427042541,0.8148108960780585
40.5,0.24933346494890674,0.24991091323650935,0.24955746466704956,0.25119815714753435,3.003474712603982e-06,0.8106468356603937,0.17252857998974996,0.4231024488214243,0.8153223929261805
40.6,0.2494823331734705,0.249931224136964,0.24965652874530148,0.2509299139442641,1.8099957849182502e-06,0.7419497728551756,0.17718642624149736,0.312982148749899,0.8042840368087413
40.7,0.2495108863855476,0.24993511426304676,0.24967552641577423,0.2508784729356314,1.6154467799012195e-06,0.731637645122042,0.15517200656533162,0.30271200919947366,0.824741369830813
40.8,0.24957595358299964,0.2499439500024048,0.24971880253889775,0.2507612938756979,1.2135144111802276e-06,0.705586272505671,0.1940603362887303,0.2884590635207841,0.8200743663896776
40.9,0.24956298244035485,0.24994216082401105,0.24971016033553795,0.2507846964000962,1.289175824314981e-06,0.7106002081135521,0.24544560301371887,0.3394080018782212,0.8218952352673186
41.0,0.2497379249555074,0.24996581786105015,0.24982646040931092,0.2504697967741316,4.6248786778058104e-07,0.6284401904706383,0.2132235335908459,0.18350536303708978,0.7960807412098497
41.1,0.24971005098389235,0.24996202965905062,0.24980791980131048,0.25051999955574655,5.664940928573614e-07,0.6420170188009628,0.26068083628449823,0.2480879432726987,0.8182084182732913
41.2,0.24974472778903448,0.2499667196224124,0.24983097298938622,0.250457579599167,4.3875856059472085e-07,0.6343047862617638,0.3095027291156941,0.2684222538834865,0.8103183887057707
41.3,0.24975811857228006,0.24996851945609438,0.24983986909108583,0.25043349288053973,3.9381825289730443e-07,0.6263379830239874,0.2795694526029868,0.25363746087075983,0.7932659783774098
41.4,0.249742051514551,0.2499663322019817,0.24982917996117085,0.2504624363222965,4.480983996080212e-07,0.6316750685518119,0.32880854639622076,0.29792192137608814,0.7911786053466734
41.5,0.24977451547992022,0.24997072265501633,0.24985076193110184,0.25040399993396173,3.420958744060343e-07,0.6188972921206177,0.29812437780778367,0.2684936489293841,0.7823457003811254
41.6,0.24976155856929655,0.24996896635004742,0.24984214604422267,0.2504273290364334,3.826998076217336e-07,0.6214340298024842,0.29212333271835145,0.2799309653807232,0.7837384311122512
41.7,0.24981889302197008,0.24997671575546918,0.2498802593717594,0.2503241318508013,2.2031182789206127e-07,0.6041649632532802,0.22907208919845468,0.22534986479201657,0.7583356014308806
41.8,0.24977913414651595,0.24997135433446951,0.24985383628600155,0.250395675233013,3.281605481797456e-07,0.6199067481615378,0.23395544950860825,0.26312163726393933,0.7844244511653488
41.9,0.24988638386316944,0.2499858117746436,0.24992510995612607,0.2502026944060608,8.626940362077562e-08,0.5753473461970973,0.16608375675821313,0.1524844712301772,0.7637761909156713
42.0,0.24982486939889956,0.24997751506199867,0.24988422760459947,0.25031338793450225,2.0596243577308826e-07,0.6024529463524292,0.20109218107498067,0.22556677274487502,0.786667228040514
42.1,0.249892918376262,0.24998668741813485,0.24992944968644487,0.25019094451915835,7.657274925243485e-08,0.5820636410105917,0.21233061310957774,0.19081538437992684,0.7500803549173087
42.2,0.24986073170102702,0.24998236088295847,0.24990806646429833,0.25024884095171623,1.2993921882920034e-07,0.5898180166396798,0.15879006271583904,0.1828634403632355,0.7755368204085743
42.3,0.24982745074953863,0.24997787734871693,0.24988595086351725,0.2503087210382271,1.99886376117675e-07,0.609883207815532,0.19950348800194442,0.23813513575385756,0.7547092829538293
42.4,0.24987182512000136,0.24998387142148912,0.24991544694350434,0.2502288565150052,1.0993855614760406e-07,0.5928350684184518,0.12016609536197344,0.16610978604517038,0.7286889157205965
42.5,0.2498120512304465,0.24997580872694705,0.2498757209547112,0.2503364190878953,2.3731791443104555e-07,0.6123366248406191,0.15082389686732645,0.21490571689294738,0.7526865906900506
42.6,0.24985797105546464,0.2499820069403186,0.249906241779869,0.25025378022434774,1.3514680063941853e-07,0.5930764574117864,0.13394154256097876,0.16560454277983844,0.7375883033544726
42.7,0.24978955369906372,0.24997277943360502,0.2498607718960086,0.25037689497132265,2.9778685317616294e-07,0.6205490064700038,0.1828232002839562,0.23602864022391568,0.7995517005966731
42.8,0.24980685458921656,0.24997510455845282,0.24987226547072905,0.2503457753816016,2.506848323369226e-07,0.616592507445015,0.25851564584874076,0.2548688979099847,0.742821958221856
42.9,0.2497903027420146,0.2499728697349114,0.24986126383907,0.25037556368400404,2.9568410719882365e-07,0.6185104058053005,0.1796854629453533,0.21359940495975646,0.7398597024043748
43.0,0.2497537554197845,0.24996793807571108,0.24983697329336801,0.2504413332111364,4.081828601787407e-07,0.6324141027038166,0.2485129466001507,0.2624688349265521,0.7971071595707347
43.1,0.2498444065461751,0.24998015207776267,0.24989721298289372,0.2502782283931685,1.6238939881674241e-07,0.5977707871470308,0.24462138429534877,0.18250841069638926,0.7297407493026405
43.2,0.24982928000601604,0.24997812336379419,0.24988716615684625,0.25030543047334347,1.9565289521850104e-07,0.6011971318410624,0.15001156573159408,0.1345633197187119,0.7622979041381781
43.3,0.24979530671212904,0.24997354147929746,0.2498645876963591,0.2503665641122143,2.8169599808336443e-07,0.6190514563025038,0.2087718225039269,0.18313246117403958,0.7724471668636657
43.4,0.24985008542631937,0.2499809384615773,0.24990099824942874,0.2502679778626746,1.5066620484560644e-07,0.5983450271206453,0.1544639249344098,0.10385785936143194,0.760437316065308
43.5,0.24978021018182764,0.24997151453146282,0.24985455954960475,0.25039371573710484,3.2492879642465056e-07,0.6311397572682599,0.16904603898793943,0.1589518157130575,0.7916255856103553
43.6,0.2497280287828373,0.24996446783976933,0.24981987511996384,0.2504876282574295,4.982201780023843e-07,0.6564748673398584,0.22619420293043888,0.2173872730616418,0.7800828211011758
43.7,0.24968644125306258,0.24995884157615877,0.24979222678159876,0.2505624903891799,6.627696496064317e-07,0.6653322815649593,0.27367230300180173,0.24103765311808775,0.817014961131172
43.8,0.24967355223755366,0.24995708781584897,0.2497836523843564,0.25058570756224097,7.185547126198344e-07,0.6719366352844732,0.3461904318108366,0.26997806635171867,0.7988760392815367
43.9,0.24977277597584507,0.24997050892764258,0.24984961713937365,0.25040709795713867,3.4736788123712614e-07,0.6298911193683082,0.21475843871602115,0.11143580812828266,0.7630590613709148
44.0,0.2496969329216608,0.24996026493468343,0.24979920398872887,0.2505435981549268,6.190360574143128e-07,0.6616369502317629,0.2159817013464956,0.15773326016771536,0.8541779110482972
44.1,0.24965206647247368,0.24995418284042295,0.24976936906599778,0.2506243816211056,8.164947427058422e-07,0.6887969040463412,0.36118747157820263,0.25627569686450286,0.8368912289386177
44.2,0.24963132700111523,0.2499513661826922,0.24975557504734097,0.2506617317688516,9.170067926111969e-07,0.6922994595024806,0.3534457266386781,0.24230734765605177,0.8147893703557054
44.3,0.24960538414510444,0.24994785237711187,0.24973832541602176,0.25070843806176196,1.050908569055764e-06,0.7012329871376054,0.3254323267878438,0.2271423393771202,0.8266687824306633
44.4,0.24957469159566123,0.24994369044836903,0.24971791506766,0.25076370288830974,1.2211178138654688e-06,0.7127739524794691,0.3662451593774328,0.2506376173143707,0.8685576848292447
44.5,0.24955441347364582,0.24994093174456272,0.24970442533457043,0.250800229447221,1.3406115125791374e-06,0.7292366863111331,0.40715742846554576,0.28029728592845604,0.8272579134230821
44.6,0.2495168341362967,0.24993583090664284,0.24967943255404101,0.25086790240301937,1.576738977715486e-06,0.7428084559514714,0.32224723655269416,0.2489389880392811,0.8267901736552684
44.7,0.24948807501489287,0.24993192436523887,0.24966030422352947,0.2509196963963387,1.7703817632996888e-06,0.7498733039460613,0.3448322217347835,0.2561363262802442,0.8631617285507771
44.8,0.2494923744915328,0.24993249464462008,0.24966315639902964,0.25091197446481733,1.7407856724993565e-06,0.7418941748147961,0.4549049800455267,0.27439287749148616,0.8819246867192447
44.9,0.2494904021511922,0.24993221421969097,0.249661837711209,0.25091554591790777,1.7544220638487928e-06,0.7513127034385475,0.457997867847312,0.2741917095693229,0.8358980858703173
45.0,0.24947826399196368,0.24993056316859413,0.24965376312709403,0.2509374097123481,1.8391454772448412e-06,0.751385906938032,0.3861148394304898,0.22488723661543825,0.8497017777963423
45.1,0.2494626853785734,0.24992843272781828,0.24964339366347393,0.25096548823013437,1.9508661188716303e-06,0.7551361888677699,0.47110343886106704,0.2567530544394872,0.8891294849066954
45.2,0.24946721271840983,0.24992903522991425,0.24964639808111508,0.2509573539705609,1.9181429484760315e-06,0.7581691855367416,0.5353566233783842,0.27324946370445935,0.8603798767720078
45.3,0.24945628804346598,0.249927543390039,0.24963912754120243,0.25097704102529256,1.9977717299335396e-06,0.7610599938687516,0.47918047390850443,0.23769256116441734,0.8556708000389901
45.4,0.24944341966963757,0.24992578763233037,0.24963056426624433,0.25100022843178776,2.0936357300049835e-06,0.7657525955565864,0.46771793605424705,0.22659027741350568,0.8537614609987986
45.5,0.24943600417665923,0.24992477419208733,0.24962562871488103,0.25101359291637243,2.149906433879245e-06,0.7668528813586908,0.48975086022454684,0.226535239057997,0.87174151724137
45.6,0.24941398581909813,0.24992176304987743,0.24961097279494532,0.2510532783360791,2.3213925107734568e-06,0.7828782520674836,0.5468726476649723,0.2687376735342633,0.8605137248684809
45.7,0.24940188242524575,0.24992010736398593,0.24960291623970096,0.25107509397106736,2.41846055559769e-06,0.7859287079045235,0.5285425712149541,0.25257709726852823,0.8484738992340983
45.8,0.2493897773468003,0.24991845048215403,0.24959485803196876,0.2510969141390769,2.5175346370920337e-06,0.789184844976075,0.5042527187021487,0.23446914994143445,0.8278816579524373
45.9,0.2493129793434123,0.24990796241033048,0.2495437474721116,0.25123531077414557,3.1922273460160966e-06,0.8367801644314253,0.40097743304214956,0.2659209360415854,0.8140212424908828
46.0,0.249268671425338,0.24990190229123893,0.24951425473452268,0.2513151715489003,3.6179086519982917e-06,0.8429234659658651,0.44307937758890154,0.2892023805608305,0.8481632374424908
46.1,0.24925002440537805,0.2498993430891613,0.24950183789832234,0.25134879460713827,3.805074707319278e-06,0.852544339321507,0.49881945625366814,0.3213993762522359,0.8211201518234356
46.2,0.2492409236653664,0.24989809079971742,0.24949577603937828,0.2513652094955379,3.898157391657442e-06,0.8479503245556669,0.47186065829565027,0.2916531814522842,0.8163432560052363
46.3,0.24923733632447398,0.24989759726599683,0.2494933866190454,0.25137167979048375,3.93515693686286e-06,0.8475544880774029,0.4475775197088924,0.272688361663459,0.80713129707543
46.4,0.249130352032885,0.24988289961235716,0.24942213908254277,0.251564609272215,5.1186462574071e-06,0.9212968841949506,0.3431577658590319,0.3570640875165724,0.776504202551393
46.5,0.24907743168573995,0.2498756262506421,0.2493868944318451,0.2516600476317728,5.761460242337257e-06,0.9260611193363232,0.33897364030248706,0.3588336976375335,0.792503438551183
46.6,0.24905838845465528,0.24987300921465705,0.24937421189177272,0.251694390438915,6.002061752496957e-06,0.9287267447453063,0.3653209934632243,0.3713199580821097,0.7925857775239649
46.7,0.24903299552753916,0.24986950354298448,0.2493572918126912,0.25174020911678513,6.330681805222227e-06,0.9390258969998887,0.37037786538479023,0.3887126751884607,0.7832854422066478
46.8,0.2490096141351512,0.24986627571771453,0.2493417121628562,0.2517823979842781,6.641003503893295e-06,0.9479134025899754,0.3290330912042305,0.3835380265665566,0.7681602405110594
46.9,0.2489981465534761,0.24986469951690937,0.2493340747680874,0.25180307916152717,6.795848235152668e-06,0.9486082886711573,0.3316660161761129,0.38530164064479144,0.7929938336196302
47.0,0.24899422066005186,0.24986416373289216,0.24933146221418195,0.2518101533928741,6.849232098260494e-06,0.955175063897904,0.3554509544001143,0.40841716776523257,0.7924573452798086
47.1,0.24897151965536815,0.24986102057345155,0.24931633088516272,0.2518511288860176,7.162444924713185e-06,0.967605000718459,0.3759232874589973,0.43922223769681584,0.7862537226426
47.2,0.24898110720653058,0.24986236114540508,0.2493227285639008,0.25183380308416353,7.029183845874698e-06,0.9595906641371268,0.3239262367745465,0.39984617601905154,0.7810852090206937
47.3,0.2490251666548401,0.24986847753608676,0.24935210501838256,0.2517542507906905,6.4332589280180486e-06,0.9421055964939883,0.23297979253059597,0.3264251436792047,0.7685785976847167
47.4,0.24902735833867898,0.24986879632725637,0.249353574223103,0.2517502711109616,6.404170340257309e-06,0.9474859281415238,0.19808884549177147,0.32328057441362673,0.7706398758259089
47.5,0.24900430497349924,0.24986559549188983,0.24933820320017852,0.25179189633443233,6.71200608604039e-06,0.9549791090878318,0.23277967859419252,0.35761656516239315,0.7612611726990942
47.6,0.24896480950048328,0.24986010747731172,0.24931186693329024,0.2518632160889147,7.25621013664135e-06,0.9662237189651779,0.2895469894122686,0.40889586405993517,0.769387744576437
47.7,0.2489545900918894,0.24985868594346156,0.2493050516339996,0.25188167233064945,7.400486732089817e-06,0.9666098121140605,0.3054597120341224,0.42139359631588313,0.7668196080080504
47.8,0.2489482673972402,0.24985780801626128,0.24930083589676852,0.2518930886897299,7.490444592250789e-06,0.9671697859804843,0.31540131033017826,0.4314185965483118,0.7723955013585512
47.9,0.24893901867133766,0.24985653505168745,0.24929467530327418,0.2519097709737007,7.622898497428032e-06,0.971798502729174,0.3128627685814605,0.44374896790874485,0.7933311990346564
48.0,0.24893249769769873,0.24985563777219705,0.24929033180718588,0.2519215327229183,7.716981745065077e-06,0.9770516992174024,0.31085010357434073,0.4582177349520726,0.7932398412267142
48.1,0.24893384609121916,0.2498558303471619,0.24929123377661203,0.2519190897850069,7.697409424856083e-06,0.976316997686969,0.31808668011185454,0.46638421046047546,0.7997432967803297
48.2,0.24893645228403075,0.24985619668798667,0.2492929739161647,0.25191437711181786,7.659709006624382e-06,0.9751513536311086,0.33103111107267025,0.4759135633312242,0.813212438537787
48.3,0.24892878254717865,0.24985513573188917,0.24928786219631516,0.251928219524617,7.770748386648485e-06,0.9803364464023243,0.3308633019355427,0.4917754237271797,0.8142248356124892
48.4,0.24891835736820137,0.2498536912801785,0.2492809127622122,0.2519470385894079,7.922983226493763e-06,0.9835471659777022,0.32299410166742065,0.5009803234453601,0.81510070334338
48.5,0.2489183217819197,0.2498536882723989,0.24928089009253673,0.2519470998531447,7.923485756844428e-06,0.9846075585155648,0.29507005469754927,0.49735573817057194,0.793493557980739
48.6,0.24891711704056727,0.24985352786096945,0.24928009055477812,0.25194926454368516,7.941107289299865e-06,0.9819099822002977,0.2981578895516838,0.5008850921214726,0.816280295267867
48.7,0.24891970641311223,0.24985389097622965,0.24928181900062052,0.2519445836100376,7.90307038223137e-06,0.982350779951565,0.30254790235865897,0.5113806115788306,0.8169416823524217
48.8,0.24892581920378323,0.24985474002762226,0.24928589493716444,0.25193354583143,7.813720193872165e-06,0.9798968109512425,0.31295909035454267,0.5189574767984024,0.8189357429565963
48.9,0.24892387117113585,0.24985447693438811,0.24928460008135528,0.25193705181312076,7.842063488583406e-06,0.9818038366225024,0.31883071272080654,0.531827969852471,0.8381150833520274
49.0,0.24893734565435718,0.24985633842570826,0.24929357922197443,0.25191273669796016,7.646645089787185e-06,0.976752583234038,0.305710300793906,0.5230075091927676,0.8002249294751994
49.1,0.24893905475932623,0.24985656527045463,0.24929471310127962,0.25190966686893945,7.622126777184768e-06,0.9698316342569383,0.3136543846601408,0.5204139368593932,0.8049174738168173
49.2,0.2489448688499134,0.2498573716024131,0.24929858919765757,0.2518991703500159,7.5386696091195304e-06,0.9670189984435404,0.29530289503948415,0.5134175888153127,0.8050515752594144
49.3,0.24894649735055988,0.24985760238632732,0.249299677559101,0.25189622270401185,7.515326898799302e-06,0.9671484884372981,0.2883726585119127,0.5168098327718668,0.8137628208667202
49.4,0.24895409693251266,0.2498586552736556,0.249304743415697,0.25188250437813475,7.407110883317358e-06,0.9650118777243345,0.2819914777750238,0.5159291931440463,0.7997918448725848
49.5,0.24895774553538733,0.24985916536288816,0.2493071780616775,0.25187591104004703,7.355389111562971e-06,0.9642355707802374,0.2732434261494444,0.5160029360204936,0.8030419279903078
49.6,0.24897775158586463,0.2498619586748191,0.24932052573915472,0.2518397640001615,7.075039628712254e-06,0.9589506476039082,0.2393367239156394,0.49557734277367094,0.8213094167067909
49.7,0.24902098509368084,0.24986796138941705,0.24934935204669736,0.2517617014702047,6.488090390166512e-06,0.9477870963337195,0.18096247882537916,0.45233392460386246,0.804886205962985
49.8,0.2490578313722447,0.24987307747862222,0.24937391972871836,0.25169517142041475,6.00788811422337e-06,0.9381549239711123,0.13313113426856418,0.41705470542152273,0.8111933137706034
49.9,0.24910679135854044,0.24987984183914497,0.2494065460443566,0.25160682075795804,5.398625612329511e-06,0.923531820290144,0.08815172183984207,0.37341011039300487,0.7742635312807419
